ROA_global,Margen_operativo,Endeudamiento,Liquidez,CashFlow,Bankrupt?
0.40024449197081197,0.8682219033117473,0.17301469286511606,2.425630823255021,0.5388488202936127,1
0.5064116950273153,0.8685422983837494,0.15584157322920597,5.436089998510522,0.555734115566417,1
0.465795038448558,0.867882748069043,0.17298400514179313,9.60662945031961,0.5468363751244497,1
0.43628066781348335,0.8682107710234369,0.14758611957843307,3.924336227480799,0.5438874267157651,1
0.5085840445043187,0.8685476441869673,0.13005748154484792,5.614691284342098,0.5517513033764491,1
0.40766358672053365,0.8681439512792698,0.15990924647225024,2.1208290341692235,0.5727197293384126,1
0.4242617998321217,0.8683218134113483,0.1776823898500417,4.747344912476871,0.5496191738612269,0
0.5461199875561261,0.8686064291404957,0.13069585336544629,9.296236122069336,0.570199221760665,0
0.5256469172602647,0.8685707972956953,0.11242639712288416,13.66301280664548,0.562022387522978,0
0.5298547263028021,0.8685748627757389,0.13567816784443787,10.28031541677754,0.5826511123156833,0
0.52940500846672,0.8686577126212996,0.12895516622285935,5.037765919581974,0.5590250541379874,0
0.4976912289843523,0.8686024387921734,0.12552343538110602,7.479157020139374,0.562394240429794,0
0.528704307293395,0.8686060385106161,0.14483672911574372,5.816042752124695,0.5584796371939187,0
0.5103461502493527,0.8685448650985134,0.13008078139881316,8.965293754814073,0.5734312895166523,0
0.550789820302097,0.8686744176476217,0.12376342291484117,17.28383215104114,0.5620397533484214,0
0.5478874132556589,0.8686663883410121,0.1272689913288446,10.059000130997484,0.5732884356624797,0
0.5298110114931154,0.8688782748006819,0.1133988490628552,5.744082198809691,0.556244520803811,0
0.5691036167711191,0.8687226101337208,0.1197463724488106,13.893969142411434,0.5662695724555893,0
0.5408403031036872,0.868578226968541,0.1435101756236494,6.397521459024277,0.57494596764004,0
0.521588554747168,0.8686085461261257,0.1192927960633705,11.621058067182362,0.5662030946831457,0
0.5218304450526466,0.8686643208461017,0.12625450144413378,26.594674549812506,0.5595854983310394,0
0.5406917668437047,0.8686222357009487,0.12789032299619155,15.460545996279569,0.5918480220038096,0
0.5482411867031279,0.8686233814398993,0.14557892857031698,6.795338894939616,0.5784536400601951,0
0.5278130136307496,0.868596257153757,0.16573507372840302,5.42101920952761,0.5711881432062647,0
0.541316977231831,0.868591033814292,0.16644433911274156,5.451529029109298,0.5704001316103807,0
0.48138942202030566,0.8683213267652029,0.14567585966585253,5.6444580814136565,0.56377212556361,0
0.550501481454131,0.8686714259481333,0.12465895341237072,5.7025804380174865,0.5741909803543637,0
0.577649149227192,0.8687105959957253,0.1043592738671673,18.850186442784597,0.5936409111410322,0
0.538454178991465,0.8686284470321143,0.12374065981267483,12.670488681738723,0.568518335686194,0
0.4500482386649643,0.8684631009694218,0.17971987833692138,3.9652656482177386,0.543583178570551,1
0.5042187511648444,0.86847401382055,0.18554023510049067,1.9726683965688658,0.5464609111067976,1
0.5167524291146943,0.8685671568259355,0.1733658018967956,3.4406459549262167,0.5633427939049324,0
0.545468394754835,0.8685993371292363,0.1339774835503613,8.52580972701414,0.5625996204242764,0
0.5238767664824583,0.8685656063832586,0.11378137503002948,11.509303123132337,0.5578903835407479,0
0.5312897421205237,0.868568582818083,0.13676209822259655,10.212464176825959,0.5632605840479443,0
0.5215781546387304,0.8686456507527867,0.13618980048098422,5.686168813023901,0.5600916254213893,0
0.49879494689971066,0.868477539161351,0.14269375942008078,5.117327500910138,0.5638847954779557,0
0.5165160711450493,0.8685795009208891,0.14585887568313247,8.283914627909892,0.5568932020404797,0
0.517130757744116,0.8685596931516341,0.1258942474526004,16.49161338179093,0.5583247530196189,0
0.5261317756063594,0.8685669477311347,0.12024540944447266,16.218744709461657,0.5664718806683073,0
0.5428939205150863,0.8686968959082613,0.1347518356332713,7.5756283154894914,0.5707143545378967,0
0.5311204099442061,0.8688884946857819,0.1162047298510232,5.165443977256965,0.5576846799775893,0
0.545717807118598,0.8686695009737694,0.12265774135235936,10.224201926817202,0.5729401643205523,0
0.558446672233419,0.8686119070092603,0.14217758518844895,5.22463091177893,0.5746971022024676,0
0.5383973007253741,0.868636105999828,0.12432249108179395,9.359186015432384,0.569913599835196,0
0.525637850907432,0.8686916829771533,0.12546726471892505,20.704479795744103,0.5600170395326353,0
0.5371609143363913,0.868625834412077,0.12749475497637613,16.99040084433875,0.5708244437682369,0
0.552927288786962,0.8686492381516806,0.14375052554421228,6.707674550522579,0.5835834564412203,0
0.5278946586284944,0.868597548198141,0.1696864119157323,5.604543302504407,0.5348307917209317,0
0.538183499972396,0.8685923367874316,0.16182504460872102,5.37287136666825,0.5645094139051534,0
0.5064233860506624,0.8685060865022797,0.14870982738794114,3.6662671945054486,0.5610840703633934,0
0.5511469483565743,0.8686851166521933,0.12449099285060228,5.179520802312846,0.5793531104431616,0
0.551654149612523,0.8686609248065263,0.1099971408332185,13.796831838170341,0.5731643752468464,0
0.537852505696873,0.8686373818013543,0.1253438020496003,9.122444728340094,0.5676685168237893,0
0.49173216002852765,0.868354554073473,0.1744985818148187,2.730546542895077,0.5578404657783033,1
0.509318628094609,0.8685388912329177,0.19002969939552464,2.9043981219112207,0.5556407476879057,1
0.059646332274392,0.8681068899428156,0.21024469296563333,4.640871627940997,0.5537510625792753,1
0.44247036600442596,0.8683832595660638,0.1808281961458433,3.0105305651023837,0.5382555016562792,1
0.5209939118361949,0.8685691506780223,0.17057301033467573,4.30336244307168,0.5592673625747949,0
0.5263371775059696,0.8685785762276307,0.14359364143258707,6.011496606999233,0.561959431184487,0
0.5125690777493883,0.8685554624859367,0.10633411522207564,18.641878368524022,0.5629406033929657,0
0.5181684866279256,0.868542022282352,0.1361091833013768,14.01308350445143,0.5721153998982866,0
0.5110566924449803,0.8685971555043289,0.13373546268816577,6.23832802091434,0.561078265364737,0
0.5251125478339497,0.8686079608896414,0.14784543228371474,6.202912613331207,0.5587594895597551,0
0.5020100277718403,0.8685342791219964,0.15043144177674364,5.749003166870006,0.5486722075160267,0
0.5150757289973287,0.8685658825845444,0.12782301506393062,17.141203412051468,0.5669641721374686,0
0.5053259501795314,0.8684791593161894,0.12234625814880218,9.592556101718241,0.5630073441192286,0
0.536325954173075,0.8686394984370174,0.13263017488219356,11.53939510370388,0.5659861827642277,0
0.5181686738394207,0.8687105492080747,0.11489801742615434,6.859992140329232,0.54761698169869,0
0.5303209788588383,0.8686011616563517,0.1429812577794822,11.076120049251584,0.5689979406413873,0
0.5740639281563487,0.868626138878339,0.12866054424574164,7.124931663149834,0.5761564304947646,0
0.550958587436723,0.8686692703585693,0.12097712439574397,10.049268896861477,0.5757136867499849,0
0.5243242837866843,0.8686756356741029,0.1270544407963057,16.55207553871766,0.5681150959689767,0
0.562451900478751,0.868657834580674,0.12544454435488736,21.253558298613914,0.5760720375679903,0
0.555933274278818,0.8686496574872313,0.1386706333634622,6.188848089127927,0.5803838202900701,0
0.5242341842607899,0.8685846048966473,0.16748599487774837,7.256717962402665,0.5449693174828857,0
0.545410914387487,0.8686099956658824,0.16064204734017534,4.825589250765469,0.5591465188063106,0
0.5216797316214543,0.8685785906669783,0.14971813607889714,3.181341455354893,0.5557915088852113,0
0.5683467948333487,0.8687392109179557,0.1236516788859397,7.822359282991501,0.578586966241597,0
0.5521066945065664,0.868650916014559,0.10577274169541122,28.120318934220343,0.6140639524322273,0
0.5404624475005156,0.8686700365767157,0.11723911534125343,14.220305199610905,0.5693613274941247,0
0.469197275148249,0.8684691445449496,0.1620168996413873,6.540813821157598,0.5175769894327841,1
0.5007711164426446,0.8684803989181663,0.1687496007429281,5.659118644507947,0.574001813527345,0
0.518763613827307,0.8685595239357736,0.14254856695510001,6.4019052750367775,0.568060113059047,0
0.5124221141557953,0.8685586077436845,0.10886826113329325,20.478604378471356,0.572780348785532,0
0.5030558589351343,0.8685401238270191,0.1457854172899241,8.140421683718488,0.5498152968420953,0
0.5271066558751006,0.8686067895850694,0.1391293575748952,5.803130952844939,0.562668831605399,0
0.5172363631424196,0.8685765214591693,0.1509696989966466,3.8838245043296453,0.560018626508927,0
0.5051398146031314,0.8685498944673938,0.15156388884700533,7.952985289046976,0.557813588699759,0
0.50666332698304,0.8685428975726514,0.13240085115561748,16.383730216307168,0.5709269137243863,0
0.5067244327670687,0.8684820584437514,0.12461386067584117,9.102405422291021,0.5589065492576107,0
0.554817124914953,0.8686894421744307,0.12918187138333873,10.902324525117558,0.578144554203783,0
0.5432342042839043,0.8688852276400517,0.11266600560047392,7.291360216150455,0.563159751176038,0
0.5245956600995071,0.868580168338581,0.13721647334527737,9.156612908366329,0.5805680952238457,0
0.5477054491356683,0.8685822381864919,0.1316323182432007,8.883381805594476,0.5942323249026423,0
0.565279297293727,0.8686964693735124,0.12501794541561317,7.949697046797443,0.5764729527262903,0
0.510356276075654,0.868591572085666,0.1085536297109612,18.50977136229784,0.5660895951713457,0
0.537020934139359,0.868609640834444,0.1244343263913321,19.668373025263843,0.531556382934512,0
0.556742011047746,0.8686814938576767,0.13548206702455765,6.808569654666935,0.6002798862016604,0
0.5226810386827877,0.8685804470735841,0.16707028353897468,8.148002350801722,0.5608928910928876,0
0.545961912985959,0.8686071017210137,0.1515121002517851,5.751793896990917,0.5614995718732586,0
0.523539117016241,0.8686045166249113,0.1508193420919874,3.7457370605717397,0.551409178057833,0
0.5681051322346387,0.8687187805466313,0.11685430229022557,9.87378628107554,0.5770491201716944,0
0.5371104038161667,0.8686269709924485,0.12468108147848922,22.642428491566292,0.5699070883964271,0
0.5321372926348387,0.8686483514537797,0.12072189641576876,12.971497891736696,0.5516611835236637,0
0.5406490964774596,0.8686150053121106,0.16513092250730277,4.979732757393036,0.5643584775244274,1
0.5104777483408988,0.8685696697527027,0.16734934450481878,3.3154560375042164,0.5574716049941503,1
0.5462881304686183,0.868783525600961,0.1408326495074007,6.1681052157232665,0.5633973560419876,0
0.5678108626681374,0.868743643672226,0.1396952265062182,6.2715770356491065,0.57064036069548,0
0.49245207620896236,0.8685015560224546,0.12526492323836966,6.783287217725808,0.5433374965299029,0
0.48026045818386337,0.8684468642027876,0.14618822905866144,4.913017514183426,0.5548654315790017,0
0.5373061882206823,0.8685895313724233,0.13340033239892476,9.319532357829457,0.5614894322563347,0
0.4952819192288243,0.8685075862497059,0.10125177582334098,27.05023260366773,0.5649578716564873,0
0.515713425560826,0.8685596899954531,0.10881333561061156,20.129902047714683,0.5730271895092347,0
0.5732659291297446,0.8686961822313104,0.11435052360431978,9.561773271087507,0.5777508001775287,0
0.5292426516564467,0.8685700223703323,0.11336553331255056,12.321970456698487,0.535016579585737,0
0.5325498520410433,0.86866650933101,0.1436175734898508,9.378848559744123,0.572481456483274,0
0.5222190466077813,0.8686100567252005,0.13166768141801585,10.379518959133621,0.5385392332878753,0
0.522137822696176,0.8685990213335564,0.12925024373897026,9.788494182348098,0.5726075416862093,0
0.4083294642030173,0.8680945278256905,0.14219122822171396,3.0691640001084397,0.5370160456890577,0
0.514359707146272,0.8685468448579376,0.14849864726896433,5.616023581719757,0.573098630557897,0
0.487139260324473,0.8684792385945527,0.13350455968345623,8.208797500809114,0.56694321764294,0
0.546716154129612,0.8686032512008377,0.11912651286778682,13.273053470485662,0.5739697990509524,0
0.528541582875825,0.8687203701206331,0.12484966950834757,14.632345362786804,0.648059102816108,0
0.551805174971534,0.8690078977059317,0.12340538166569932,81.03727557076769,0.5272053572302023,0
0.5542447404804643,0.8687212406082102,0.142608462141235,4.538448723579886,0.5611725632173227,0
0.5704359187569307,0.8688030050645746,0.1368549377427536,4.823413107775668,0.5532511706791213,0
0.569082137643139,0.8686683676502517,0.12135497650526056,14.896722869762257,0.60640855587798,0
0.5590891896987463,0.8686252139243194,0.1449337452290066,7.866278512733431,0.5629996046776643,0
0.5417839842369943,0.8686820279692054,0.1227027866816849,14.877186991736245,0.563907274633499,0
0.5697076691213373,0.8686759746104684,0.1318959223844103,10.63024405610414,0.5643740805597067,0
0.507134697904566,0.8685432935390806,0.130410733860608,7.0360801345873965,0.5487319091168373,0
0.5041863704472483,0.8684838277689607,0.15195602430176328,4.113939042722163,0.558095303146175,1
0.558801455231064,0.868767049302393,0.13524972430693533,10.418079687991973,0.570065885752865,0
0.5475501889056599,0.868710150999139,0.1394829423524009,10.741468538007872,0.565712022152889,0
0.5167180139998139,0.8686082496146094,0.12333916705304858,16.664089563993702,0.5533539289345343,0
0.5078877431466843,0.8685505554687696,0.14746340487521123,11.661010180567018,0.5599732137667817,0
0.5457136805742867,0.8686293524971139,0.14477651947030992,14.71766511972923,0.5828246550919,0
0.5279678819448964,0.8686494713982803,0.11409833275600413,13.786492077821855,0.5591199484007,0
0.5056601937261966,0.8685362498352737,0.1312101696698866,16.22331308384898,0.5546868444550167,0
0.5322108974615237,0.86862844200107,0.12461431645071301,6.94354334324409,0.5647799992055766,0
0.5885865737855187,0.8686579154290307,0.11613895785474121,18.06263623982955,0.5692808229929057,0
0.4903875060413287,0.8684598839138991,0.17001779873854495,5.839701454604332,0.5652204228477367,0
0.5282539118808733,0.8686706218551167,0.1198904634832071,24.029282962114387,0.5583001489729124,0
0.5287712941930184,0.8686209769929037,0.12307008536047519,17.848710026567574,0.5548193375075741,0
0.5163954286878304,0.8685350093474504,0.1299329753968558,3.277805545314502,0.5565266171518803,0
0.5823185709971953,0.868754563005233,0.13165606360580406,7.414276687019225,0.5858756777705993,0
0.5213298016902943,0.8685788953554053,0.13574847280237065,10.807260631046752,0.5814979931261903,0
0.5534966986109376,0.868628258897568,0.12846787317866995,16.621740006319456,0.5689081651836454,0
0.5188827130256789,0.868599700457902,0.1190379393784315,16.202006034757318,0.5774021166449103,0
0.5229319576325784,0.8685914198678727,0.12444581755653839,61.12567432502482,0.5636315668737867,0
0.5651772434919383,0.8687596419048743,0.1361562981837187,11.358752959711406,0.5743084873412764,0
0.5228436925450293,0.8685924118504368,0.13070680235143992,7.686638568482001,0.5651205959039532,0
0.5584761269658843,0.8686597301831886,0.12213425262569076,9.929511035870773,0.5686782918091666,0
0.5529114029761993,0.8686361584738286,0.13281349482511737,10.650328592699507,0.556796888872724,0
0.5556618942894661,0.868724919309559,0.1240098133269965,11.025414567703164,0.562055654837386,0
0.5627223196845383,0.8686597548472239,0.1352845598851303,12.446243956412404,0.5626523400265134,0
0.520284336233764,0.8685717014308344,0.12940866031822182,7.366997292459196,0.548484748235971,0
0.4959036056187844,0.8685138621532461,0.16417366184472756,6.04859286662872,0.527542451008081,1
0.585450238958484,0.8688261680205516,0.12854625062210714,13.6229184240318,0.5767094931846083,0
0.5725750563440073,0.8687936797225007,0.13337805957825452,10.096470570735988,0.569963290887678,0
0.5157879025285057,0.8686370845223023,0.1286600801886628,21.125564959467106,0.5934333142838609,0
0.4797692959181803,0.8684939639924713,0.1472542695772617,16.78366615671133,0.5809061294750176,0
0.5453720087393864,0.8686326294256356,0.13484394209766853,11.881024097337749,0.586869688333052,0
0.5384387567789336,0.8686502156557023,0.1058807642800087,25.261631249669247,0.5790606570046349,0
0.5183207012507617,0.8685606067086727,0.1378711209252866,30.341677731182166,0.5643461461425396,0
0.4975168924625793,0.8685304450518564,0.12748350775597334,7.2434311165887,0.568885020656983,0
0.5619592255469471,0.8686054430001401,0.11466843274573707,19.432235689627497,0.602307714511069,0
0.5299240425720223,0.8685690942777704,0.14750040937306813,6.073335394009027,0.5633365657639227,0
0.5340870463519324,0.8686827086884684,0.11604039401669074,13.187082072607963,0.5641768556527983,0
0.5367610039171476,0.8686481927626887,0.12065561655070063,19.95751270288348,0.5724498803778327,0
0.4924169838130483,0.868403673497236,0.1214106864369134,3.8186199372603813,0.5630149247769229,0
0.5603747923700627,0.8687351372309448,0.1293751928384119,7.543368476645552,0.566684008045427,0
0.5671640645927754,0.8686448143781593,0.11872896313729303,9.774046314859072,0.5766840823410556,0
0.5428157933191297,0.8685725408510866,0.13912981239522967,7.804232135463826,0.57239939202153,0
0.5221477555298529,0.868594291282038,0.1193923770035626,15.292019326832477,0.6034033535905853,0
0.5377319367312167,0.8686170569479094,0.10340053265394678,21.251085282842656,0.5732844606816733,0
0.5966880655866728,0.8688097372359443,0.1266365861007039,9.507992896480978,0.5751351377834254,0
0.5243204701809486,0.8686224988878943,0.1304451171293642,6.526231614337663,0.5667987835377281,0
0.559776207402358,0.8686445430307881,0.11483233598082833,11.382885883842762,0.562254721021403,0
0.528967468022049,0.868608969380274,0.14481441450707247,6.908443593421954,0.562994243000276,0
0.5533886067497386,0.8686773381845323,0.11962492115644478,9.451167135579658,0.571585446568223,0
0.5564407018190877,0.8686414883867001,0.13834128598481668,10.216711818469035,0.5788494165421799,0
0.5378226859397963,0.8686006873381701,0.13560878009292734,7.940733117773292,0.565006335822217,0
0.49138693547007195,0.868400157629579,0.15311422879128134,5.264961577894349,0.5565954877233964,1
0.511742081420674,0.8685881756216922,0.15753707568541514,4.522670870761468,0.5549403895478453,1
0.5010262241614559,0.868385251116496,0.16974611534645143,4.105149381999238,0.5522394453807701,1
0.5322801804971903,0.8686558187768197,0.14031055412263635,5.017947160753583,0.5607237238899867,0
0.5118117414003174,0.8685107414622437,0.13412678642061773,5.00990642888214,0.556613116059096,0
0.5145225069227414,0.86852938868638,0.10653955929541693,20.98927512594864,0.550007941074809,0
0.492395797345157,0.8683739428514906,0.13934050744336987,2.8384371721030286,0.5491407315948184,0
0.467507144761687,0.8682423258000953,0.13762643418458267,6.727560630454331,0.5481502314070233,0
0.5110960264990824,0.8685772414624701,0.1195142445820649,4.352613018656767,0.5547629799090074,0
0.476472152696839,0.8682525607621954,0.11486575042320935,10.344779991735898,0.550595500755248,0
0.5139190188442794,0.8687499498896196,0.13424333007531378,3.1335093392607014,0.550627870984455,0
0.5240912086171423,0.8685664149850346,0.12663758692942156,10.371568628916478,0.535835224012658,0
0.5499358389559307,0.8687030506247657,0.13570198029137623,5.597364430899526,0.5664357891438443,0
0.517107851123679,0.8685429421730654,0.13835233695416596,6.544077487233288,0.5734776323032127,0
0.5041931589838483,0.8685055156488689,0.1122187015018033,7.942593204665364,0.5608567500250263,0
0.5330605107117664,0.8686357996334734,0.12393081117987953,8.021144053910394,0.5558391166339899,0
0.5374961794071836,0.8685965576648016,0.1287618944963009,8.60699850010257,0.5453735919365367,0
0.5063965254541279,0.8685445782861194,0.14212981320768825,4.920876933468851,0.5638070101571667,0
0.5348301579287386,0.8686323581812058,0.12404332996656714,4.559434590676631,0.5328666575477069,0
0.6226593545370886,0.8688906839162946,0.11985663964807795,12.895398351795915,0.567448012184534,0
0.5131448916385016,0.8685660106000169,0.11580931079037034,8.524387020317489,0.5600109042808614,0
0.4884863560415913,0.868470071815123,0.1286940478943495,6.839810738954947,0.5318126286813113,0
0.5071969064725926,0.8685202955466179,0.14041708749578743,6.527931594347337,0.5651380484969136,0
0.5277506093711274,0.8686448820629599,0.13039904865102628,5.552963908219629,0.5421920479698777,0
0.47678178331536497,0.8683831698037113,0.1506812644914748,3.5461866175225687,0.5554250941727757,0
0.5231748170225997,0.8685575710357941,0.1351564088564048,7.093973808898828,0.558494278539265,0
0.5594939790946091,0.8687181590639783,0.1155131241338588,6.583450277255089,0.5896339971704484,0
0.550284607346151,0.8686636920213063,0.10758945611532385,21.760590926338658,0.4709349564958996,0
0.5344120636372119,0.8685940535953797,0.1487971442465925,8.895710101457233,0.5499455199099387,0
0.5516302828906744,0.868675306888692,0.12011246377939193,9.168679673314667,0.5785044574427983,0
0.5284804650561453,0.8687032195798247,0.10579404247999313,6.841232490580604,0.5620643764948029,0
0.561563110085025,0.8686806822620766,0.12165529300240263,5.466038845024909,0.568717071007435,0
0.5270386207973637,0.8686566012998668,0.09947149738594317,27.718445168020672,0.516192850238784,0
0.5791613805821614,0.8686777844981294,0.12330476595230595,8.057372985793906,0.5653654097853936,0
0.5731153370669507,0.8686452608044557,0.14406389329838798,8.353063066761287,0.5588825277904393,0
0.5380477730824569,0.8685963723546896,0.16538579506799558,4.0484171896778705,0.5442020447491746,0
0.5618871362894208,0.868614273355484,0.1432691553778261,5.667192706942744,0.561552088120627,0
0.525938100720763,0.8685602791344422,0.1941242018009254,5.727890168142139,0.5548774060561804,0
0.539413888855384,0.8686180811779997,0.14091578072358255,4.7567665398217684,0.5655926663966944,0
0.540014555743659,0.8685947784155438,0.12169945930678754,13.4855701296673,0.5527241808142951,0
0.5075368107811427,0.8685190338836369,0.14074950488581517,5.890552917329927,0.5579234755762074,0
0.5588601470080593,0.868679989973947,0.14475217252895378,6.906624546519795,0.5646848117796109,0
0.58129945407132,0.868648195628711,0.13123282937563,11.749615705040965,0.5484323409707746,0
0.567216761059716,0.8686694354663457,0.1165788591847331,13.814574050025898,0.5941992093516357,0
0.5245466906753874,0.8685780872699717,0.16314476633814332,3.399609468765243,0.5554689473606037,0
0.5550364427364726,0.8686466147134967,0.12922797417651202,11.020581194893806,0.580675619703905,0
0.480500930366762,0.8683784127039457,0.16054631004564296,2.2494365201386963,0.5619804578647527,1
0.4862658348419803,0.8683506899366287,0.1645130695918965,3.146648729796971,0.5535869913606031,1
0.37517255440867164,0.8674708568429604,0.1692913207391841,2.68371013573388,0.5429052843884943,1
0.5118700505399887,0.868584568747972,0.1398498481866178,4.03453927065385,0.5500226059473924,1
0.46644061305367696,0.8682711167129696,0.16761918435089854,2.012676265415389,0.5692463154968603,1
0.39047918116284736,0.8682114989677242,0.1689725809156489,3.479832305505254,0.5552342163527487,1
0.47400168050493896,0.8682466022961397,0.1579225420341649,4.143541457387184,0.5604677678155713,1
0.51927748450554,0.8685472715918271,0.1490691519006556,6.021857468574611,0.5732379005176866,0
0.49967503365299065,0.8684618783323387,0.14235748557717467,4.0287153235731425,0.565098798767751,0
0.47148179183094635,0.8682813156004494,0.1071126335820196,16.75660733457401,0.5641368379182631,0
0.49080823659413236,0.8683887104402577,0.1475607418980626,3.5658521107634678,0.561179803767985,0
0.48959547051367297,0.868343220608819,0.16629960443392056,2.4876896151169934,0.5573478739547504,0
0.45730853623144435,0.8680812558723426,0.14269370479102175,5.021555223860058,0.5675667350869457,0
0.48940212395022836,0.8685140184223915,0.1227249850616921,5.501739800185486,0.5555853772878337,0
0.49741410676917835,0.8685590157336863,0.11961334538133916,8.632612155431724,0.54696908511474,0
0.49776668929780504,0.868313301148488,0.14575999139110332,2.4550555763182444,0.5569384881382015,0
0.521603428961296,0.8685916217542133,0.1323430026312454,9.261609490093553,0.5946192489049826,0
0.5576750892070823,0.8687217366580837,0.13230925245419137,10.191481163630728,0.5719627076482893,0
0.5239771646982754,0.8685847414434708,0.1353301426474371,10.285497853358411,0.535459940201039,0
0.5095632889848293,0.868540032570698,0.13207917634303112,6.554077981141859,0.5622903319694723,0
0.49597057194451494,0.8681713108456606,0.131484461985859,6.7605336357160475,0.5895506688879396,0
0.4827759648589463,0.8683772988624536,0.135609850433105,4.525483663532232,0.5777822139192551,0
0.5303512144535957,0.8685737906242004,0.1306608911468586,9.040416449657311,0.566557766730896,0
0.5189007793555768,0.868551767942126,0.1355627218411421,5.1840384518930875,0.5770325878866737,0
0.5055884027639647,0.868510480225024,0.14441327974739493,6.674377618964457,0.5643372342232077,0
0.5812772094064823,0.868816208673359,0.12000075928772347,11.909644319544743,0.585775868531151,0
0.4732769950341817,0.8684279100106668,0.12586038794247592,8.081998377494362,0.57422532705648,0
0.431161896999878,0.8679946350175493,0.14655509197249447,4.593003536430254,0.5580027080122433,0
0.5334465327493056,0.8685915759862954,0.13410352930037253,6.708573432526777,0.558414129940327,0
0.5154820134465993,0.8685197687064493,0.13430108178141184,6.505292523960626,0.5606444004656893,0
0.508773508299507,0.8685451594781424,0.14745114806110401,2.407186849499192,0.5582438263845823,0
0.5194068916723723,0.86857598343785,0.12566970769564778,9.028722296288773,0.5788728949257104,0
0.528542625065185,0.8685615968855066,0.1277314649402839,7.065249679722359,0.5746923803596533,0
0.5442182431035983,0.8686707027284747,0.10785981430752155,8.165241628556434,0.5743587310296326,0
0.5299280353836817,0.8685705123192139,0.15267983873535038,2.9498892934344134,0.5717394650601947,0
0.5427869196394991,0.8686387645361516,0.11368329622462382,18.387511021464793,0.631435119845479,0
0.5262444174102333,0.8685773541516574,0.14903171249547387,6.261307683671858,0.5659658407979117,0
0.5417292139760349,0.868648929419083,0.11514005563463652,10.212512650415016,0.5695588077015503,0
0.5109725401446806,0.868492643240919,0.1188063486757213,4.026928401086033,0.5631951896737757,0
0.5094081447584754,0.8685088376368976,0.12775433741960998,6.556770690936713,0.585050361366141,0
0.4719225968472484,0.8684222567201311,0.10416576226373936,13.505915481982482,0.5408315214556453,0
0.58252192017971,0.8687120580342017,0.12064400156021508,6.510894613177372,0.5670896679401376,0
0.5567833554563334,0.8686178154481993,0.14563919615152043,8.125599609379021,0.5579619779950977,0
0.504959018844469,0.8684715474208371,0.16062946809098394,3.95523342102413,0.5647428744475986,0
0.5545358373199054,0.8686057601469303,0.14172536011662493,5.6327615268085784,0.5765835170432994,0
0.5304049458149787,0.8685673547133046,0.17017410308018247,7.415121624428801,0.5781381319281603,0
0.5317421802313077,0.8685839747681073,0.1494427428893562,4.534880485300904,0.5628839245572994,0
0.5081311087051698,0.868535927187018,0.12860394591572685,11.389197032898526,0.5909311607812926,0
0.47737297047127564,0.8683325806589636,0.1375321230792342,3.9022850097513975,0.5656652881310139,0
0.542465657348938,0.8686364325230286,0.14814092487272967,7.196240248294692,0.561609374502847,0
0.5480971341559774,0.868605626664877,0.13380481692726962,9.79178216339496,0.5683278678778397,0
0.5803135098130641,0.868667424769451,0.11175016578831777,13.402160922293602,0.562125160548816,0
0.520362948463119,0.8685115652271632,0.16960721635552756,3.057529119269802,0.5622326433489719,0
0.5451030786895926,0.8686290757364693,0.13823544681578345,8.74637223863492,0.5581277760389579,0
0.5446551074524193,0.8686384972977894,0.17993672932618088,6.355504793347705,0.5576382795689909,1
0.5280653817739317,0.8686154043271784,0.14426881859443533,5.5258966602430615,0.5563016945425007,0
0.526940983442862,0.8685908552246829,0.15165185369959985,5.448719789368012,0.5628161534964793,0
0.5058583806964657,0.8684742578893387,0.10620474741732328,18.324470494663075,0.5604907957127057,0
0.5267057979559641,0.8685509151082633,0.13694750868307998,3.595921145438767,0.5702820263191773,0
0.5141482581459786,0.868519691069977,0.17457788061272442,2.2981667055420854,0.5608723859869986,0
0.4920734410164653,0.8684553005468777,0.14601730177319874,4.215862209748288,0.5619129085835016,0
0.501602988099951,0.8685491388753971,0.12260164478694334,7.516220342893043,0.5498524537831123,0
0.48860814521734736,0.8684401919184691,0.1392579543327065,6.33531179172418,0.5503139143938561,0
0.5097207103452637,0.8687548676552269,0.15073210380738736,3.202870470947201,0.5573493333617526,0
0.5310927433451806,0.8686290711953459,0.12384199133623137,11.562446924125682,0.5320787323176837,0
0.5339970143869887,0.8686618981250187,0.13035416397271127,7.520510029990686,0.5661265477178256,0
0.5142074878693473,0.8685607957455895,0.13444997319553317,11.869835386750367,0.5734521554128174,0
0.521530060084216,0.8686203201037171,0.1295112892559235,7.395746718865109,0.56034798854184,0
0.4849667858025423,0.8682121774768058,0.1368199402900653,4.769082279533413,0.5599019197858071,0
0.521053769720437,0.8685567460779526,0.12488292215118786,5.547303709054948,0.5579813951460043,0
0.5119987196520274,0.8685266725444639,0.1263444951963319,10.233029309109504,0.566415519591119,0
0.48092261933276337,0.8683585383133384,0.1318503932437185,3.100933305102019,0.5724383972423474,0
0.5183394346352357,0.8685451968961487,0.13305535652432185,5.325896810834299,0.5657226506397307,0
0.59607022648089,0.8689527789636116,0.1086946001391028,8.407913903946955,0.5659781401777857,0
0.529196034396702,0.8685989330219591,0.09955780284250558,35.00105967068067,0.5806949513243826,0
0.40715710561125834,0.8683478158546719,0.16023431790940387,3.533170500108874,0.572506024443172,0
0.524051743766623,0.8685702231152846,0.12822985606562662,6.375845429041207,0.5644400486474047,0
0.5512732358303007,0.8686506678685674,0.12158870649509905,5.4381276252036015,0.5700124637074927,0
0.5169541528009327,0.8685729927906074,0.1429927698012123,3.4130112560227026,0.5618529230927577,0
0.5272297295653211,0.8686067776779324,0.12655855979900557,4.442298687417304,0.555952642232565,0
0.527070952008053,0.8685658061527907,0.1264123258467128,8.041798202902335,0.5619999957845333,0
0.50681263147885,0.868458120703544,0.1074809400791976,10.656078569440878,0.5690056154860883,0
0.575107354499807,0.8686761201774247,0.13538939153486892,16.446201104881652,0.574958871213496,0
0.5172932600569257,0.8685843247800843,0.12025609053405767,15.13756820487988,0.5623073405579456,0
0.5310969661176904,0.8686052327943371,0.1562711788268364,5.656945865780207,0.5637303414185543,0
0.5180941088531816,0.868578095255559,0.12297031933047947,8.792324529721594,0.5596115754364913,0
0.5046158598703926,0.8685385361682784,0.11011739298903904,4.9317962182856165,0.5436030771462946,0
0.5214805895906087,0.8685485814417827,0.11610564788456657,6.4939834369159986,0.547017789339801,0
0.529519790324096,0.8685926527979523,0.11094365619928764,8.989370032115868,0.559256194309797,0
0.57525829421532,0.868679068364934,0.12307101640878719,10.12965975158812,0.554152279957571,0
0.5526647892736127,0.868615220140526,0.1433528101388054,9.362744020190368,0.5510698710669327,0
0.487626032589231,0.868373454393878,0.16071339443717186,3.16675347845364,0.5605953792454593,0
0.5389442534450346,0.8685987964243868,0.13848219564736056,6.394299717118444,0.5673726489011933,0
0.6061239197510077,0.8686396105511692,0.14147442633698762,8.638960908872589,0.5711295223693037,0
0.552545691497688,0.8686321339561437,0.1475115403537851,6.314746152171055,0.5870824031076153,0
0.5016347900187946,0.8685199926408197,0.11207721399678953,17.757621261511492,0.5682096511552573,0
0.4853217240842913,0.8683560069655606,0.14010893032092153,1.431863207480313,0.559579943192751,0
0.52748617163055,0.868603905448043,0.14361756326991146,7.682273146122089,0.5588733493754824,0
0.5236814616837604,0.8685614866700649,0.13385047267308206,8.383548883194813,0.5335624261355281,0
0.5843242001924503,0.8686802792564751,0.11656758635055203,13.219857983075334,0.5978741783356324,0
0.610565367524188,0.868951334455535,0.13433557002279004,14.539434491330415,0.5949400966134476,0
0.5198961826228223,0.8685586759103986,0.14497115350261297,7.457229351674237,0.554973299734027,0
0.5338029075066429,0.8686525512830713,0.1353534477017553,6.2270358186106645,0.5584993760609246,0
0.5202459286026314,0.8685706194747124,0.1475003479983198,6.86228332860093,0.5606588255503873,0
0.5176534588255769,0.8685875851725843,0.1113797908954718,15.193493522754396,0.5776160323009006,0
0.5130507178370104,0.8685358638066166,0.1404880498475387,4.195096290243529,0.563325586175916,0
0.5108883019007816,0.868523104581651,0.17372189044372044,1.8740654034641695,0.561652833635211,0
0.495360489686383,0.868422296862684,0.1345208107564451,3.054222454654752,0.5509942413909613,0
0.502416838668062,0.868547448174791,0.12353995317400886,7.647865070760496,0.5528833305854928,0
0.4908569191096526,0.8684715174473806,0.1408802236542954,6.0314503516564555,0.5621088308847964,0
0.5074729249843523,0.868706217351135,0.14959200244021878,3.6222763850753306,0.5525271034408173,0
0.504969185078262,0.8685390465923063,0.12484956635000789,11.301032534062422,0.543361687500754,0
0.5310218263331367,0.8686403228506027,0.13498273677520048,12.312376666939182,0.5642834532639903,0
0.513833092346723,0.868585265880777,0.1357485756101993,12.908396170740458,0.5652296724232574,0
0.5228167647410927,0.8686313214971237,0.1295336551075824,8.506667132437366,0.557978937979426,0
0.48495850001659435,0.8683038210180157,0.13760313422921214,4.869645486956583,0.5499772607247136,0
0.5204765641800514,0.8685522307740827,0.12631063686560082,5.298236656481171,0.5652827786754907,0
0.513099011576971,0.8685251808219681,0.1236072672214793,12.282515110068845,0.556882587876706,0
0.5194940484902,0.8685714704091033,0.127743164309199,3.9036051764669017,0.560485938952452,0
0.5149808977733471,0.8685334977620194,0.1354806805959752,5.827218733808635,0.5601850393910937,0
0.5882822673591951,0.868973082776404,0.1039934383179237,8.548095133816592,0.581310327682091,0
0.518605544118853,0.8685640040619146,0.1013695262700031,26.890248837468903,0.5601084442563616,0
0.5122968342735693,0.8685733704421463,0.14142631552647275,3.51473306774582,0.5729196151722099,0
0.5272896307600909,0.8685742818525867,0.1273586052414672,7.837548781448838,0.5691163236874976,0
0.5339638609585976,0.868603134121784,0.11924783104742559,6.660976788517295,0.579381735780239,0
0.5126536539225807,0.8685637556040207,0.14263325388579767,4.399937151240854,0.5583198829927333,0
0.5289635098663913,0.868602467272258,0.12262446199791337,14.300347642178547,0.5785747464862366,0
0.46659621524305667,0.868347583851703,0.12769802379070538,7.638389770341293,0.5705870946250223,0
0.5076962138584553,0.868468167619369,0.1035086878398329,17.42267423279124,0.5644356216196363,0
0.5585574191205936,0.8686427299660497,0.12051092603180168,7.565310314354881,0.5697835204720804,0
0.512453289040807,0.8685658692433239,0.11083459159538452,15.646352600553307,0.557428769964042,0
0.5393535173333344,0.8686296605381779,0.14139131021483645,5.454745881845184,0.5724071239647447,0
0.5127823712068608,0.8685526928888218,0.1236182772162784,7.112126210284859,0.562992548602598,0
0.5105233039312344,0.868582039522781,0.11137973220136348,4.92106542909055,0.5595584947036397,0
0.5004974425381337,0.8684803936683257,0.11698585735585987,8.389365343427453,0.5543429756784436,0
0.511830404674352,0.8685583254342096,0.10364808996591444,16.21429655178007,0.551633968938888,0
0.5764060420084852,0.8686286313682886,0.11819814567257676,8.432687132226084,0.5809168686754492,0
0.5444488317521027,0.8686167147661573,0.14284784809849158,13.854509337814676,0.5654430645454823,0
0.40988331911042364,0.8680872595662684,0.150205952939658,4.26020203331459,0.551200949130474,0
0.5444219815611466,0.8686070668407048,0.13788381042240533,7.125977890590902,0.56715095085827,0
0.609284003395704,0.868650452837754,0.1404407416218438,15.024640265612875,0.5755975738606726,0
0.543448105831387,0.8686112545304043,0.1512607549425485,5.375303363614064,0.5676474361538837,0
0.4800669889505524,0.86848337883719,0.1127973168138569,19.03647337864132,0.547665304759598,0
0.4683814521749943,0.8683579653104271,0.14158086628234468,2.412257238665114,0.5565400813816777,0
0.524373142010721,0.8686042846555869,0.14615073519857405,6.378022830496382,0.5712122012361333,0
0.47488451658691533,0.8684683653895799,0.1448260851759469,6.344478112963487,0.5496997749814224,0
0.5689391690571447,0.868645101821393,0.10547063517538403,30.19146503490616,0.5804191487281151,0
0.6248729255736921,0.8689568079415283,0.12079975325297147,19.3319201038564,0.6055332982834539,0
0.5230035500001774,0.8685717620005243,0.147142176085714,7.196396155812759,0.5557542070303799,0
0.4905925007577854,0.8448517084432144,0.19934733545332914,2.0164134803955927,0.5576497659765587,1
0.5563175407343183,0.8687544304777667,0.12968188808076023,5.764152335409496,0.558622270759097,0
0.5150224654718786,0.8685697383149743,0.13950682128185224,6.141249593421357,0.5565636581573737,0
0.5129424209143387,0.8685684741255993,0.10751316635228925,32.32379972579883,0.5976188884078163,0
0.517271603977104,0.868544231800158,0.14210710546205715,4.55796273417042,0.5499417958694893,0
0.5090082661503383,0.8685178305240534,0.17505522660887018,1.9412645797143004,0.5594769673084309,0
0.4996974475630613,0.8685128239803683,0.12998958824773785,2.823479707486564,0.5590766448355361,0
0.4727962942700117,0.8683731368651885,0.12063380360522293,7.954420810476867,0.554920045352017,0
0.509043536895596,0.8685351266556386,0.14207056677603974,7.330407637940503,0.563205668386204,0
0.5084522661379504,0.868638828898599,0.14072514724614935,3.479102205035735,0.555416156640693,0
0.49794522834679905,0.8685228428666862,0.11915978821890877,17.051071847254093,0.5699866393503497,0
0.5352530958919287,0.8686412727771776,0.13440387987277824,9.01827272333723,0.5708180925869416,0
0.5122643558139873,0.8685796493149406,0.14078501410920796,10.593038824028186,0.5689942379921784,0
0.5201265312003044,0.8686089387425153,0.12568033656345876,13.584678818953751,0.5607025214813527,0
0.48131204948109935,0.8683152232274324,0.14143891373854578,3.983089690022648,0.556539439699889,0
0.5179383603046864,0.868544508999228,0.1283201077456396,5.114591098000232,0.5449185746006834,0
0.509738884764583,0.86851321663158,0.12061101428966124,19.628015228924074,0.5778872628819623,0
0.509011190654879,0.8685586699186447,0.12524221804331429,6.611199772879785,0.5598874004173436,0
0.5408354310933811,0.8686093263935873,0.1334590095517671,6.494209154371454,0.563724607871544,0
0.5675994440565023,0.8688690265441993,0.10322884122446561,8.294434057580029,0.5843379285847893,0
0.5122815261973562,0.868557413417045,0.09934311864022406,48.60891019174421,0.5576552720009254,0
0.4667887674232751,0.8684156087090793,0.1436661561943481,4.178798752738816,0.5482571402455526,0
0.515805400910117,0.868550949017194,0.12441292686397092,8.23340316406261,0.5740542456395694,0
0.5469705217768124,0.8686318762809773,0.12661425131448642,4.998777518325908,0.5663093406464826,0
0.48177655232756633,0.8684574649897824,0.14126038495772686,3.325629273940667,0.5707057660931513,0
0.5348525411879416,0.8686368780320398,0.12236804847417691,12.157368877277575,0.561890756056455,0
0.536358843163736,0.868585110253695,0.12613048349441028,7.393329678931897,0.5641694782794281,0
0.54450373849927,0.8686986896549004,0.10088650066226156,25.847379125273218,0.5677873243303817,0
0.5344523903441271,0.8685889281856013,0.12075560915645285,8.229151197408797,0.5628370423427914,0
0.514358319229672,0.8685591044136892,0.1146463587178785,13.588155653180277,0.5443185243017606,0
0.5351667267567807,0.868632667269979,0.14268162734170053,7.341726895487571,0.5819191627657537,0
0.49779580503207965,0.8684830922304753,0.12301530185214866,7.292973479100075,0.574200564127444,0
0.48011533264700296,0.8682513963121933,0.11871742765335047,6.282086873730991,0.570283533101228,0
0.500754536332506,0.8684714535511077,0.10604300009109087,15.500475726988045,0.5803312484180384,0
0.4910615134929854,0.8684878129207257,0.1050815756016566,10.31604930294219,0.561271666519628,0
0.579051921466038,0.8686791956727419,0.12636680570027312,13.901740803188222,0.5568128969957736,0
0.546054624522708,0.8686195508681896,0.14051231852787885,11.324507407509993,0.5706569130463374,0
0.4167334810343557,0.8680028822959543,0.16358303422364018,2.6143503403367236,0.5589294999595497,0
0.5561786240740303,0.8686179828766266,0.14764746598042414,7.564573429991026,0.5727673646653483,0
0.6007740417561794,0.8686506757457654,0.1420463217408829,18.582222587620368,0.6430272073835219,0
0.5467812349666623,0.8686175306403457,0.1502917380265809,5.178938837362195,0.5703234263302096,0
0.498094089760129,0.8685238627370923,0.10894370232178091,26.778794662140584,0.5682216955160563,0
0.48859763989758,0.868451765601301,0.11442740776834119,3.343744322787865,0.5614924939884617,0
0.5217372826354704,0.8686124981303247,0.14648082877232135,6.683106321166272,0.5490832120492013,0
0.5212993467775296,0.8685525475701456,0.14694632399807364,7.579216049752788,0.5456971666318167,0
0.577781589046129,0.868653773099273,0.10936714995678991,24.496486848628084,0.611560589259202,0
0.5849672317404746,0.8688673278275326,0.11667783899368074,21.46408092622125,0.5577937827589533,0
0.49820270812642065,0.868509270612595,0.15370473840407148,7.2588471498580995,0.5659255702008185,0
0.317285602090385,0.8676436806768479,0.5626428258821247,2.6703166575528483,0.5681608759298723,1
0.5483113299354784,0.8687423236213917,0.1311072511238809,6.235388560692764,0.567599549366039,0
0.514899579114133,0.8685505181833304,0.14509343843934197,6.176397768632341,0.55990425125668,0
0.5008819042403411,0.8685124470996847,0.11028020524567106,51.729236721802344,0.5729752488163373,0
0.472745136025778,0.8684167262955086,0.14438941146995957,3.9150530793860066,0.5606311739441113,0
0.48138102040982567,0.868413017816235,0.17187673341257556,1.8767605825845217,0.5585688169326963,0
0.4968252327676546,0.8683361124994553,0.12937521235682056,3.82078791651037,0.556261276894919,0
0.44092535131501337,0.8681307864082041,0.11684323849524947,9.129591578238935,0.5514727486034833,0
0.45825588446188936,0.8683317167071407,0.14093959641991424,5.468543975746723,0.5548235736225163,0
0.5204525280338478,0.8687442998523274,0.12722333610549252,2.717448781672881,0.5604153002281841,0
0.49851045648790865,0.8685164253394206,0.10335811606215926,140.65339757863623,0.5801770243587681,0
0.544430726199897,0.8686606478850951,0.13238916645747337,11.787157189808452,0.569757735278533,0
0.5056276205190063,0.8685463941391277,0.12617515433000834,12.145565828740295,0.59178911521845,0
0.5110676110529393,0.8685485968201591,0.11865070968887985,5.654949936623827,0.557953362810543,0
0.4857706221893234,0.8682829748276027,0.14471612643472112,3.804150646664129,0.5509483476400703,0
0.4792326884306113,0.8684160325732727,0.13221753279550597,5.6518281843749305,0.5616752173733991,0
0.516324965550591,0.8685322803200877,0.12087752437803785,21.882786795668775,0.5716631806927103,0
0.41954884257933395,0.8681106025959383,0.13019362192397152,5.09716729686239,0.5571943390960733,0
0.5216073022718929,0.8685504979458196,0.1423337306008623,6.156979963200484,0.5503822231344627,0
0.5504054920952778,0.8686832623474814,0.11545798148816777,17.454102924935825,0.6050534958065626,0
0.5063259055521946,0.8685302729945437,0.10384243660842196,28.666709738225816,0.5837097285464857,0
0.35879060375950367,0.8623830569945397,0.15985525479905044,3.2414431649496973,0.5677696539272857,0
0.5140976077002813,0.8685344545962513,0.12044472662120054,9.183317922807513,0.560856891766549,0
0.503434875193026,0.8685275628532514,0.13652853020573663,5.431418957614958,0.561370186369624,0
0.4998294681631947,0.868500932885659,0.14304101952442383,3.560591492626958,0.5611227948492563,0
0.49975154540469996,0.8684607159362283,0.13181547918185588,5.253373773091655,0.562305192456067,0
0.5257509999154717,0.8685689609290064,0.1251748526404279,8.170798447697086,0.5698277792836316,0
0.5108276380140493,0.8685550878452007,0.10085469505559568,26.085390422769613,0.564787086750018,0
0.47514478572067304,0.8682307234288703,0.11629259038500837,8.52387504006818,0.5647973484106797,0
0.530691583899109,0.8686113430760267,0.10714498242384095,19.84189084462277,0.5780327375972213,0
0.5337287028327836,0.8686228292021817,0.14629838202282552,10.087781726818392,0.5562834350283113,0
0.5127576880769423,0.8685490681327576,0.1258720320165812,10.109979996931335,0.5530629952304227,0
0.49482680296868264,0.8684363519156989,0.11654539038885213,5.822225906475714,0.541990517079569,0
0.5266575713902083,0.8685468677485296,0.10566452343292343,20.193558914969625,0.5704639612585197,0
0.46869453216952567,0.8683895280095816,0.1020134586492689,11.61335501489025,0.5630231605698702,0
0.5677509824340063,0.868687264555222,0.13140386977852822,12.84298394216153,0.5725406998762197,0
0.5323494796317833,0.8685935884757799,0.1421537171579146,8.212393571736026,0.5565259774314936,0
0.450968345678369,0.8682785126987577,0.14965447542953014,3.354543888771738,0.5489984311945882,0
0.5614325629287049,0.8686343189083576,0.13234307143286506,8.37364868032782,0.5637059441061963,0
0.5938926582306383,0.8686418955385506,0.14477638614154462,9.094377175111676,0.569725230448191,0
0.5484027919423676,0.8686172642178973,0.14454669599992123,6.041509640430928,0.5818091548609197,0
0.488403813641673,0.8685134094905266,0.11425243701712247,20.367454751370406,0.579528573196191,0
0.48059801741063596,0.8681448210900897,0.10726465132449332,19.743178773633996,0.6012363789036883,0
0.5289725602697797,0.868608517795815,0.1435450453755934,6.397614870825051,0.5641027634716717,0
0.478467642665836,0.868474276996459,0.14331675205223648,8.60437796895515,0.5921036809816483,0
0.564498363347823,0.868640701714351,0.10371317064593889,36.21282687392115,0.5905115465469231,0
0.5560010981936004,0.8687573152178847,0.1196240314023318,10.41720004127464,0.5767632424248473,0
0.5359781806897497,0.86856721795387,0.16306226653093417,4.079865377168824,0.5658187655467334,0
0.48830512511468066,0.8684721663037159,0.1528982998353759,5.5134772499245175,0.5653114024537139,0
0.49068229869860264,0.8685026569299187,0.15769478406357373,8.877923745413034,0.5489804879643977,1
0.552457904264905,0.868763348818652,0.13023962552906146,9.271149651863102,0.5723008067618153,0
0.5192101493291877,0.8685795197691233,0.14064161085437732,7.049504836159691,0.562119656455968,0
0.5113124762311393,0.868563683366007,0.10991024036062164,43.21671211846622,0.5458541043717363,0
0.527447797915124,0.8685620765130694,0.1389990036335251,4.4628411886683566,0.5644202858302082,0
0.5185287852716653,0.8685668022901437,0.16414546979471437,2.4682520950619464,0.5656715573516901,0
0.5062713986019239,0.8685525367854626,0.12046693851463074,5.589043455754807,0.5490213563442123,0
0.5075984165657607,0.8685493707422114,0.10929120856006176,8.77035110317486,0.5575332855676867,0
0.464969039368603,0.8684323236942569,0.15301157478359087,4.4739311929546535,0.5446965663562143,0
0.5091233520213011,0.8686187382652363,0.1160505889691902,3.482915609302838,0.555863357420542,0
0.5384288918929543,0.8686586498708947,0.10383135932868087,93.2026583164154,0.6034379072961833,0
0.5434200366736569,0.868789351419835,0.10794665719486041,14.647220881144785,0.5634649033352894,0
0.5066525311077837,0.8685647068406124,0.11248051341646258,252.35882554548576,0.560276245450091,0
0.536173475823164,0.8687022704825701,0.11345331013165273,13.418832687546887,0.5562771828794949,0
0.4674319720721836,0.868187776996774,0.14408765764812195,3.257507214592927,0.561045152069997,0
0.5303875278331013,0.86860741478984,0.13693700812224316,4.765522591620312,0.5568308604093734,0
0.5160571262491443,0.8685416306913699,0.11741556459530163,25.955955017458024,0.5475383250094036,0
0.5297111388926143,0.868672604013564,0.13041131447040819,2.42301125826001,0.5631793126891647,0
0.5324910153605773,0.868563305076572,0.14244127343104065,6.515722604409011,0.556883669383137,0
0.537363290608352,0.8686670866859233,0.11851861507397006,6.529077016070434,0.5616994836099684,0
0.523871690778542,0.868592354942257,0.09755741413694206,66.293568527974,0.5636970400194216,0
0.5359684737536478,0.8686447048579012,0.14827627676532124,6.177942703915353,0.5500602379857723,0
0.515239059637573,0.8685584058951173,0.12358399727340247,9.922665833713221,0.5558885007487726,0
0.5253098131848196,0.8685670011529326,0.1413192434483592,7.303687644487042,0.5630938974129324,0
0.5119040520712703,0.8685559883331476,0.13489001216763646,4.420921769859364,0.558333413891467,0
0.5353825713932047,0.8686443283441633,0.13908214030798363,7.039319982745043,0.5657344428902873,0
0.5232697818297517,0.8685732931484567,0.12576983774591702,11.884281858661643,0.5547367612476684,0
0.490369752205118,0.8684201492275753,0.10121943298430126,30.47930528258119,0.5575936758495037,0
0.518705773205722,0.8685631304081197,0.12307053332048838,4.550724444224339,0.5545861973503933,0
0.5286060641611077,0.8685938111168207,0.10243309627745285,26.932718015971513,0.5436812735332759,0
0.512389452871903,0.8685939725163814,0.14985409210963552,6.754424750600224,0.5560858351663833,0
0.49890575245604496,0.8685052244423376,0.12918141511466527,6.192974959267995,0.5526561332370017,0
0.50580391596288,0.8685408271808144,0.11112917715829229,7.476935497472238,0.5463344307616197,0
0.5133368907509793,0.8685171938183474,0.10242205324861776,30.62021849008666,0.5746139992420267,0
0.4541978359230696,0.8683904334153946,0.11335439019400244,10.117076635244253,0.5716495141114247,0
0.558648674497638,0.8686256888011377,0.1175146440464539,12.732836548870099,0.5786294686213572,0
0.5251374583170877,0.8685802549138874,0.14682383722856368,8.793212780193688,0.5442198564086144,0
0.48080790370523063,0.8683261732608544,0.13174723011581635,5.348758231635119,0.5743061603181597,0
0.5585967936735267,0.8686466091033124,0.12818445579405016,9.808859399007368,0.581533970040611,0
0.628521038515547,0.8686741342296657,0.13272277255837492,9.667071537331541,0.5527575706725797,0
0.5513664897634447,0.8686189687389754,0.13958934278477428,5.5377182227621535,0.58805091432157,0
0.5325953493489654,0.8685806287588056,0.10822813736690917,33.96911482061006,0.5223368800632257,0
0.5306771046533617,0.8698021367623777,0.10237915265587914,19.64594851534226,0.5577699051734001,0
0.529958104253054,0.8686057113499116,0.1485611636026347,6.001432304095383,0.5572812921394901,0
0.493886178500639,0.8685049324274683,0.11555656212871557,12.364036566721095,0.554692633395535,0
0.560910954404785,0.8686543432802564,0.10665846868886703,35.03563822254473,0.555865617988502,0
0.5391475185227843,0.868674001607712,0.12236788271319689,14.874929713877428,0.576872521983499,0
0.5324269637578193,0.868562838465186,0.17427048264913036,4.002726316179003,0.5669893237965787,0
0.5764816475575693,0.8687550752401486,0.14928043441963373,10.61637583555563,0.6100429311234654,0
0.439836452209462,0.868240233035233,0.17509270353711234,2.716673894793864,0.5551351592625141,1
0.4949234642723277,0.8685395724549503,0.18758098669180087,4.438015535949878,0.556443797034396,1
0.4254919672925013,0.8676708976970683,0.161961356869839,1.6712520251471499,0.5460674328799348,1
0.5252795141173324,0.8686320699636947,0.13391880252866792,7.518840626383957,0.5660296857660816,0
0.5103843801551516,0.8685486104989032,0.14617655363253368,5.145210294200502,0.5768189430069717,0
0.5141632593637097,0.8685944709971953,0.10820643829792176,58.563431940224156,0.5613289333158963,0
0.47062212924034136,0.8684247050312003,0.14453448370736163,3.600087717060837,0.5519424992754406,0
0.4906167474761303,0.868479859246833,0.16769323474293282,1.982685657196535,0.5518744994257073,0
0.48704199943941967,0.8678456977990243,0.11644687285797334,3.049023619221239,0.5573503834525834,0
0.5158995754851007,0.8685483732467537,0.11198983200327416,6.519019713341718,0.5493494473703987,0
0.44121682776420473,0.8683242451530423,0.15820138442285533,2.2431942927053288,0.539222067076881,0
0.50788461524394,0.8684935998053384,0.12746074653863168,2.4987325856747646,0.558955398455513,0
0.4639899084003997,0.868361328886596,0.10393950800255229,157.7593713225016,0.5871589574765467,0
0.5315245584032507,0.8686608454250564,0.11574318798522522,15.911477398832918,0.5770103444896341,0
0.5126420983497396,0.8686151719528293,0.11220852652183448,420.05154125565457,0.5691448091098673,0
0.5026947321134413,0.8685351515517614,0.1137591028751103,8.706926232020303,0.5679495982362966,0
0.48513811193901263,0.8683787660928237,0.14464308391761763,4.251236558146349,0.55304023792318,0
0.5004430001876347,0.8685175691954233,0.1381995000022215,5.290501259470645,0.5673300473424193,0
0.516822889199414,0.8685571893746387,0.10663711523279844,34.172260628663125,0.5865532563265007,0
0.5091731102551413,0.8685590323908223,0.12613061401467593,2.493879553789721,0.5492457253081536,0
0.457476399472112,0.8684414485981881,0.1493818627775759,3.2413687842896812,0.5803480429492027,0
0.4950949085751953,0.868540334327745,0.1166778685711024,6.200900577027309,0.5600452293847323,0
0.5094621302729899,0.8685278494885784,0.09772801965604898,64.3677363280404,0.5623964808955314,0
0.5297157942838834,0.8686326856840973,0.13292841262335833,6.883138618296499,0.5683856816096406,0
0.5169408020120533,0.8685573160999627,0.11944701819328114,8.862898844020076,0.5735124637068694,0
0.45831012803863364,0.8684402105797769,0.13800139791950697,4.172376330350789,0.5782886373365977,0
0.49402133755857736,0.8685022679941846,0.13269960359943603,3.5001586656879993,0.555212106707212,0
0.48754635718493167,0.8683805670788683,0.15002928900817003,5.933039493595189,0.5600581146433443,0
0.48188458872160633,0.8684019581675799,0.13382763046999532,10.005245906259677,0.5606633936270954,0
0.4583328155486874,0.8682446298949499,0.1005324967856182,40.45113296863634,0.6174302121966884,0
0.4883961844465807,0.8684408558428484,0.12597278026733358,3.776716911587198,0.559003124418623,0
0.5213392073367257,0.8685912338993377,0.09990012976532063,35.74947129074955,0.5928304087831546,0
0.49002420966725174,0.8685219951549247,0.16461391805279932,6.559127235401507,0.5693302756412747,0
0.480241517221625,0.8683552495068096,0.1321019716194892,5.884048546710876,0.5521799907642977,0
0.480903689961287,0.8682015058489713,0.12151067478803164,4.996592974359182,0.54289205841821,0
0.554155845635168,0.8686485360535423,0.10038257859904608,30.75335529707617,0.581982056268547,0
0.427118270197884,0.8682714726516726,0.1106717477861225,10.592204639642178,0.5515782165912894,0
0.5225359464957661,0.8685762365910383,0.11759183356309381,14.21434996820912,0.5692874460712987,0
0.511496245232452,0.8685579191806246,0.13053572690402496,12.519710327351838,0.6031772273312447,0
0.41679057852711504,0.8680707946593343,0.15001647209468463,2.82506301674499,0.5347572659063693,0
0.5391858029763253,0.8686056677142743,0.12816161401863144,7.918022000484706,0.5640519621619183,0
0.5418246402768173,0.8685883763860183,0.12929584034757508,7.6818371168401125,0.5621091396828063,0
0.5565650607640674,0.8686154181288978,0.13502873486028913,6.147995002922347,0.5875304781034166,0
0.49918222999972933,0.8685345194565786,0.10784871442751777,36.732774206740636,0.6241951516201573,0
0.4358711426562583,0.8676122897875671,0.09568947824675188,66.5466033030213,0.40475297065293575,0
0.524873137025053,0.868589828697396,0.14254861023773402,5.2775619007254075,0.5658424589257273,0
0.3997940347784687,0.8682102592389976,0.13410466196542645,7.208563633844227,0.5431446698033263,0
0.5503803567834633,0.8686204781792523,0.10005017290806713,63.472661527709924,0.599404089502264,0
0.5561610500677537,0.8687235809742994,0.12015597866408172,14.227600629307517,0.584135992966813,0
0.49962377885195464,0.8684888411924514,0.1788326215816026,3.4557388725799734,0.5611868637707894,0
0.5655040884865149,0.8687123685968713,0.1378484035086302,13.964505958891197,0.5543825277382534,0
0.43414957206073507,0.8682193152923117,0.2106720363263951,2.978258850828061,0.5446832180784097,1
0.527698835683824,0.8686247438952687,0.13349292257769182,9.141859954420541,0.56549178226747,0
0.5251171865936217,0.8686830903551727,0.13036532154599223,17.754995674107327,0.5465338556074527,0
0.497586899354647,0.8683952103049433,0.15374281073782434,5.772772214570584,0.5587089133833744,0
0.537038851856059,0.8687084411065653,0.11122714602660196,12.210623304769467,0.5478654931148824,0
0.521871714784488,0.8685876510204832,0.15303702746896966,11.162444068229984,0.537380716015893,0
0.518118866601704,0.8685301345255546,0.14930681135031912,3.4610718095541855,0.5665272874472577,0
0.5379786931163897,0.8686560443268524,0.16138459496101507,8.349838734584525,0.5364830431276674,0
0.5333573404071527,0.8686462185538697,0.12474936917792763,12.7430327474079,0.5447527990207947,0
0.5478529521894221,0.8686300033938249,0.13960153939470887,6.822256702800417,0.555862184281739,0
0.5166285863902087,0.868527428517763,0.13511032353588887,5.131714749426086,0.5446136283457766,0
0.5601071998686876,0.8687426354787716,0.10711315359525077,28.268259059148278,0.5604430614317097,0
0.5435204773434233,0.8686664192167993,0.13930601298096804,7.527927927872316,0.5611612963623687,0
0.5470089009779621,0.8686187489313403,0.14549377901103958,7.1701378051129065,0.5650531871128036,0
0.5556959576302093,0.86865332091108,0.15356092106906624,7.5927199332463875,0.5666425346679477,0
0.5569607595566747,0.868621252298483,0.1419402362373613,5.622620932704676,0.5758331955893806,0
0.565919988858951,0.8687360927753577,0.1402152457708396,5.638371669086555,0.56417180912058,0
0.5473709566843313,0.8686692816142147,0.11409887864314093,22.525836530070563,0.5490674328195007,0
0.540820207180076,0.8686738220323678,0.13359612161867232,4.663867300414053,0.5701418109476187,0
0.701332149817453,0.8689234084690648,0.10716723632131049,27.407288386793656,0.48718824238978636,0
0.5391003603804313,0.8686153599393762,0.14073780404651573,10.296539993012642,0.5492975970059517,0
0.538832610282728,0.8686652316447224,0.11766930215947237,17.472093752973677,0.5130830730143974,0
0.5636755588121464,0.8687201253731337,0.11245883109926953,19.898803228761395,0.5499887004024396,0
0.658344587404573,0.8687622607692559,0.13685489783957794,7.869181118590085,0.5527816485051946,0
0.541476002238126,0.8686289749021644,0.139765790434682,10.891791936632822,0.537368083963396,0
0.5410037849647606,0.8686320163893996,0.15011653405609504,7.1644482264392035,0.5703080022209869,0
0.5626272828082713,0.8686643486957153,0.14803025875786077,6.678337393863541,0.5557071953646286,0
0.551059183860427,0.8686128290421756,0.13739140836710464,6.11750958130763,0.556885943585116,0
0.5970691051873147,0.8687047304912979,0.1275057744945009,9.16234398776735,0.5926816826705944,0
0.47623634690515765,0.8684718560263543,0.14557796591426336,6.084422955622224,0.5480100648665346,0
0.5834318057294277,0.8686575075562497,0.12975025960310044,8.410246049614884,0.5962628026722817,0
0.5169435797707324,0.8685593638061656,0.13320436233739386,7.678091337894665,0.5753792975144667,0
0.4879364975488916,0.8685215277727457,0.1304674325779398,8.97347629770477,0.567550872285932,0
0.525076907497775,0.8685791818985757,0.15051772371669803,4.124988983934303,0.5652992135434557,0
0.5221922789828587,0.8685859209601287,0.13714616863865425,11.565342244666326,0.6161128519624494,0
0.5408893133220444,0.8686154732650776,0.11298342627026774,17.92048927161094,0.5532362860931674,0
0.6217379837954317,0.8687303735304722,0.11161877754842413,21.166512420854467,0.6565509839147333,0
0.5673709572203086,0.8687826007256679,0.11650202658996171,13.53133148063008,0.5675487423100077,0
0.5506876115448077,0.8686586685038963,0.14286159004868956,5.113243972237124,0.5706909976426969,0
0.5252870323496049,0.8685802171561664,0.14149771943424116,5.479079765498786,0.5565670397626881,0
0.5816564902812263,0.8686694457149441,0.14967987377463593,4.379934133696258,0.5526592550603067,0
0.5352590030671394,0.8686630322785159,0.11744883354683727,11.310472204584531,0.5938587096394561,0
0.5113867795367613,0.868649993900446,0.11145560219960227,22.361396885617953,0.5427655025694486,0
0.4648196848000177,0.8683956040469978,0.14185663804978665,6.757347914908966,0.5572549537518846,0
0.5510284177304984,0.8686935998010766,0.13198821629739851,7.160860558834564,0.5622021924360733,0
0.5529620929396114,0.8686392022215393,0.12236795713401956,12.66648089126658,0.5300528288497309,0
0.5262661996620237,0.8686041610071223,0.1527693521379213,6.135610206532036,0.5594047843490227,0
0.5245878372296373,0.8685831422070326,0.14968091827838356,8.856678786107832,0.5574589402252224,0
0.5388604026088334,0.8686604267043153,0.12673812406435497,5.746448653247001,0.570997887392403,0
0.5486465749104633,0.8686227091579161,0.13558597610879863,11.550362039825643,0.6124778272026793,0
0.5625922831135081,0.8687051382006706,0.1254000557873673,9.455410482113889,0.5486687546222907,0
0.4921465224237733,0.868481495946996,0.13232087993081518,5.2537162950913086,0.542001061863166,0
0.514180525351267,0.8685530192767943,0.17114300110998917,5.931007792584201,0.5598511879659757,0
0.595216878510858,0.8687376499733207,0.1659649638465482,4.931330666001501,0.5852688480992313,0
0.5780443843634256,0.8687633416952055,0.13358551468978216,10.025325190125999,0.5634270120112422,0
0.519058469454281,0.8685729556117203,0.1526931238525289,6.1090083056750695,0.5710412181674774,0
0.5343984377677601,0.8686053717180086,0.14585782796967117,9.44106531391228,0.5832882070110981,0
0.5527484000387917,0.8686412223803753,0.15123534938220104,8.515522410972792,0.5861885538085594,0
0.520799403316562,0.86858032686591,0.14130752472637076,7.014273206638554,0.552666000988761,0
0.518515925383959,0.8685519831429499,0.15591826567969583,6.579940993630542,0.5550986526775513,0
0.5841883068143906,0.8686774153973933,0.16235061756334457,4.376009618808789,0.5666161104680101,0
0.5325669011141567,0.868599485124511,0.1589631133123563,6.815360468502802,0.5737202057403473,0
0.5474234923233016,0.8686548546242306,0.12636677794374676,10.070041500753124,0.5540767821365097,0
0.5002430780015951,0.8685060435087063,0.15884341334703522,6.917741665989882,0.542900303790535,0
0.525547944760908,0.8686205274165341,0.14060701763156017,9.564828115264838,0.5408185958879618,0
0.524259887196981,0.8685814053504001,0.1139779787909813,21.814452745352444,0.47165614683320994,0
0.5285553510743143,0.868658261035049,0.12906902238418436,7.10452294430899,0.545463617111992,0
0.5481325093722694,0.8686291549979165,0.11662278623539903,15.509573022294433,0.5862131104444703,0
0.5366879388792277,0.8686037474234837,0.1408322126336852,7.141081496378837,0.5560294677596067,0
0.5200691351749861,0.8685586714338863,0.15426836188368334,4.211041678416457,0.556869605793616,1
0.532386725867901,0.8686297902209973,0.13619067819205818,8.132187768950674,0.5692242716256364,0
0.5168027977507693,0.8686090392841653,0.14057101150884121,6.81479423366631,0.5418731247917313,0
0.5254559349015401,0.8685586382467486,0.15146169648910832,3.650612435797523,0.5639672131956229,0
0.515514438190074,0.8685939882635164,0.11141218786535982,13.504840439429033,0.5552135790862817,0
0.5220024535109853,0.8685808956836317,0.15951783487034787,8.51783560557028,0.5472942357753833,0
0.5259268631273324,0.8685703569363069,0.1454926756125766,3.5732091071436307,0.5826207711823047,0
0.49391520277708806,0.868459440456527,0.16275354021331614,8.028267372028319,0.559241721642695,0
0.537673431367279,0.8686395242964711,0.13164392344582346,10.254288613892843,0.5623333724211667,0
0.5289620849815654,0.868596912000692,0.1538048660587939,7.920171955265138,0.57644867507565,0
0.431432581654152,0.8681168971122433,0.1388114790036851,5.974376827682208,0.562008398610387,0
0.48005178937545273,0.8683782563184895,0.10217497281494693,36.90105954684525,0.49887855458123,0
0.5389813642306464,0.8686611733977095,0.13679706637121758,7.639145288060954,0.5721610624171096,0
0.5584272709045913,0.8686305849519843,0.14532262313930486,7.84599689692744,0.5833415592661483,0
0.540024998035584,0.8685672974628748,0.1530259375553907,5.229733332015889,0.5594772405276387,0
0.5238117188789616,0.8685226507290627,0.1536259436597237,4.827259101609465,0.5693979390681063,0
0.5255480417294017,0.8685817976810034,0.15065571671171998,4.55837188686005,0.5712628921339976,0
0.546498792114836,0.86864700340318,0.116865369343414,19.87688315080678,0.5725896225057986,0
0.501938868081143,0.8685102251485793,0.1324119264425144,6.762205359093766,0.549923627112728,0
0.6647504836657877,0.8689303506587911,0.10408993490001922,28.234871876085414,0.6757357553863327,0
0.5392699976392343,0.8686180102017903,0.1408671676524622,9.521790039801765,0.5554236033028196,0
0.530491047667502,0.8686345139476724,0.11695288663649371,18.78784090417679,0.569819818969444,0
0.5820824165752363,0.8687444228064726,0.11771332624885959,16.37696589554266,0.5630406160333526,0
0.6082358244516622,0.868769462602628,0.12842272129831964,12.81604929482626,0.6138665153920453,0
0.5347833947879644,0.8686340199630354,0.15333270373980987,9.575231065079919,0.5342981730007993,0
0.540246846965193,0.8686335039699796,0.15936811795447237,5.9620700927045025,0.5423147738932207,0
0.5858544639034684,0.8687436560462999,0.1418201949872189,8.102004722813646,0.566984777160598,0
0.5221053139974173,0.8685688010131233,0.1426566591643015,6.636536584271929,0.5365477375855383,0
0.5712386700305693,0.868695836045037,0.12603993072523065,9.391644724223209,0.54813980106986,0
0.536375791945375,0.868621256617011,0.1396239077793078,7.209109889215073,0.5710197413272119,0
0.603932742674592,0.8686461495630556,0.14341366335821268,8.697303986211733,0.6249082745653554,0
0.5331267898539146,0.8686025145716116,0.13683054065844244,7.927192764146075,0.571003306112264,0
0.5929631445896867,0.8686402513158189,0.12992037707896772,8.880432279333315,0.570086977857892,0
0.5245588255796517,0.8685708283007684,0.15816227700727484,5.520187110064848,0.5667332440242997,0
0.5830996309987833,0.8686253150565003,0.12518591531553164,12.749875642994072,0.617967546676247,0
0.5473284454282017,0.8686228891622187,0.1118912930978197,18.026340723401706,0.5642480001294984,0
0.5912949554487463,0.8687452365079467,0.13765022508499636,8.57314616011207,0.5441229990772617,0
0.5689705115573173,0.8686969986141483,0.13117506692933692,9.587761989049717,0.5660450187172393,0
0.5334159013545338,0.8685759993749027,0.14573615325323033,4.595385815049727,0.5562350620729131,0
0.533579849512808,0.8686308773355492,0.14635963443708624,5.849862099485869,0.5688977193188757,0
0.5369989916836094,0.8685705643766978,0.1605083974811111,4.208082672391278,0.5558132529621527,0
0.535076018695987,0.8685937276928684,0.16167266528638313,6.92429256672589,0.5854474319122767,0
0.5344415758204564,0.8686651057935254,0.1137263349011768,11.751185056347316,0.565065416354198,0
0.5223199913414113,0.868668426849254,0.11243746775172826,20.305991316320426,0.5379515657913634,0
0.47673565203693835,0.868443660900896,0.15303860787138476,6.10330540689748,0.562756309018194,0
0.5396659132300007,0.8686373437208577,0.1432200733799449,7.109828168276684,0.5566074402335817,0
0.5456129818422907,0.8686098883895754,0.12694164772905428,9.900993176781466,0.58012872965594,0
0.5562283539360307,0.8686713042266616,0.1545162969195555,6.775329331678758,0.5522543818758457,0
0.5354719280607351,0.8686087088944969,0.1511484247037685,8.369401072210017,0.5405856366586846,0
0.5364283006349527,0.8686504680997577,0.12638956976138543,5.295308445476802,0.5759860075747136,0
0.557010807456227,0.8686460767230194,0.13470576677355936,11.292350969011549,0.5330811783758036,0
0.5409989450609666,0.8686253868762858,0.1339770574388858,7.775949330779558,0.5601830867769507,0
0.5771269960527946,0.868705038885421,0.1074807923750606,18.072223459546976,0.5808187147266126,0
0.5285374888829154,0.868579322871493,0.1743370885506197,6.333090285786694,0.5810832205097993,0
0.595684797503334,0.8687602514697846,0.1415216192180125,9.693607621929461,0.5922146267317766,0
0.5906098550117234,0.8687756023997083,0.1365973906317773,7.730932650451961,0.5672719520562173,0
0.5316296632350973,0.8685956232634887,0.15056851952952932,8.93027816172154,0.5492229113473016,0
0.5457911311713627,0.8686198446150796,0.15352380398433566,4.841753805922283,0.5638511104361646,0
0.5255345924582416,0.8686215595892817,0.12979526778043343,8.601206197084926,0.560011505005972,0
0.5203913288083727,0.8685629572281099,0.1603300570226269,5.190198491103527,0.5602782119694413,0
0.5846081019029516,0.8686802208737553,0.1596234981120849,4.557224540362516,0.5811073079875794,0
0.5343106347646543,0.8686075195537413,0.16146443770540583,6.518731232590522,0.5572896061844074,0
0.5972091205433787,0.8687881081204912,0.12119924664561016,14.579050916525066,0.6028314379893996,0
0.539842306918891,0.8686153119132127,0.15963637487041396,6.828421245999372,0.5625839967204725,0
0.5825963346854159,0.868742233510376,0.1428001623060335,10.42459934801125,0.5953461105999637,0
0.5415223797222544,0.8686192709503123,0.1074480766978531,31.13467046925289,0.5262707384038496,0
0.5355132257195293,0.8686402824518504,0.15259197536349153,3.7784604680192793,0.555827522773242,0
0.36194599747321465,0.866298922229905,0.1301141882181247,7.124146568845756,0.4625154084278597,0
0.558269999342538,0.8686622422590556,0.12485006242045137,13.836045663170069,0.5671930895173256,0
0.5589364133821451,0.868641165956213,0.14406393929252428,7.504320838408186,0.5728443445077946,0
0.43551871867657405,0.8683421161601986,0.17742654301360808,5.790343099923165,0.5284870956617184,1
0.5270166656819533,0.8686118016779147,0.1375316331658851,8.477594456655646,0.5682900320685046,0
0.5111752566000164,0.8685751053810481,0.13977743702850043,6.490149207589226,0.5573829103057814,0
0.503787446692064,0.8684853964435945,0.15811032420302393,3.2375505486051437,0.5645833619216434,0
0.5362654015445687,0.8687396974471305,0.1140002236897898,17.467841936992098,0.5558466043980653,0
0.537194943703286,0.8685857687610258,0.14402684463831236,7.575234825686354,0.5676963187907373,0
0.540704632720165,0.868648800150512,0.1403100553252589,7.448822581777831,0.5932624195694977,0
0.5020884679360124,0.8685248477499856,0.1393294039855056,9.593174884227361,0.570917368171927,0
0.530326973724005,0.8686084029853213,0.15025562353855595,6.6107836706935466,0.58506040215096,0
0.5149899881393379,0.868555635515058,0.12499522629048983,4.118152464612418,0.5657633815154156,0
0.5256841049767044,0.8686449147085412,0.10938929067658676,23.948619755436745,0.558693964326395,0
0.5175094537103734,0.8685892622106399,0.14087916768067177,8.034918082452908,0.5831194961877186,0
0.5690167335200772,0.8686534221960246,0.14774483871354252,6.909042099647744,0.5696591936764164,0
0.556674384633752,0.8686859573802957,0.1549809946167423,6.603164333906066,0.58142252397226,0
0.5713164633273117,0.8687046036066709,0.13352744458278665,6.851661961025621,0.5749962355758793,0
0.5396603282137612,0.868636271493609,0.1492317555471827,4.041085491298625,0.5709953894858897,0
0.563725862790308,0.8687103065421343,0.12455829152627867,14.487406761130297,0.5712564982226244,0
0.5077763918460286,0.8685071561719874,0.15366557266473366,6.295244201602946,0.5590891012908087,0
0.6258235105651008,0.8689874047528653,0.12024544823218468,11.500247266988337,0.584591843554429,0
0.5201742971040636,0.868575089494744,0.15940893582097662,8.149516166153798,0.560403026102736,0
0.6042426121457607,0.8687419432451033,0.13740342557036755,8.613329488366887,0.5541061985003664,0
0.5807155762056134,0.8687740893408756,0.12355114967167968,12.723150026756691,0.5799798013849683,0
0.544144316949577,0.868702528136032,0.14953023122298287,29.265291734758787,0.578684853576442,0
0.5070359303421453,0.8685680444457063,0.17995260367673183,7.511080299710514,0.5237076954401276,0
0.542827946692687,0.8686819657681687,0.15006835637948848,12.201761623406563,0.5560575971580567,0
0.5470852761521243,0.8686807272348597,0.12300379246035542,11.405825086953774,0.5802701862592077,0
0.5636618481557757,0.868645084675059,0.14534750624166054,7.162280165061922,0.5886895438937073,0
0.5186972287335336,0.8685970712437946,0.1505557022478969,6.225133095608949,0.5799565846284894,0
0.5432427962793787,0.8686644861951637,0.12529873040988274,8.350040369143887,0.5685734490610623,0
0.5496818854285567,0.8686432383003354,0.15611510708941792,14.346594889749396,0.6428914651748263,0
0.538656788160511,0.8686327519410879,0.1291930099430357,8.230103149616664,0.5716697923948669,0
0.5928832322000813,0.8687158867108361,0.14270586161241305,7.00395033048877,0.5980060681273454,0
0.560373586150732,0.8687452894833116,0.15110928607725102,5.201176085558625,0.5749442802331014,0
0.5397160631424387,0.8686212638471137,0.12765351058378452,8.910749742524265,0.5634548678553254,0
0.5519604211490744,0.8686916128181519,0.1310272890498486,7.026614485162484,0.5730713549836239,0
0.6520447728576957,0.8687897504016443,0.13248076650362842,13.506075386631458,0.600972995170863,0
0.54171498413799,0.8686198003569162,0.12692951495406027,9.792444638278159,0.5829216218332474,0
0.599929210809469,0.8687368232192396,0.13692414845740208,10.092461981233967,0.5914044420944057,0
0.5738693065111536,0.8686333683754507,0.13823597189269024,11.1480876274054,0.586346189735064,0
0.6110885263314106,0.8688150883194137,0.13600378469634802,10.793025979851272,0.5555845507186389,0
0.5865477821787424,0.868804057131761,0.1333202877651531,7.068814836176422,0.559615616746209,0
0.569833020777272,0.8687032430642047,0.1240766407237388,14.137146469867755,0.5805932506210036,0
0.5686898522394276,0.8686994564925966,0.14512944751164628,5.06234557166502,0.58068662474015,0
0.5641435602793157,0.8687757545624825,0.14051222423593154,6.163991799973861,0.5784189453027619,0
0.6982938142588687,0.8688770122748544,0.11584267563430097,18.442513218642834,0.6235217641738697,0
0.6258086430218793,0.868695767784315,0.1495565244916923,4.281182447305784,0.5732331625494317,0
0.553174565127301,0.8686362146078327,0.15209520748757652,6.973481798140372,0.5773038519946466,0
0.5296511775480943,0.8685872894697594,0.15509720234345184,9.275589139195914,0.564905925275356,0
0.521541505197268,0.8686532514417357,0.11236068899020119,15.129963325922104,0.560677290031164,0
0.5342140490856743,0.8686322284307223,0.1286711260370201,9.668334588961237,0.5561633464691607,0
0.5228340094144617,0.8685770140016146,0.15549999031192005,5.793812993764086,0.5705472972256777,0
0.5390559432989938,0.8686458717139373,0.13545783050748714,7.637651140444497,0.5746556423853459,0
0.5756371417310097,0.8686648882940219,0.13113052659857274,12.940343282429804,0.5668676342360279,0
0.578904942251604,0.8687206635527046,0.14737710012997784,11.920979745801313,0.565821190453426,0
0.5539952599067947,0.8686691574350277,0.15283276709430196,8.534473396125152,0.5707230800532956,0
0.5504836779318913,0.8687222581426205,0.12842230575729482,6.564072807558989,0.5668497693896467,0
0.5459448974418063,0.8686640988195403,0.12284798908812537,10.654102042461819,0.5736997736138917,0
0.515210376580201,0.8685610738602723,0.1563362016379415,7.120257030504501,0.549551857835667,0
0.5459442056919184,0.8686543093783587,0.13800022284038171,17.887716658932142,0.5544358471502023,0
0.5230138725537764,0.868579857074825,0.17472783011959195,7.262403657164231,0.5579876038975597,0
0.5688558028379553,0.8687274487535316,0.13071805214225882,7.744539826270037,0.6053229929135077,0
0.626213554139689,0.868837434076803,0.13240080449793448,9.431286909872965,0.5783008792730866,0
0.4677035656861963,0.8684585834627807,0.14510355202692696,8.838237113889933,0.5561873637776843,0
0.558160724418587,0.868669417261557,0.15034262486432917,5.07815832621284,0.5673962467076189,0
0.529997105002312,0.868627605731512,0.15113430492667934,7.316478348883336,0.5448229791618483,0
0.5391212473678454,0.8686178259759193,0.16727731106485746,4.602300434890001,0.5609344012204257,0
0.643489507173335,0.8688569384238941,0.14039424739356401,6.662010776975753,0.5896646550152393,0
0.552705788341706,0.868667428894804,0.15814856604756614,4.32695896538723,0.561814512934625,0
0.60292996448167,0.8688141302221614,0.12198968632887647,13.196261810911036,0.604341402239848,0
0.5458592413707343,0.8686357057064327,0.15611469032711478,8.98331108720935,0.5661067150700111,0
0.4970740956192273,0.868472948152993,0.121565933918105,15.787134647187495,0.558073860212014,0
0.5523765194671877,0.868673585762216,0.1294780219687656,10.146896390869742,0.6190401520447294,0
0.5622296186349759,0.868776493177826,0.14320892902248264,5.256811153807281,0.5616014265417589,0
0.6251707879972216,0.8688386367034685,0.146284986858327,4.953082629294773,0.5849252046378101,0
0.585187604618639,0.868735371451027,0.1184191160652423,13.495885424660345,0.5745207324211313,0
0.5501925829929837,0.8686700487666009,0.13422006864752722,9.798702904755812,0.5614194964590723,0
0.6470144030270336,0.8687933110399534,0.1311750142820996,9.103666290700845,0.5983879524233374,0
0.5188523355467733,0.8685942322386264,0.1676303422614642,6.529648003702061,0.551599641491033,1
0.5298118696729807,0.8686180097408984,0.13266517548287018,8.394701807156064,0.5717810392747605,0
0.5203244043125813,0.8686186460110678,0.13534284280318484,6.6540864277408565,0.5601740789863596,0
0.5147107656837823,0.8685664327575443,0.1544888231597385,3.5387597955520382,0.559072071025017,0
0.535023831778634,0.8687097005726546,0.11613897325078454,14.064221620910436,0.5709813840119877,0
0.5361608637130884,0.86858778226193,0.15021805468668656,7.9683111634213155,0.5643722175199023,0
0.5483286385264661,0.8686952688865527,0.15033026047411693,6.798092550115615,0.5885204656375114,0
0.5128688105437883,0.8685650090691958,0.13215982189421324,10.198122821532882,0.570497554607407,0
0.4983564165593397,0.8685061780476683,0.15561843106879114,5.770028359126885,0.5266446584461514,0
0.509150476552535,0.8685307921742926,0.12178895849419717,4.710803487284465,0.5566824590484326,0
0.5249954061933727,0.8685921611879343,0.11239357983487734,19.985832065106194,0.5870797550006129,0
0.5248170206774316,0.8685944773838624,0.15402387715729957,5.461743678754499,0.5495203592427736,0
0.5596275344153466,0.86862208496312,0.14672506524123585,7.6025624646838414,0.5771925535920933,0
0.5169859688600263,0.8685125690107434,0.16467045959629154,8.08158730202039,0.5636221432738436,0
0.5389523418215333,0.868600872719456,0.14227384755035433,5.622395979143134,0.5689514669212014,0
0.5430966429888163,0.8686109837904796,0.14821433530541067,6.300169463913696,0.579864709013662,0
0.5491660933623167,0.8686575901321917,0.12345093577205403,10.904071754087278,0.5602600723802097,0
0.4549468703291246,0.8680880331269876,0.15748316714952668,3.03999906423528,0.5570219921926166,0
0.595174491617504,0.8689070373201734,0.14753641185620112,7.77542857987773,0.5970077205382026,0
0.5321915163198424,0.8685989968557246,0.14710548282201127,12.027079712551961,0.5730551001123764,0
0.5976767375058879,0.8687288873520423,0.14788149883105364,7.204331921811459,0.564133658488934,0
0.5673017229808938,0.8687257848947944,0.12276964432600883,14.63799724871625,0.5602020437731097,0
0.5230917512614474,0.868595801344056,0.14476483720810918,10.139590411615236,0.5442179212280873,0
0.5221345503597944,0.8686302868902797,0.16622618698147915,8.90283534431182,0.602257160211055,0
0.5610428284085384,0.8687579905818842,0.1588303439067307,8.682243727911128,0.5742362763538927,0
0.516784238207475,0.8685767997714463,0.11666630799584214,11.400864215565273,0.5519988389512454,0
0.5698955589736133,0.868642098229249,0.1522735067040536,10.269789451747657,0.6086327483496697,0
0.4737203808742416,0.8684297594140596,0.1512221413268038,6.624462701291425,0.5185566331113937,0
0.557053819873183,0.8687017974540829,0.13424278713776264,11.950833375328255,0.5663907974345863,0
0.5021844059491253,0.8685306737734634,0.1495312491870735,7.222491945340183,0.5339271422090933,0
0.5477740883314797,0.8686292562864729,0.14966831988333948,5.617292314068906,0.577180363327973,0
0.564228437264093,0.8687792915035093,0.1414739168875938,5.8966749621083,0.5695008382006416,0
0.5672921821212203,0.8686544417409953,0.14178409032673692,7.880936294626322,0.5752785938690176,0
0.5276570612059649,0.8685873081031534,0.14979157121490946,9.428963947433248,0.5767007460991787,0
0.630328879352246,0.8688214675960323,0.12869403887584818,11.736647071592659,0.5699253958675427,0
0.615914646025391,0.8687637333063849,0.1324817420646701,10.94299980007596,0.587806119838309,0
0.5422739691914144,0.868613389810028,0.128728394077247,9.584255869534203,0.5502042103477427,0
0.5797755691061176,0.8687793119238414,0.15002980546117617,7.723918355831915,0.5930351427430036,0
0.5491304970520203,0.8686319592277824,0.1273135709896213,8.526247687084343,0.5661414375135844,0
0.5767998656052636,0.868703939767062,0.12888691979337083,13.636246221442843,0.5960625152647157,0
0.5809847810405734,0.86877847379669,0.14324425928891643,8.543092292064442,0.5600634996006287,0
0.534200959474382,0.868596188936396,0.140512801984325,5.01948010905312,0.5488455404744207,0
0.5813983232266834,0.8688174257697586,0.1441962724850603,7.483368492386321,0.5782410590418027,0
0.596310222198273,0.8687304313278187,0.10987750198615448,12.324835234563457,0.5339041585901797,0
0.5442707011295881,0.868620108143883,0.13973175863172196,5.486760199589842,0.537663879408684,0
0.5391772024426084,0.8686298798614036,0.12283687608929923,11.350284175994418,0.5298665097419883,0
0.6673304630297686,0.8689077117244524,0.1491697773695605,4.865632857739516,0.574099895980371,0
0.551098504161025,0.868655457569044,0.1504805987421568,10.398193161474811,0.5791530821552493,0
0.5184883279178144,0.8685772348423111,0.13995529121178923,10.403856517209528,0.5441686590057057,0
0.5249170578987167,0.8686286074713957,0.11332198941919314,19.130450989584713,0.5885088684666046,0
0.478760665779942,0.8683845307971468,0.14356931481647725,8.45434018988441,0.5278777906914619,0
0.5236381168517367,0.868590737753745,0.16076640704421707,6.871707048712787,0.5640186104237693,0
0.5565741623340746,0.8686589381589199,0.12597222979048275,14.351360836956122,0.5734323279688117,0
0.5709990072312846,0.8687218806968233,0.1423569440350552,8.567544009329593,0.557581434634422,0
0.5400946008302149,0.8686495780461817,0.15091993326810163,14.077726846213665,0.562882210866355,0
0.5455233829409948,0.868691373253664,0.1250519073235346,7.023303248039045,0.5544406988495912,0
0.5204249599171027,0.8685515004814587,0.12917126856579159,11.945438888567853,0.5865061332912412,0
0.4836786517858724,0.8684263495667849,0.1562711732076334,5.289637397647009,0.5570934883020654,0
0.576315041528424,0.8687905825128494,0.1183746406385889,11.32127376800393,0.5530988292882053,0
0.53321727168853,0.8685984263298927,0.17446323212625645,6.573304011890287,0.576957015858643,0
0.5044749620258977,0.8684675026384343,0.15659908505956835,4.152451611490015,0.5527356003311303,0
0.6092575332012437,0.8688120490921983,0.11886147240041563,12.962221264563015,0.5844586081165034,0
0.5366943220418681,0.8686001495427279,0.15015576725893687,9.378796074670051,0.543313949026873,0
0.5343532493979744,0.8685878868653499,0.14574875694121606,7.1644096013567875,0.5759236868888497,0
0.5094820785313222,0.8685404686882583,0.14869717564022808,7.139285374165044,0.5689339324457324,0
0.4984035354793844,0.86847971438028,0.17720412375007988,4.311288312655357,0.5680456900053706,0
0.6312633326522377,0.8688666555686364,0.13483243256478875,9.225050089257968,0.5812258801083594,0
0.5435666190274286,0.8686573526482224,0.16170125344278213,4.284830724068173,0.551771556462873,0
0.6055503942331876,0.8688248138763717,0.1187503467836266,15.540658030976793,0.5678603876412384,0
0.5491990601154407,0.868646199796386,0.15115857858912948,9.348693664515544,0.5787221846504734,0
0.44295981523335765,0.8682283043795733,0.11922659030609006,15.190230832384575,0.5781723608282897,0
0.5579664522021076,0.8686861380434533,0.1161060440614954,15.773663073463997,0.5950668395641977,0
0.5582821100877193,0.868736787986036,0.13478577455073734,8.16428501200869,0.5709327478325649,0
0.666026284741176,0.8689139364906184,0.11733855483139986,9.51094975523447,0.5953329317025143,0
0.5798202475146237,0.8687369438782757,0.12237865405172488,11.197471237488877,0.5780828874290074,0
0.5431289247792437,0.8686388366717804,0.14395627428821692,7.028491900408313,0.5519718668183123,0
0.5762222556684781,0.8686825046544145,0.12893225893048696,8.506212680729536,0.604889066848482,0
0.5403603500595944,0.868647670168377,0.17225505545897632,4.623490374080338,0.5695569777554617,1
0.5088922382023684,0.8685624741982524,0.16532858960323893,5.691911239531335,0.534165387069019,1
0.5363982210645951,0.8686343112022846,0.13713404843136434,5.7723050074695905,0.5750329622941663,0
0.5269822020662277,0.8686413305865736,0.1295457984398,7.1101085734373415,0.5622119957539037,0
0.5026477762754483,0.8684886361685188,0.15275670406065622,3.6669220266249214,0.5533835109983917,0
0.5299751656572239,0.8687354855333673,0.11718389957758375,12.786249762774782,0.5668080194468,0
0.5272084512860552,0.8685582313184681,0.15161316725245746,8.024281537749069,0.561985569115909,0
0.5398546617651733,0.868676109074544,0.1452982708895767,6.200509599945385,0.5346414391075213,0
0.513181924366244,0.8685737670175052,0.13309083086853435,10.798276705190608,0.5781281777000883,0
0.5079938835301809,0.8685537806486563,0.15903184287274477,6.206684797868973,0.5630163889305736,0
0.5092362211451973,0.8685629780066577,0.11986832130184388,6.285522146611772,0.5669549940523233,0
0.5326474863430256,0.8686870917420944,0.11035597992908651,23.257508783424726,0.562914557185619,0
0.5338307148046337,0.868621916444281,0.16072678262010306,5.5270397722406575,0.5496715932262779,0
0.5408682664260773,0.868590881883997,0.14582295836101752,7.034827500580419,0.564420376053532,0
0.5320130970091753,0.8685853964394971,0.1626435371107533,5.616112087162042,0.5702451253788516,0
0.5356069611839688,0.8685775147007729,0.14683612645284158,4.014942394135024,0.5649621082546877,0
0.540023385406592,0.8686086044655225,0.15602309583110827,4.58079479304783,0.578817817777568,0
0.537272947958915,0.8686416469702253,0.12293646060294304,10.2355073268132,0.5651262762514296,0
0.49183107134243303,0.868387201493551,0.15182799567791996,3.8064211822573397,0.56046321887929,0
0.574027059367238,0.8688942752899437,0.14641949268726692,12.60765417530785,0.565051071386732,0
0.5553862645200687,0.8686493898348727,0.144631817039924,9.528240200465838,0.5733704417630573,0
0.60762606322546,0.8687512989907707,0.1434607556579276,9.399037691554478,0.5932155066611297,0
0.5461760771038361,0.8687083517918849,0.11539185032806797,22.23673911590466,0.5920419862800347,0
0.5623191914185134,0.8687098988540116,0.14374982056021843,10.557852063483864,0.5673869256353518,0
0.535003792952253,0.8686287739922959,0.14741402222902245,10.804498042194956,0.5712439571448077,0
0.54200934773675,0.8687377830818503,0.16009960474684137,6.278470039719994,0.5579446479629286,0
0.541759176062148,0.8686194494778693,0.11911524693801671,10.9121350529907,0.5672858629954837,0
0.5019330453393019,0.8685371084390168,0.15522642219198438,4.721541790741386,0.519573526872377,0
0.5126959293204449,0.8685613027614827,0.15679708948112736,7.647087500186971,0.5667878272151577,0
0.5956298844720053,0.8687719601825821,0.12879665124031722,14.513139828372703,0.6058789751087804,0
0.5167594083316946,0.8685550951157374,0.14623581591875584,6.644502317102753,0.5522096126849004,0
0.5819447567646704,0.8686593504949477,0.1305928986837099,8.392462347021327,0.5475487598706418,0
0.5853662072862876,0.868804194387364,0.13462369813339947,6.914612690457365,0.5912290101507377,0
0.5523375508244422,0.8686500186401923,0.13360886813449938,9.678031925858573,0.5853387876115067,0
0.511195181173794,0.8685136649118194,0.1479302531317717,5.935730110163299,0.55263941722756,0
0.5533569409635544,0.8686928685157863,0.11991220851546813,9.75958408607228,0.5716424071628877,0
0.5317869325762654,0.8686224989076994,0.1271668580493504,7.5052194667196614,0.5542232385274747,0
0.571546413825751,0.868729788089753,0.1481032295259633,7.806940840567228,0.5435608180338947,0
0.5476361727709079,0.8686255001189526,0.13003468679305488,8.817515520846529,0.563499020481875,0
0.5767607838037593,0.8686984492879303,0.12585993780444313,9.831645310861722,0.570296525854263,0
0.5970128854956996,0.8688158292127692,0.1419523836522639,8.359207765244406,0.5699048300695683,0
0.5827277427205716,0.86869137667793,0.1591402851927072,5.394160864378802,0.5655045946720855,0
0.4895548943990553,0.8683196684641273,0.144425992051997,3.40827429248326,0.5584670133947727,0
0.5723812032881893,0.868797344632562,0.15118451032421212,5.823253003097153,0.5818787808956737,0
0.6300723797698433,0.868759625408627,0.10892240545013963,15.70621801847439,0.614720981349417,0
0.47882267359059366,0.8684897902970302,0.15505763558175217,7.83158764494002,0.5380205518992723,0
0.581074220182798,0.868721611366804,0.12425578409339737,11.77369405061666,0.570925965697357,0
0.6013197908641407,0.868822402539536,0.14086750448275867,8.081371619981073,0.5954427270180793,0
0.5387137384375754,0.868588843380811,0.1423341840852858,11.919780065372235,0.5547663433404922,0
0.48664389360609167,0.8685447540894207,0.1662551398459473,8.169818102024726,0.560132654975995,0
0.5243834638240247,0.8686595617675813,0.11170634143525683,21.219309855434297,0.5548243705295915,0
0.507465970313181,0.8685723772674843,0.13186204783536695,7.641698766108202,0.5726169126915416,0
0.5454432225910796,0.868642462845466,0.15577391869350146,10.618288468336656,0.5626937879085547,0
0.5074927603543876,0.8685592189128757,0.12146674530583135,13.881367166806957,0.558250157370589,0
0.5698843600366227,0.8687364763469824,0.13512147084734583,8.774248049020498,0.565432568786341,0
0.5439225592405287,0.868652727474089,0.15029167084084025,11.285561293534906,0.5622455415935367,0
0.5395032653565129,0.8686616294031683,0.13019469089958013,7.420124306226447,0.567133892831332,0
0.5220127521427653,0.8685564042833196,0.13750893211744467,9.129288991935299,0.5804543644288657,0
0.5303705642290586,0.868611210334317,0.13983622344387012,5.593944288182788,0.564652461252557,0
0.5300493576132803,0.8686556928840741,0.11455891542236246,10.06317705055899,0.5634517335145667,0
0.5370664952735603,0.868607414452316,0.16007252085695411,6.940472602074718,0.5447322812784163,0
0.4933989862186403,0.8683959834840934,0.1480783386175666,3.134334504374499,0.5640163819321403,0
0.5948824032854884,0.8687993363456651,0.1117280199365062,17.94888666209898,0.6009862277810566,0
0.5409152709143973,0.868604916218272,0.1387522660293319,8.527202936317666,0.533576600810192,0
0.5304924228662994,0.8685960704452708,0.1432691372041461,6.0568895876674596,0.5747295979274113,0
0.4994618283303627,0.8684911619422753,0.14789272795052397,5.482043097464307,0.5669079797390922,0
0.485720964691845,0.8683992991333137,0.18829845282040894,3.588490668513447,0.5433979411539653,0
0.6060266757929577,0.8688342318671602,0.12896630429757233,6.076248385371316,0.5875565323110944,0
0.5519381111773674,0.8686862941134587,0.15459150448967396,5.05174186871842,0.5731653862858314,0
0.5844462351907183,0.8687919954663297,0.11968016571053909,13.564554714138048,0.5513438622147103,0
0.555295475498368,0.868656870087734,0.1506446857722177,8.95259138765469,0.5464361548407016,0
0.5234889757915274,0.8686521303220535,0.11962439161988793,15.29476126889347,0.5678587175544992,0
0.5883689847129296,0.8687299233508233,0.12153298842012088,12.48382126524342,0.561988509023762,0
0.5832372502227363,0.8687919975857367,0.13438062895592134,8.221805265649806,0.5602307586790624,0
0.6480419143894519,0.8688761525043688,0.1145366165337926,8.528223949426899,0.580101606235251,0
0.5970442806181356,0.868779753988311,0.12288142845648897,11.075369818008173,0.5521115973490133,0
0.555293050104639,0.8686784388790549,0.1426100014059691,7.8270524929298615,0.5697050908641906,0
0.5960779765413493,0.8687344658998123,0.1279925199849711,7.852205471864293,0.564421390493525,0
0.43236995990357263,0.8681220146275619,0.13396596437511452,5.079836208938854,0.5326345256303187,1
0.5029457056109737,0.8685349420680036,0.15829600129377505,6.69218550960184,0.5580711887000697,1
0.533664712061928,0.8686420077111047,0.14086752369474567,5.625933878961575,0.562695876173766,0
0.5277652290785754,0.8686535053856227,0.12985203237184353,8.216138325026396,0.5616470554196843,0
0.499222665061833,0.8684686794014004,0.15606338234016037,3.664669462322031,0.5560360163577079,0
0.5424343798602277,0.8687955401468309,0.11663387203543013,12.13163029561724,0.569385251826169,0
0.5340537626301547,0.8685852925110863,0.153986826378725,7.276717102011863,0.5668695069839284,0
0.5373586455645193,0.8686680168659356,0.14251314521624023,6.164626806683492,0.5768584617208014,0
0.514049324835733,0.8685786475038824,0.13464700623430034,8.82045556838679,0.5556531298459736,0
0.5000786958353111,0.868533060130269,0.15518994033288633,6.6904396876626695,0.5615696069962176,0
0.38308332758173297,0.8676551739933224,0.10011482347329213,25.48989947908115,0.55487000059061,0
0.5294790988879764,0.8686421104566023,0.11327849923122031,20.626372926755394,0.5747860740139247,0
0.5683470770878586,0.8687025838051013,0.1519570913131859,7.05314273253707,0.5702425945983953,0
0.5514442341476506,0.8686022189521511,0.1422981260097392,6.912428787983932,0.5865699997531717,0
0.5494365598837666,0.8686390217610707,0.1561273198206675,7.244230752700139,0.588043171954716,0
0.5331421202550723,0.868580358634083,0.14683725058658284,5.3053666526678525,0.5668974612332813,0
0.5339761365618276,0.8685806361685108,0.16125972011342452,3.758155314700981,0.564926197871236,0
0.53408312664509,0.8686275608957539,0.11935853590079211,10.534973131148636,0.553968913849704,0
0.5023963820785223,0.8685228012349944,0.15226038417120838,5.250294744769914,0.551420477617069,0
0.5621171078066414,0.8688296762780846,0.1640191868882467,8.58198260881342,0.49865071696444163,0
0.5475663014456317,0.8686495684417904,0.13787208210875188,10.925312654479086,0.577388748184273,0
0.6083109975279116,0.8687677551089754,0.13212489914452027,7.819094463765629,0.576446982179399,0
0.5518823745308353,0.8686723900146974,0.12012308447081056,18.0151041663797,0.5594362067144486,0
0.5451225964669629,0.868687082185728,0.13776575418371817,9.705383197052427,0.563866171567474,0
0.5529499756148627,0.8686269002208036,0.14280005972526552,10.987812295781694,0.6000021865006456,0
0.538880614390174,0.8687197699044593,0.16313309807434953,4.57459508227412,0.560820033557545,0
0.5643766402773734,0.8686581216781087,0.13911705327201826,13.080248521340483,0.587745715118206,0
0.4482414516083863,0.8684300262173169,0.15862969471008895,6.313294261668251,0.5611135466614413,0
0.5318243535433397,0.8686087801097874,0.15554020846686079,7.838593902013436,0.5621883072576076,0
0.601582564218294,0.8687918425172286,0.1298190564499198,13.629891070163593,0.566008325300692,0
0.546809917728628,0.8686118280100189,0.12878553849941493,8.100274646939619,0.5536849096635533,0
0.5616103351643184,0.868643038800765,0.13330912332714148,8.69666571504445,0.5882728973600883,0
0.571503962125001,0.8687236546725977,0.13190767399493974,6.862385846566442,0.582625411824199,0
0.5387872164101389,0.8686266582133882,0.12208926862702424,12.433962997151546,0.5257109111722155,0
0.52297079936306,0.8685785453291492,0.1597188310577048,6.663291272465662,0.5681107692488867,0
0.5500691688239817,0.868662370128758,0.11456986636372428,12.930506733338971,0.5572157533117367,0
0.5301794748830083,0.8686197716482548,0.14246494651997837,5.9125221839214,0.5583405268057967,0
0.5427888536871667,0.868625555605138,0.12270277031126424,10.452524577538313,0.5793766711873624,0
0.5999562569874267,0.8687362753893173,0.11743716362087032,17.486520457039024,0.5979873494697593,0
0.5983854511937813,0.8688371225067569,0.143738226029452,6.507248142372581,0.5843311042613494,0
0.5849586663989866,0.8687219132608144,0.12858020051344282,10.535588897366136,0.5743145236885727,0
0.5576698204523987,0.8687265575993317,0.14687373650411664,6.881666512546322,0.5420337122675657,0
0.549106640349004,0.86863457410718,0.13783712253332822,3.6033916229539193,0.561665124639638,0
0.5794410605558543,0.8688231100079781,0.15786971886855436,6.569254193166671,0.5737977469392496,0
0.6138998465389397,0.8687785563928297,0.10946498748476956,16.440969443854762,0.575572612428864,0
0.48244674238067264,0.868499271817233,0.14807943045797492,12.843122918484438,0.5684337086045164,0
0.5532040515795333,0.8686588608615172,0.1262883336253999,12.119486638249782,0.5422873322210059,0
0.5971724987916043,0.8688478054653673,0.13174777916416847,10.151127049560404,0.582373656260268,0
0.542348038710174,0.8686335817899572,0.14160519372954117,10.82578341086315,0.5662472467681517,0
0.495958625229304,0.8685471994616853,0.162502355436821,7.867793827324886,0.5595536878360438,0
0.5308245721613374,0.868651975710002,0.11454779701596303,20.73349170218825,0.5700053760860984,0
0.514132983419604,0.8686115594060874,0.13874049374084016,9.45566761641529,0.5675627009671907,0
0.5526979082832664,0.868678656776613,0.15433282786905367,8.640651294191258,0.5860325415070947,0
0.5057053268079453,0.8685224299639994,0.11836398859735163,8.159682791194879,0.5655311961692261,0
0.5544976769337326,0.8686969139286825,0.14463130807331018,9.083636032479564,0.5651705770241363,0
0.5296857565434647,0.8686090127386263,0.14778209893033173,12.006398445054504,0.557733316221344,0
0.5540332184085509,0.8687190157378003,0.12704276534372386,7.796221743300297,0.5764743923422253,0
0.5336599662235907,0.8685882795055878,0.12689604313584593,11.816217331390098,0.5857333672948424,0
0.5138996842779654,0.868524920079166,0.13636556735642713,6.7332387006781715,0.5458608292253794,0
0.5443410297938797,0.868741511281672,0.10397174662290033,10.797482400962704,0.5721151000324434,0
0.552178182016385,0.8686255825318158,0.1505309930652779,7.976300179337055,0.5908596732822323,0
0.4681954461481293,0.8681957624425763,0.14074852154298187,4.646603490015949,0.5683140518870546,0
0.6092508831676696,0.8688135685324633,0.11736044135338693,10.513328317070368,0.5620265291111036,0
0.5256108731220596,0.8686001324863607,0.14882050912150505,7.402278050219236,0.5877940666467754,0
0.5492360927850404,0.8686481039699007,0.14188005833193754,7.226764762016994,0.5645730300997583,0
0.5194573181459731,0.8685697835881684,0.14703307096066623,9.56117768974833,0.5573183240176993,0
0.488512382708683,0.8684503280388346,0.19173112681125856,4.132036334932753,0.5627586424353743,0
0.6079010033495696,0.8688279405360414,0.13299727369971834,6.076871144544893,0.5924399277118136,0
0.5522753832547197,0.8686922627802294,0.14793076876912284,4.049915756981029,0.5699299197111234,0
0.5815998152342164,0.8688029996776714,0.11734927405176383,13.737434084657009,0.5936153584277887,0
0.556122783638617,0.8686598207806546,0.14497183816136014,9.990084139641807,0.6019453386227207,0
0.5205396432921984,0.868555878356332,0.12540000816192062,12.13779621681603,0.5486134269800774,0
0.5898651244304243,0.8687458854163971,0.12202247076140964,11.736755756020827,0.5764992336734193,0
0.5756515781111163,0.868777541783301,0.1301712498799466,8.901162949006576,0.579925357360862,0
0.6146367993700913,0.8688323175094302,0.12054483144788347,6.888391621305817,0.58732910263603,0
0.6072417778261386,0.8688180668945492,0.12481613350027258,9.98754153159594,0.5672199419655556,0
0.5489626363608413,0.868656192707599,0.14877234276046117,6.194439974924831,0.5628091110711276,0
0.5971784973001025,0.868752859006008,0.134093063695873,6.188052818894783,0.5863793665518613,0
0.4998109156775527,0.8683599726855551,0.163467205780263,6.219618138175426,0.5717602371939087,1
0.44905925947557573,0.8683955301092503,0.19766754874127512,1.3586517828275897,0.5826514063430873,1
0.524678466492267,0.8686204564760324,0.1467620792822588,5.4713450643639225,0.5513438381833397,0
0.526783702157383,0.8686159842730734,0.13526080221935996,7.936846036435576,0.560465194545237,0
0.48591346187943335,0.868331740884499,0.16249067224433292,2.7724981622080915,0.5528253021503736,0
0.5414934003282637,0.8687579545550923,0.115107244587494,8.627551061725024,0.5776010826071746,0
0.5174957538463277,0.8685274860766498,0.15172940594761167,3.744621197404017,0.566656339826135,0
0.5272688195764647,0.8686101894550893,0.14368997973419714,5.489104675989057,0.573883100672698,0
0.488059676541781,0.8684996439683594,0.1401452805641303,8.027277087327066,0.5611503169319494,0
0.45065315213128265,0.8683056525762566,0.16491370741170297,3.896796395855843,0.5629016590297159,0
0.0023077482192179,0.867285084157367,0.16120267551571688,7.541290454453611,0.4721028386872754,0
0.541805887058745,0.868694414973378,0.11272114509376763,21.115912205916523,0.5587420308008073,0
0.5722570336343596,0.8686803736406946,0.1517152142231195,7.567795636009068,0.5629666347313936,0
0.534317341450571,0.8685668593474376,0.14368945364543698,6.505883326040731,0.564567342486923,0
0.543869380681119,0.868600671141902,0.15380639621243866,7.33381213125059,0.5764624878918946,0
0.5467917385685753,0.8685885772165647,0.14420941209816648,5.742001956728072,0.581303208049824,0
0.54014758764502,0.868577492424952,0.15969383570135146,4.090821770295505,0.5709801664007573,0
0.534444370360214,0.8686379368581832,0.11105229753769087,15.507111495750694,0.5630180963138933,0
0.5185672287439826,0.8685759807775074,0.15105850930445808,7.493377015371405,0.5505509971233277,0
0.5331002547061346,0.8686411051746102,0.17671323191960134,5.442383136225894,0.5759432281953191,0
0.5175959475369,0.8685792980418192,0.14958054371163665,9.832148957896571,0.5492895290524407,0
0.5720921888474036,0.868704553865011,0.1369369507397965,10.209607751173813,0.5589300687060056,0
0.5298558473484679,0.8686445481125181,0.10795741645728237,29.61508371794824,0.585763993680473,0
0.5101856514124979,0.8685472394938222,0.13816504269622132,16.45373627900017,0.562637928162462,0
0.5765987574202374,0.8686204770275493,0.14218962712810987,9.639276086353323,0.5449636305769651,0
0.507589941405575,0.8685053412172444,0.1856967752009486,5.607248743756818,0.5593589923785323,0
0.518247283132541,0.8685628577206748,0.13851705519038823,5.39064912462096,0.5132748621604913,0
0.46536828652494505,0.8687034439436082,0.13122171665897672,13.230443921820626,0.6066269084223497,0
0.4988274451928907,0.8685322583935493,0.14708219446658002,8.152014979125118,0.5437417708895448,0
0.5869270762743196,0.8687482963920156,0.1331125900028128,9.17613172085147,0.5587480270801923,0
0.536290455721049,0.8685842564928924,0.10930235351273188,13.321145014587882,0.5978915364547717,0
0.5529340657909424,0.868629810021134,0.1297507048405886,9.33714367704005,0.5498244788285287,0
0.5534693691427677,0.868627862900627,0.12678374448347862,5.870571292694824,0.5833278446747814,0
0.49276805207398433,0.8685366764824547,0.1417132770569187,7.405810553768716,0.5761787011452487,0
0.5242129556094106,0.8685534542904106,0.15837694047049244,5.450584945897031,0.5362477910695717,0
0.46840903197028333,0.8683928674505873,0.11486554395882968,12.162578041558318,0.577445217298556,0
0.5476019021478077,0.8686399463673139,0.11867289673789307,8.880326270475202,0.5702142358816786,0
0.5817447943538187,0.8687305593120417,0.12606230598117354,8.753180189565873,0.5332092122744417,0
0.5609342853430029,0.8686883671648538,0.13942377571167272,6.880821396458371,0.558354423553603,0
0.5520765194483049,0.868668562051961,0.11547990877968879,13.882407766328342,0.5683979051265023,0
0.5397238938683984,0.868650860801616,0.1526919606136313,6.644133470728786,0.5591862356745744,0
0.5114006353670644,0.868555941250841,0.15781483556302958,4.398584410172599,0.5673992185655851,0
0.5288673520025999,0.868630235686293,0.13253853794196913,11.6694295846576,0.555985052020601,0
0.5327862681186747,0.868589287647407,0.1433285721072609,2.1033583351135907,0.5845250471719633,0
0.5639795670013187,0.8687749112765863,0.16056120216882397,6.224225857538443,0.5710790956867936,0
0.5876917625583497,0.8687502636042247,0.10736171286021771,16.35221333449535,0.5608378120700687,0
0.4404525170598454,0.8683780278259784,0.15174111009803046,6.16037987705496,0.546661219614592,0
0.5474731146617481,0.8686692284013153,0.12331640672631457,9.044631429182184,0.5687824929253934,0
0.5882937071988427,0.868816070012223,0.12921573054515642,11.47282286168864,0.5750170429563414,0
0.5227470721519056,0.868571128536201,0.19743852149905497,4.391993454842902,0.5416842123451576,0
0.5500291605413653,0.8686333644311683,0.1358179673958968,9.705104322499368,0.5816301158360306,0
0.5242837233842467,0.868575329928453,0.13976622689836513,11.8087386419984,0.577732427152365,0
0.5183257147003281,0.8686013294656263,0.12119981935678163,14.177347635299165,0.5386529088828736,0
0.5132443614145313,0.86854408914958,0.14982871207929602,7.230155869632394,0.5508813728932243,0
0.52373707672463,0.8685901552477256,0.15727303918971802,9.410701900315637,0.5550484286982144,0
0.5031781983052334,0.8684145103092561,0.11897170881641467,7.861701771640051,0.5479119939989823,0
0.5424606248974077,0.8686511624870578,0.14303992892733852,9.547792361890785,0.57159795993844,0
0.5332228779608154,0.8686139676666356,0.14550475938212318,8.858793522085458,0.5726907828939799,0
0.5530870488868703,0.8687027027222344,0.125579547499083,7.7804741180043795,0.5737453034763543,0
0.47218901091032,0.8684547702041336,0.1290685055894849,10.34670705775411,0.5622160708924581,0
0.479220463195563,0.8681937990307009,0.12608502165409158,5.916446753276317,0.5461144554146017,0
0.49053836402244233,0.868421590420411,0.10248627545159962,13.686313859703123,0.5768837234810548,0
0.5266397787765783,0.8685901593095583,0.1444630065405279,6.7871123906297885,0.5274618011324956,0
0.460481052277262,0.8680536706075507,0.12111029168316469,9.856846962501152,0.582372885060994,0
0.5889648595161038,0.868780707465486,0.11747065655132798,12.360425841508198,0.589162680054608,0
0.5476030691448307,0.8686311822414147,0.1512743259490492,10.605682588008651,0.6428479757571554,0
0.5286866851730186,0.8686045032681956,0.14209436202147077,7.8219534489755,0.5823832566896887,0
0.5107947012046957,0.8685376349315104,0.14672603045227417,4.674192185273392,0.5617169687540303,0
0.4634258535155283,0.8683473252153328,0.22825353030093654,2.907020982030826,0.5603949391256676,0
0.5767486364189556,0.86873905545356,0.13223932984011574,8.086324948639868,0.5807067333107023,0
0.517037172315322,0.8685790408778616,0.14449891827871117,3.976671859990619,0.5484805424057907,0
0.5471847075374806,0.8687412073459684,0.11392339872249672,12.254066557430335,0.5622055289715783,0
0.5409702979361183,0.8686282466246237,0.13620134932624103,9.075290027381804,0.5619502371275766,0
0.5197695636202476,0.8685626960945149,0.11575425409489896,11.721515611680758,0.5422457677592271,0
0.5698174162731013,0.868719242006558,0.13090173349095013,7.8970908610586665,0.5673442185883203,0
0.5776105254800523,0.8687434637452677,0.11498648183154468,9.248956626179034,0.5913716861168843,0
0.5651589032085086,0.8687262611135237,0.12169993526581903,9.608958992133443,0.5508954692050466,0
0.5430399048558224,0.8686455335084245,0.15289735664041493,5.423047009791911,0.558958690915501,0
0.4099109760987507,0.8683296759910637,0.1742847380366145,3.9110364537638658,0.513285518448187,0
0.5190109641040977,0.868575461117023,0.154580422236641,3.4429501917258576,0.5566718444477723,1
0.4868982510849777,0.8684189820516298,0.15955860663910545,4.480984274554173,0.5624293341206626,0
0.5480737685617579,0.86869831882588,0.1290690815390277,8.63548145448962,0.563379073479417,0
0.5469655166863666,0.8688904166868493,0.11736034937613693,8.62633972856453,0.5678926265235573,0
0.5216517271512786,0.8685652281551772,0.12181112590355574,8.518824405001538,0.5671973634740843,0
0.5147462973693621,0.8685783227255519,0.13603935659512817,7.7605932236901936,0.5741092082716857,0
0.523804949847356,0.868621009256915,0.11467918752425967,18.472092052919244,0.5656460905889783,0
0.529714970580897,0.8687136870406459,0.11370417117990261,21.983083647173732,0.5595254097947403,0
0.53148163009106,0.8686061564586,0.11179315478705908,30.058350878953696,0.5730090299507786,0
0.496836949522014,0.8684605076523636,0.14587113318724007,5.437017463288434,0.549945295526591,0
0.5266817285762063,0.8685881704881621,0.12151128420148315,8.057884487028147,0.5721017170638613,0
0.549510295802275,0.868627222202488,0.1388120505244406,6.776468023883,0.5628638884785734,0
0.5222837895155387,0.8685809303164836,0.14098631841440168,4.688816201752531,0.5584940464671857,0
0.5332342095615596,0.8685910655450213,0.12716667069996074,13.14199005258029,0.529591211617942,0
0.438769229815768,0.8681312330992813,0.14861081744973767,7.236969118308671,0.5690724365349317,1
0.4914245815362834,0.868361635139113,0.16303417420689562,4.135535917879041,0.559003899867514,0
0.5193134168196507,0.868612096650342,0.12816213941959556,14.106427480735302,0.5552041693763466,0
0.4913186976762836,0.8684413693943588,0.11666721867702244,8.12856571470161,0.5635580882392597,0
0.49678501743994463,0.8684361902138678,0.12021210371570507,11.237449144066511,0.5771841849515487,0
0.5143343935432569,0.8685734104327972,0.1315877494813412,6.8300118685573565,0.5595393103385207,0
0.5191561313546114,0.868607127725908,0.11524930128754356,18.560299630995154,0.570887782743045,0
0.494222454635395,0.8684759419566449,0.11494195496350092,18.510718154656967,0.5712726643494883,0
0.5261638453440557,0.8685930563738867,0.12572479526036248,16.476612112446446,0.5534559317566909,0
0.5038493735086114,0.868509719731685,0.14836209351509752,4.445683983562375,0.5698201341705253,0
0.5052959240298743,0.8685066925606973,0.12348368506968754,7.5749417635888605,0.5582147399941423,0
0.543704892883562,0.8686221256669467,0.13817615096865593,8.540285050759088,0.5684827907670527,0
0.5228587216565157,0.8685814846382928,0.1465550951755948,5.4017190402331545,0.5558177694120711,0
0.5345405820314523,0.8685963414091343,0.12973954186414263,12.044507022898962,0.5778120335476516,0
0.467264642186638,0.8683035477844777,0.19086610808513416,2.5986099431846803,0.5519334043251364,1
0.5156810374901704,0.868594345312044,0.15294702326685125,3.829606931515364,0.5593724929965386,0
0.386703284238213,0.868162470486959,0.14356944945469954,8.513483004117091,0.5593680697017307,0
0.5179592451543026,0.868598832491675,0.1125138780355369,7.50945077262924,0.5507559052586434,0
0.5187284340949857,0.8685509270664163,0.10665885271473784,30.590867787110177,0.563424701048461,0
0.5282689869437159,0.8686082803684737,0.13468133297814988,10.483162111982246,0.5630475659500284,0
0.5354874492004353,0.8686646295824744,0.1089982028506551,20.832295160656948,0.5690839643751456,0
0.548268558479322,0.86865699671649,0.10835841398124417,17.16083782022886,0.5760769662224062,0
0.546115693841542,0.868628431337894,0.11893894111583585,18.814229681660546,0.5721169853052444,0
0.5272486473460353,0.8685654784576897,0.14785607780632354,6.835654650882303,0.5866396456268507,0
0.5274373443859858,0.8685916026265267,0.1415342187373386,8.210756612021985,0.5594167054841602,0
0.5105052028871927,0.8685557552768186,0.15442335846855856,10.79997627956107,0.5643816513186076,0
0.522535416314143,0.8685763238417229,0.13432383705769724,4.780111078335916,0.561301175205985,0
0.5363910439932561,0.8685806656332784,0.17135855586526996,8.0044803958795,0.5456616782448264,0
0.5234807736073147,0.8685812980200635,0.1137263539368058,21.460454317855977,0.5924512265771279,0
0.5205185159964973,0.868590354332718,0.1620439136869385,11.024931123571852,0.545931651367216,1
0.5181552950654467,0.8686240324108376,0.14957938116053437,4.10085871949058,0.5681156864953384,0
0.4450479252812787,0.8683551418569166,0.17531974972726103,9.741780446501192,0.565902748016983,0
0.5143099221125204,0.8685788108190694,0.11912687691451364,6.916229880017144,0.546904264928782,0
0.5332110772179747,0.8686022773951096,0.10806549549844713,30.684880033972057,0.5611638496717283,0
0.5122275224211733,0.8685537401769162,0.13340071686569024,9.554888943181567,0.574407569490254,0
0.5361791556451543,0.8687095369199435,0.10703720856334563,17.89964881754599,0.5663515115585936,0
0.5496525940439093,0.8686744670295826,0.10765410060501988,17.352338912220702,0.5922701397114277,0
0.5397276220632053,0.868627418380302,0.11204430025204237,31.757094328866703,0.5685275081407274,0
0.554710166996345,0.8686083526557521,0.1414149936647998,9.179633993943089,0.5819878589842687,0
0.4943270834798114,0.8685308377736214,0.14443874485277775,6.305940545444,0.5447818466417573,0
0.5140212487413297,0.8685588120209006,0.1531263767573026,7.870040841113919,0.5657337601143659,0
0.5183606736921936,0.8685485966365526,0.1326301679006259,5.855610067270472,0.554303366013896,0
0.5191689042926564,0.868557333434337,0.15754921271724773,12.979768400899962,0.5579512618660437,0
0.44795955263354537,0.8685110750123637,0.11717287030025435,16.264767696517865,0.5250080785511133,0
0.54427666643773,0.8687292871394489,0.10787041116417213,22.36468560783578,0.5794623420219727,0
0.5512986823924767,0.8687859361023446,0.12523103439772454,6.413762829121269,0.5656796366535093,0
0.5282935924025111,0.8686185809197059,0.13396595113504617,6.1434524765078,0.5732692336110646,0
0.5261787505376553,0.8686416732574997,0.13374656468666907,7.417422146799838,0.5606812654308816,0
0.45792400746067136,0.8679229569681813,0.14060602655102453,2.9567192683441976,0.5533736074427923,1
0.5561975691576869,0.8688202506367357,0.10337975951448335,18.61123932543524,0.5574302611081271,0
0.47081880250878766,0.868048704992698,0.13588843896573627,3.8040217491350314,0.567107545770189,0
0.5201268873331234,0.868598200820993,0.13498335541216933,7.491719443812998,0.5643553519233974,0
0.5078080874846437,0.868527550004095,0.13254919075697663,5.818005968346436,0.5637934759585533,0
0.469118234305268,0.8682706115995001,1156666666.7586308,123.1962469281622,0.4512642621140854,1
0.544031772592282,0.8687783792740243,0.10024359627303203,35.257799278337515,0.5792453212888387,0
0.5527070586827227,0.8687716266452726,0.12341697032374861,6.7840681414552195,0.5695285873081923,0
0.5246726664870612,0.8686054130032054,0.13126726568622415,6.420024660470607,0.5604543280974666,0
0.5199473889230133,0.8686358641544397,0.12587161108561876,7.881471661591992,0.5586218268903377,0
0.475984260958344,0.8683599792240223,0.1566668545629775,4.89368126146085,0.558661729493666,1
0.5304646842563007,0.8685949974636896,0.15765502644957644,2.8162330490381553,0.556524727599146,1
0.5360923701942407,0.8686196433523553,0.17296349552438287,5.8630414067591285,0.5569930564247403,1
0.386431037027722,0.8680546376784967,0.15054307702000017,3.0201951592789693,0.5332871542402934,1
0.5390587793400864,0.8686186265385331,0.11662276119037503,8.569930421668039,0.573392522822434,0
0.5618146401773454,0.868765041604809,0.13117556470824743,8.725177295915003,0.591293213565309,0
0.51904925178928,0.8685220455506123,0.1509838554164948,4.611186099735988,0.5636164233838094,0
0.549874034634822,0.868700708693928,0.11408769060844419,13.725140670168727,0.5649599819487326,0
0.5305955484726136,0.8686013672193439,0.13484409131627886,9.536161286761383,0.567875418274742,0
0.49656685179304466,0.8684987338873874,0.14245272924971744,5.96188049615637,0.552461112453121,0
0.5293911727072796,0.8686008870478554,0.14049965676965115,6.846473434719508,0.553286170873119,0
0.541892883227725,0.8686147300612834,0.13217145677125502,5.739513697514213,0.5796956112956476,0
0.49696013829647195,0.8685005198602024,0.13543559082225853,5.490179548885511,0.5680345552083154,0
0.5307462857674831,0.8685868583483347,0.15092090751527693,4.7974695300725525,0.5566582253631687,0
0.41558869906438733,0.8674532742930077,0.12026676171232993,2.2811328795697605,0.5596306444282396,0
0.560287399215884,0.8686392130232243,0.11304852571917993,12.601553606443256,0.5666157256194894,0
0.5467185512096423,0.86861789538026,0.154541887056065,4.964321485092125,0.5628385055682826,0
0.5345455950942727,0.8686099752002884,0.15355024102440143,7.197317802667991,0.5517003357307863,0
0.5494129422742137,0.8686510046545827,0.133447419463015,9.088404448112772,0.5610207906391537,0
0.5414888747854927,0.868638279905459,0.13649269694460733,7.258739666037592,0.5510439800605234,0
0.5427632761494516,0.86862125097122,0.1411763039353677,6.851455887970432,0.5280058310324917,0
0.5245002589389237,0.8685685608482219,0.17378319953791696,2.7120128528674625,0.5619095501057604,0
0.5375390749639056,0.8685787114060354,0.13914186169783227,8.988028142751482,0.5728721913246247,0
0.5222407582461003,0.8685395291740834,0.18542139312511607,5.038837410305803,0.5500553051628357,0
0.4897135200201446,0.8684819963282847,0.16807792178380612,11.069134968787912,0.5506961112331433,0
0.5094771203116504,0.8685068060277731,0.17632455492743251,2.7808953058516144,0.5645905247206147,0
0.548507495168124,0.8686049511341878,0.14241684899803017,7.182923706579582,0.5444036783650223,0
0.554112425739652,0.8686247964246814,0.17368639421498352,6.069961637019873,0.5471006772232,0
0.5599533804729496,0.868617732767643,0.13092459235544787,11.52792448820075,0.5681509474968534,0
0.5398200752091203,0.868606203691835,0.16363847642049142,6.743023251911974,0.5728141305115373,0
0.5365644623645364,0.8685700704581794,0.16049237777198316,6.900077990024392,0.5677240401890187,0
0.5586492680025098,0.8686564272913214,0.15015511817818808,6.733628602763148,0.57698932068995,0
0.5355509920270977,0.8686111097148284,0.16838920191843967,7.732517297857898,0.5451736304155183,0
0.5499650977013943,0.86861776077879,0.1540000045348472,5.997496859989259,0.535677608589204,0
0.5235068054315257,0.8685706118949343,0.1711753403564532,1.9946980415388382,0.565697022326228,1
0.4960292961815713,0.8684570549803482,0.16307450948331206,5.017642218153733,0.5500353863264357,1
0.546544407796779,0.868613565228086,0.14379920233343593,5.479425351493135,0.5732801462719793,1
0.45494783280090295,0.8683746930160622,0.1443047916831176,3.3044007859560605,0.5543330342101093,1
0.5429143176370287,0.8686002234077552,0.16143686349213743,4.044773183709216,0.5568723632920827,1
0.49224263812902197,0.8683978222110831,0.15255245583263824,3.4189644128828984,0.5608700712427563,1
0.5448140253800483,0.8686387897404634,0.13109616728583093,5.68661519157854,0.560089717595036,0
0.5758808063250843,0.8688094056269479,0.1287845502582413,9.102851700628086,0.57181345929066,0
0.5390424282428793,0.8686086320844945,0.15351116145793528,4.811262701741741,0.559547465864222,0
0.5382475104273681,0.8686387513939473,0.11546924286129086,12.28080938700041,0.5760906855726966,0
0.5234335474591223,0.8685934282073325,0.13823490444478162,8.164712163179884,0.5576560253819101,0
0.4760157982603353,0.8684294462849941,0.15016633396720735,5.780523826989886,0.5503493660230849,0
0.532003841843278,0.8686077852927031,0.14980529474011717,5.793443922117877,0.5405711109609316,0
0.5439161402367033,0.8686106239702687,0.1327107289962217,4.791067593245907,0.5687808245783597,0
0.496104302382955,0.8685128921400252,0.13739136483756964,5.062930924087052,0.563339387263041,0
0.5394192652249613,0.868596437826899,0.1466402447194409,5.565489388364582,0.5507289207096177,0
0.46337928967648434,0.8682576753308208,0.1291480201355814,2.1240692703508235,0.5629724608983054,0
0.5148634385982477,0.8685976494532343,0.1378478004308357,7.450053786565815,0.5651871271144696,0
0.548253314582937,0.868619518385358,0.1166121130135801,7.042859892541513,0.5717399660003893,0
0.539773460590204,0.8686076390621661,0.1612173965982035,6.846950325359013,0.5819526759526371,0
0.5286898956085989,0.8685939439910353,0.1506573076757681,7.567834374857618,0.5477149405990753,0
0.5399859261069874,0.868620789509127,0.13344685961494684,8.974931073244218,0.5712422391210974,0
0.5131128447287804,0.8685687222679798,0.14121290619840246,5.8521888385973755,0.5709269484909526,0
0.5381196988130423,0.8686069480322917,0.13795320469254413,6.110278995748742,0.6066992041156434,0
0.5276768903499821,0.8685764258637304,0.17097255587240645,3.035462042233086,0.5592154245025873,0
0.5300524325402126,0.8685633633872936,0.14168830912201172,7.251768860469463,0.5455327528259714,0
0.5130295155359593,0.8685630356661784,0.1823692887772649,4.834808584746236,0.5412998516614603,0
0.500537488974159,0.868495414767688,0.17458258265749738,9.151365407295946,0.5595940822166581,0
0.5291022443845206,0.8685919635345276,0.17590632384255475,2.977686999915415,0.562799230456782,0
0.5459309355685393,0.8685992331475574,0.14402835137603917,6.153981717709789,0.567659832794133,0
0.5528611866879937,0.8686193064306814,0.16165687579483753,6.459537794797178,0.5943568234363577,0
0.581358040545646,0.8686583790777641,0.1346940831930836,9.491674549682921,0.6037760379079974,0
0.5370053441621846,0.8686057323549963,0.1645879831675244,5.984261940658203,0.5661349498520577,0
0.5438101249562762,0.8685804435236824,0.1626435021742563,6.870736344426331,0.5497152109797213,0
0.5372229851416876,0.8686122388502177,0.15026890546365718,7.5381067030558775,0.5622825679946626,0
0.5382838959341311,0.8686225411723584,0.17038806274684548,6.339102579073783,0.550458971332814,0
0.537016304362818,0.8685860997576861,0.15389620409296043,6.264910733649122,0.5557053808292973,0
0.50260595884061,0.8684786208464597,0.15246247195797014,3.470059908531325,0.5721590745134474,1
0.5358585936427236,0.8686108747510436,0.12859176308816092,5.270298476485427,0.571761454410373,0
0.538779454609436,0.8686661468305497,0.1296590922575925,9.34335773476211,0.5544496695090406,0
0.5179254795144833,0.8685363078231577,0.1574184808314337,4.077224701277575,0.5674383753568971,0
0.4788591396133757,0.8684567722526212,0.1240984370298505,8.717766264309388,0.5631918265358687,0
0.5173131626925054,0.8685816659033477,0.13521528314870382,10.54357204091352,0.5734857715619204,0
0.5092229796890663,0.8685363860265811,0.15110988424127383,6.077222700176735,0.5717580581077754,0
0.5299642133126806,0.868594072123336,0.15487721221847153,6.246316358239741,0.5477152323111527,0
0.5326273872174133,0.8685800529316386,0.12979622452408873,5.368379488113536,0.5806310734985286,0
0.5047324952262207,0.868506901109798,0.13292835968953934,5.117505365195484,0.565047099860054,0
0.529329447479742,0.868577346032451,0.13645757170960937,8.47763160037846,0.5703671442220947,0
0.434324448608537,0.868021180456852,0.13679670156615173,1.5317674411166873,0.5557337797268727,0
0.519995472864325,0.8685920787578639,0.1340924834299709,6.519187525129849,0.5761121524258443,0
0.5402753650150354,0.8685894598306456,0.12096598151968786,7.171648101927055,0.5679941748059864,0
0.5274526415535893,0.8685761879600259,0.1558284191944331,5.643431714120497,0.540982128783029,0
0.5201754289420547,0.8685662299100386,0.1505054794217961,8.083280221878077,0.5777090265077757,0
0.519399459262719,0.8685815726950711,0.13311315090021028,11.005903949338938,0.565193391654754,0
0.5318102631858798,0.8686175575291873,0.14332944193954653,5.571378790323535,0.5627768064259361,0
0.5137084816818164,0.8685364238713794,0.14875893981417096,5.976823915384929,0.5415701854435233,0
0.5253509167820899,0.868571806023218,0.17009489342677808,3.1152966377823135,0.5624376236737431,0
0.5407972804306344,0.868586532453932,0.13676060895752715,8.283815272962519,0.579014431075184,0
0.5095259826571047,0.868526402156813,0.18581656556943282,4.268912400063081,0.5451934788660736,0
0.531904149517599,0.868590472763605,0.17173321333837507,7.01390784785369,0.5629562142915784,0
0.5305533981196774,0.8686055211450979,0.17131152845792763,2.8714361701044178,0.5746905016006226,0
0.5223635784653423,0.8685596973441969,0.14208220019371984,6.303967240169468,0.5825720314596197,0
0.5320072896509104,0.868572474592613,0.16311618582465395,6.91653246238873,0.5641660455523726,0
0.5729727051918689,0.8686577641017864,0.1280148728280317,12.170039085595569,0.5669480238725033,0
0.5280961149989103,0.8685925095113154,0.16909585278552675,5.797717757640434,0.547156510661982,0
0.542638611768438,0.8685933443897214,0.15427047618971731,7.481143903847513,0.5661050172080804,0
0.5571944036520616,0.8686533286013512,0.1431490872683777,8.949426678930744,0.5721335138103752,0
0.49734229031319804,0.8685131345955214,0.16080609770614804,6.311007661250118,0.5851045323635388,0
0.5239858947518871,0.86855435379778,0.14832598463745786,7.052755124673906,0.5788489741848993,0
0.5246164123767096,0.8686276342586714,0.1428250775606355,12.888520289932654,0.5476712274688403,1
0.5459205984879439,0.868618515650641,0.138775065057804,8.354453755400367,0.5552928988587009,0
0.6194017795434578,0.868954070005704,0.11921547266905193,11.287656535277707,0.5885649941547619,0
0.5332784678614857,0.8685971082512266,0.15292378841399337,5.060685367428805,0.5583948439142263,0
0.5306414221005024,0.8686374413064181,0.11542528497885794,14.315720920997046,0.560124765138593,0
0.5409100797394976,0.8686409357229753,0.14302928759763842,8.31676144728456,0.5491562680678483,0
0.525518400824699,0.8686116345590583,0.14794338361174456,6.382025928495321,0.5587283876323154,0
0.511258168204106,0.8685572511621501,0.16098641654062215,5.323210342280047,0.5681452288097653,0
0.5787892385672047,0.868661510098916,0.12765302701491035,7.175799974649965,0.5769868792599241,0
0.5386113183927953,0.8686427185804354,0.1305480295204799,6.4257837544738905,0.5573327620774581,0
0.555394602599676,0.8686282845755816,0.14155803495613062,7.440147836348735,0.566236098238581,0
0.5533868190030446,0.868871139704706,0.12211146572843677,1.856369841250491,0.5384204418181563,0
0.5336684390715517,0.8686114854558976,0.14143796283013188,5.466871964259255,0.563329919019354,0
0.6024676404661243,0.8686932490836017,0.10887901880188088,15.848744812617369,0.6002316191694687,0
0.5407961869833163,0.8686097836388772,0.16358099428993056,7.443978157620539,0.5732153031783528,0
0.5799794561768636,0.86871213932286,0.14304143811643996,9.294319892557766,0.549944146950362,0
0.5435693239766977,0.8686270916661712,0.14265618011239342,9.53091727852154,0.5473610269806893,0
0.5228848726282397,0.8685914412012193,0.13888137109682408,8.120810551279217,0.570110496674561,0
0.5447286182136479,0.8686041408437765,0.14354564144536652,8.157168738839747,0.564856036889362,0
0.538568797026494,0.8686018929952796,0.17137857814415677,3.9325763096670987,0.5513690214341543,0
0.555747967416599,0.8686192932311897,0.14013367942655655,7.6365000850757365,0.5566973128787703,0
0.536453791281149,0.8685927011153266,0.18749383868706312,4.972741489850097,0.5466853721842924,0
0.5550284962441229,0.8686371900507872,0.16233525497468007,7.217463790163025,0.5667962125010351,0
0.5391353507385147,0.8686327056277993,0.16735180513361256,4.834152323739844,0.5566330458612536,0
0.5647088959439794,0.8686547336776572,0.1394702964928365,21.712163672111394,0.5840120708572404,0
0.5220800992634286,0.8685662416878671,0.16945555401321236,6.339824800537711,0.5638431800494964,0
0.5652660047291194,0.8686565967686647,0.1503547375190931,7.630074192712223,0.5252798053538957,0
0.5304689966774421,0.8686116864098107,0.16929328094369867,8.288041421436159,0.5499731439632489,0
0.5556515907378307,0.8686100187874457,0.14542058026510005,8.538156683249744,0.574465914212797,0
0.525045649397774,0.868583206301662,0.15228522304962003,8.348067014367132,0.5842945690684399,0
0.5262756938300447,0.8685879053676216,0.16770702612183652,7.705563372908729,0.535450431467555,0
0.5659856319259943,0.8686096172534338,0.13430008389566658,11.056947079622411,0.595089097709429,0
0.534503506255391,0.8685829206957226,0.16311719833487695,6.282050211226913,0.561796279669983,1
0.5441149026246024,0.8686837941878908,0.15720594352770434,5.19824651252289,0.5555887206876977,0
0.5986893223605183,0.868850321705577,0.11520526657920764,9.786974428689584,0.5828084102095357,0
0.5978623453623714,0.8687113711704207,0.12996681608298047,7.0585104639858525,0.5742024996030923,0
0.5758433106812646,0.8686738269021457,0.12099946009020447,12.165362771189542,0.5476424782387503,0
0.5304057006508514,0.8686028379675971,0.14266945765720593,7.5361127513210056,0.5623793548709594,0
0.5254370205019491,0.8686174857075653,0.13166708311290634,9.316024273110836,0.5716038389456014,0
0.5274750863849893,0.8685769826686096,0.16015245955987387,5.3734183047004676,0.5534260143628686,0
0.607431344133686,0.868717878561411,0.1257592406335474,7.601447279395798,0.5769101591088843,0
0.5114648022913233,0.8685329492291732,0.1387638928820901,4.842281896538075,0.5540189734628157,0
0.5527418299885647,0.8686527956746356,0.15156485325341093,6.461347349768371,0.562050211430337,0
0.47235004882058934,0.8682933026507533,0.12658082379075905,5.76891407073014,0.5681512065810437,0
0.6148726295616763,0.868774493945145,0.1504429612672304,12.318142655772526,0.5530844059530416,0
0.59644004971095,0.868654907843732,0.11325676535800427,14.20485069187572,0.5649877155014901,0
0.5869033054852626,0.8686852496120641,0.15014358037954864,8.626235352293001,0.5382434964102893,0
0.5455427611464413,0.8686558839334526,0.1472786070900842,10.185691826139621,0.5865206435480806,0
0.587058054298347,0.8686610799114257,0.14640833564085498,10.604691007599682,0.5484334457516556,0
0.530225651189818,0.8685887227680493,0.13327473348684962,9.393644579515813,0.570944231801704,0
0.6268862736708126,0.8686737461092636,0.13774240332925758,9.65196787083538,0.5357205049681943,0
0.5508776890320147,0.8686027866490117,0.16358239395417232,8.345017050584161,0.5634082855476583,0
0.5139016456285747,0.8685615485545363,0.15530629604590548,6.590346587702676,0.5504284157397507,0
0.48878782508746293,0.8685016074470987,0.1787128566887305,5.8404097692598675,0.56739383545459,0
0.631777600577879,0.8688766099285393,0.14931945932176952,6.452292643116769,0.5775379790637786,0
0.5718013092842074,0.8686937630828236,0.14401559746199877,6.636474018771677,0.594313397422579,0
0.578961126842329,0.8687460691799077,0.13884589849635062,7.015980287403483,0.5668618797323276,0
0.5650977128748254,0.8686462882109249,0.14095064767804955,17.712397829780432,0.5588564657466389,0
0.6015805446434134,0.8687452827448646,0.12221171079050065,10.95512813576731,0.5491233530078086,0
0.5786191298540814,0.8686453829365642,0.14962965820345744,6.6177525262053845,0.536137413053216,0
0.5378390469976937,0.8686202098518839,0.1609984544218474,7.808825487301186,0.5701985207966237,0
0.5520707750265433,0.8686212280938944,0.15735248763318596,6.056704670490381,0.5522762784357304,0
0.5418054696491347,0.8686037555060323,0.14873577173261243,8.74383853407549,0.5495770834851693,0
0.540456297351245,0.8686294963466977,0.17561914239770535,6.045900573798116,0.5512681193164978,0
0.6095440914515079,0.8686118664471613,0.15407770472948842,6.460854173708292,0.5432775613647932,0
0.4881081098868633,0.8683960516341966,0.17662829890653367,1.9971914496813292,0.558182031061876,1
0.46669628128107066,0.8683954578571855,0.14039425129107336,4.825333481168873,0.5538196822178443,0
0.49915827220680137,0.8685418226743921,0.11931506526870438,6.308684368985375,0.5606595078111384,0
0.5292188964004477,0.8689264925139274,0.12825279907708437,2.209146715629233,0.5533812062191427,0
0.5609947787364816,0.8687555243893187,0.11682095827636592,9.668491964654995,0.5670580506475607,0
0.5469607704031406,0.8686863923487752,0.13174759889554813,7.118892064853712,0.5615685842899523,0
0.5114794959352227,0.8686269578752687,0.1351331802686606,5.381005499798424,0.550220351528843,0
0.5513736161711956,0.868705844666602,0.10984551611748126,14.52085147823778,0.558682884065087,0
0.5371464088815464,0.868655477345726,0.12135502701856755,13.739714495801927,0.5612771800477286,0
0.5427351175222123,0.8686457288337929,0.1356330794441082,9.25474820455613,0.549296663065765,0
0.542625348374108,0.8686476253989172,0.12686209974991178,11.299131151660486,0.5751214717708456,0
0.560907944876062,0.8686328584909763,0.12546680889114623,13.718593066520915,0.636211422756435,0
0.5442575417614043,0.8685904092742555,0.1340346526053165,9.368780743865448,0.574753119148224,0
0.538241344328653,0.8685734319681737,0.13390758411412096,8.970956860949046,0.567680935478179,0
0.399111704302177,0.8680830063145343,0.15266713548231664,3.4234671075022667,0.5419135464571806,1
0.4904205885857877,0.8685083894976633,0.15753660912405434,7.932444063980375,0.5555086000755133,1
0.5316293146629613,0.8686105951166607,0.11998962524058371,9.738022939397828,0.5575026088309607,0
0.5476228202309777,0.8686224399319133,0.1510727319797589,10.279715174641519,0.584456902458465,0
0.5222451471531814,0.8685519073307316,0.15714136542280907,10.283247747820399,0.5173755364123543,0
0.5266846921867699,0.8684101732475494,0.13505313150591028,12.117390457719845,0.5844645730053742,0
0.5546546372454243,0.868696894137808,0.1266598750910231,15.987653839018135,0.545551391721031,0
0.535302126534697,0.8685833644900217,0.1357717516807702,8.073990746154296,0.5275026922761337,0
0.563524778560298,0.8687342998695305,0.10382083036981592,23.02993428335364,0.5673285707578223,0
0.610039682553677,0.8686544977395436,0.14024017949231657,10.793801559180755,0.6201111496536996,0
0.5568604125656184,0.8687976851113843,0.1179113819531435,9.211385287952055,0.5753061189678603,0
0.6146258429954693,0.8686711906137533,0.1294090065153266,9.093768510058199,0.5782116773747633,0
0.5589949771779777,0.8686013058258837,0.15215807964749237,8.430070150705019,0.5364916093895853,0
0.567660302358307,0.868943160550432,0.13387415282294876,39.132104276082856,0.5974886601165257,0
0.5359032119596224,0.8685815090591663,0.16835765799970479,7.611071635865279,0.5557381759938367,0
0.5561303042412563,0.8688536499967677,0.09657467915514058,119.72481971071218,0.5487054063705977,0
0.5757690224638123,0.868804700750674,0.11795590336731958,12.25673898502864,0.564018364162656,0
0.6459872657305,0.8695715817626071,0.1201898791730055,6.286157351427263,0.5684694179473874,0
0.5900313678349657,0.868746259038467,0.1182208151485471,11.751862872901,0.5592889834841489,0
0.5858082282453463,0.8686167299432896,0.17046578580038876,8.638494065157245,0.5825426284560734,0
0.47410885213598936,0.8605908463265483,0.13912884148342272,8.715147675775532,0.516911448647273,0
0.459548395615756,0.8684372314669098,0.12096662411928433,18.846330345778945,0.5008411005752873,0
0.5810716757328956,0.8688006013624611,0.1367495660256885,9.648224018769826,0.5997745651846763,0
0.454598173088603,0.868307606042221,0.0981129048190999,80.45193415855347,0.670249867332843,0
0.7397987502343716,0.8686925523539303,0.15538395420784967,4.8145763552916625,0.6413625407346574,0
0.521378177846807,0.8685457094135686,0.15832142506968785,5.609457975002736,0.5363154572621119,0
0.5007008089134187,0.868459988788128,0.13617916147920842,4.468171526707658,0.5620737925805134,0
0.5439209953496463,0.8685762037357737,0.15452800207300962,3.713993862755661,0.5770839015588409,0
0.5459213666074877,0.8685753047032843,0.11845195382178614,10.467274007144512,0.5881932246469227,0
0.5381177621577437,0.8687000826804656,0.1005543155244526,30.237404659168543,0.500713234758211,0
0.540558184040903,0.8686143361628534,0.14280008041424982,10.718551293499683,0.5721890613204309,0
0.5066066260555356,0.8684021063850974,0.14072527265644533,9.917057382217742,0.5519708043143217,0
0.506343736730925,0.8682577103054884,0.1270089036710107,24.799409661507312,0.5991417733033261,0
0.5410646146906576,0.8685781439210637,0.1630343120460133,7.880990837930883,0.48805775870805473,0
0.5581376741048077,0.8686416710275365,0.14500674351114343,8.141806585074754,0.5599443974052734,0
0.5709147047162183,0.868743089681137,0.13006864695282858,29.145005232276983,0.5761686233684967,0
0.5517864006183953,0.8686257365235464,0.15844362109851032,7.396765728145906,0.5458834134301943,0
0.5616043272859427,0.8686237263517856,0.1735729957950135,8.22712136607757,0.562294133526353,0
0.5225607512313463,0.8685644133424343,0.11551271650909863,16.13169083338069,0.5133057548322086,0
0.5623371525370814,0.8686411161778941,0.11143374701200189,19.74814385548587,0.5923962168077604,0
0.5311096035138897,0.8691211804263976,0.12374073921119882,25.423885342524272,0.485763266667898,0
0.5233960044414977,0.8685563167142326,0.16849230625005474,8.555293293035051,0.5409163322837677,0
0.5818546866795146,0.868637852397064,0.11511783302085127,20.846834086616933,0.5783174353248496,0
0.481314343899289,0.8684653477786087,0.12752813923730974,14.832557654817817,0.5496087639121637,0
0.5422053576852913,0.8685917193129744,0.15054415974491048,10.055581957433324,0.5786676184435674,0
0.644298229918297,0.8689635718063485,0.10369186558908734,39.61103042754434,0.6015814874053113,0
0.5309472901636271,0.8685892762859942,0.1367261621139583,12.639173994849143,0.5619904709874574,0
0.5318806574560048,0.8686328661008744,0.12063332205344181,10.366748238297637,0.553064856667481,0
0.542751158051211,0.868829243197898,0.10085433415024349,21.91130613235473,0.615479364296755,0
0.5530025238802967,0.8687260128015399,0.12792379021366942,12.50425021614397,0.559073212779087,0
0.5003540145334687,0.868433896785557,0.11327798287521089,24.39889795650503,0.5402035493845999,0
0.5379774406834926,0.868620891350417,0.15137453756776031,6.419417186705148,0.5501199694314507,0
0.6816912535920533,0.8690564512991247,0.10965003155445478,21.746677949547355,0.5696807835507146,0
0.5309942792351733,0.8685653088463344,0.18533288479496693,6.023803707283162,0.544554987672141,0
0.5990752771906553,0.8687283680878762,0.12028988103093308,22.07032851734041,0.630429573481856,0
0.446834349335687,0.8682186331732921,0.11674416022128616,10.558628238371332,0.574594690809572,0
0.6105293344986596,0.8690169616700327,0.11580938105576066,19.2069274314303,0.5921796655143376,0
0.5383589620526946,0.8684675758585326,0.11043268809675723,7.086616551556923,0.5766194478621264,0
0.5256623530222333,0.8686014615190842,0.179810766313848,5.667922010345576,0.5443830402930293,0
0.627909373684921,0.8687901687041334,0.14903260071968216,8.470214971737,0.5885053164125157,0
0.5683595673846477,0.8686989148893803,0.13876496992166265,6.608605706724168,0.5768714263345424,0
0.39957905205658295,0.8670723668674093,0.1205220891603561,19.00025730743375,0.5482915348054124,0
0.5581487925507257,0.8686152165139623,0.15544754473952668,9.66786995097583,0.5687417832429307,0
0.531706786013052,0.8685942828230777,0.1519190006690757,7.233552624722078,0.552074362285248,0
0.5281257630775497,0.8685880481078749,0.13380339591931484,11.337465543009639,0.5437710718448217,0
0.5059800501670927,0.8684609552203394,0.14354545763195253,10.519999057620035,0.5424432720359791,0
0.5081110105274766,0.8685501274818447,0.1558925401422519,8.889076529296197,0.480601899557735,0
0.6572042319671184,0.8690093028837754,0.10988857958333957,27.53063981092564,0.6147299311586439,0
0.6554352786627761,0.8688021500018657,0.12913733599941357,15.66451584027452,0.6448013019053683,0
0.322807749067488,0.843779959602744,0.11299406219459868,33.849695409086664,0.5454890386392447,0
0.5439281792663183,0.8687256376224277,0.1240544263877519,7.168975679782679,0.5264231261058884,0
0.3787014693377129,0.8428558610352187,0.094911328744412,57.73192947816249,0.4139351514643386,0
0.49379591740647905,0.8685153722483353,0.14893365267427836,7.868351527760517,0.5531630549388407,0
0.40729095943135735,0.8681763679651281,0.14294408019958826,6.711303042898085,0.4718838559610254,0
0.5783171571560364,0.868787020394793,0.11761408700644167,12.386274729552778,0.550258201567718,0
0.4684750203196793,0.8683163462972571,0.14563989108752326,7.190139084756048,0.5463787289761223,0
0.420082567895332,0.8675492823858314,0.11407715836711789,30.329994653621046,0.5394293046348453,0
0.5036101516290644,0.8685588770979443,0.10446686636782797,48.847046170709284,0.549794326744022,0
0.4673088049073207,0.867943307007895,0.13614366205470063,4.85021571796332,0.5149163982631254,0
0.4806614803120927,0.8683243228566471,0.11490963958117922,20.925161656313364,0.6273686176559586,0
0.5556071140096737,0.8686909513018156,0.1497917103833248,6.461327055707705,0.5528648145770058,0
0.5441254259687741,0.86861836104158,0.14390707065630345,6.404109634658409,0.5429938803179367,0
0.410785226951055,0.8629931762308566,0.10112247273972759,61.257282929071714,0.42295683883737434,0
0.476735170801049,0.8680240249512153,0.12927243662542953,9.452714710751149,0.5315194262898028,1
0.5418535289532783,0.8686181554756987,0.15893911452788193,5.231947585166913,0.5628182779435437,1
0.019263619654688334,0.8630975617178089,0.11661156700740127,16.03857401729603,0.4960787726381673,1
0.49699680668175567,0.8684350170388914,0.15981510509521799,6.010585890486682,0.5272781714157927,1
0.44761421162654697,0.8683186252268674,0.1874527216221146,4.033238244525175,0.5689208495079123,1
0.5127695766010786,0.8684433341122317,0.13515744148906245,3.0606624016666983,0.5611530215586816,1
0.518277798374177,0.8686172269985137,0.14493415152887804,8.972364615105686,0.5458636717770003,1
0.5319965490636913,0.8686072943772714,0.13003528519736532,8.024083031613381,0.546724920249396,0
0.5523674307312683,0.8686309446763496,0.14506858341757067,9.392505058456665,0.5453176970293719,0
0.5291709850569897,0.8685677729040839,0.16131380004713236,8.856065191308213,0.5719281778232427,0
0.5445597836675526,0.868689930895631,0.10757841313719145,17.582908283602038,0.5549025565017857,0
0.529176653641767,0.8685679722234313,0.1504558475510898,5.6150741203713626,0.5324747012718313,0
0.6106996197519333,0.8688029464263147,0.11182653596834301,14.197216335582699,0.5458666260785203,0
0.5964088132786863,0.8686575476508546,0.11589694327380669,20.25740731969321,0.6073847434109366,0
0.5491578967801116,0.8688593794186698,0.12399812320805226,6.408590442851367,0.5607049226674143,0
0.5961942080370047,0.868660636687522,0.1168533821849206,14.100216167580857,0.586851778981494,0
0.56400755134249,0.868622135985667,0.1410106326810505,11.075827252213912,0.5500481529663427,0
0.5462377924584653,0.868780736669656,0.12483838703620814,7.361904069066794,0.5080228461514513,0
0.548016652865472,0.868601017651013,0.15761646748934474,8.722491929179132,0.5281838738845109,0
0.5377209521010388,0.868854579722616,0.09548695223704447,62.707599233433434,0.557860207858758,0
0.5827679641829603,0.868741503936516,0.130866382070388,5.063671584639847,0.6093251021047007,0
0.643574544511554,0.8693519950930594,0.11653484493391153,17.745539255511662,0.6054346855941654,0
0.576488123155594,0.8687587594965119,0.12678378901384463,12.32746536936935,0.6242218803949063,0
0.5858462281902953,0.8686815985048127,0.16075257842955037,9.547832575381085,0.5591350883873744,0
0.5298075291754056,0.8684484813254364,0.13705239015171627,11.461353990064966,0.5482317456650453,0
0.5540216929835474,0.8686017352704717,0.11843016290561244,19.71368305032847,0.573220239166289,0
0.5410246011014397,0.8686526057026307,0.11976817704594696,14.750816108670605,0.5579752426102247,0
0.655647327772454,0.8688798311193761,0.12198921785623729,18.844346025847543,0.6021448049181227,0
0.5811289923110934,0.8686208253740171,0.16389062909968685,5.344244778787952,0.5672064388711143,0
0.5591124032108623,0.8686075656011113,0.1331364562080428,10.623625318215979,0.5436231385290996,0
0.5701463550412194,0.8686494791962583,0.11655707035399136,16.708481328227663,0.5619558180537013,0
0.5117506689661263,0.8685897030545003,0.10357314429454789,13.411589987769299,0.5544881332720694,0
0.5506028428238793,0.8686075308089943,0.16276925464474176,5.592760176764755,0.5397072995426836,0
0.5167643715625617,0.8686358905537771,0.13107298072637538,3.6710911712565504,0.57953376566774,0
0.5270179497847263,0.8684775599782539,0.16380817517198168,2.497653081178796,0.556829650072,0
0.4712223609603683,0.8684636518034438,0.10104765882754074,24.271398708810498,0.5528007616302643,0
0.4947029831884566,0.86857028819893,0.12141069126691473,17.41079541362024,0.5513908430840407,0
0.525919479218525,0.8685465153410529,0.15735196301040083,3.9478561267478147,0.5345517334433115,0
0.534833902551076,0.8686499260251069,0.1497789650601181,6.291130186080013,0.5380481224922883,0
0.5492313067468361,0.8685879483807329,0.17845157880358672,7.151947893213312,0.533802399022389,0
0.712628453050992,0.8688927451833613,0.13277942031930037,10.030359307799198,0.6074770381738986,0
0.5768817737060733,0.8687538964278353,0.11036752369964507,21.69361588360787,0.516918757826823,0
0.6156011491207233,0.8687666269744,0.1380236208793946,10.592677365679828,0.5903214994279534,0
0.57535395714786,0.8686390664213306,0.15888576691804865,8.535371693401622,0.5442092429101297,0
0.5375857556631837,0.8686027955765799,0.12051142494601613,15.63788969709998,0.556186155932446,0
0.5385859954530997,0.8686001521528159,0.12560134946407808,10.661755591826637,0.5078131797473167,0
0.592101821426861,0.8692204607706696,0.11295047761768194,15.105570329125632,0.5819649379759709,0
0.524732464337838,0.8685630008108324,0.15414173908338122,9.628452799256028,0.5613772605556987,0
0.5124136621771337,0.8685258609558577,0.12813981088306067,12.064833399572853,0.5975397656959673,0
0.49483261477227397,0.8685711419978986,0.14694736819760398,9.723073459191097,0.5275602183430846,0
0.5060400340109837,0.8685603307369147,0.13804734224850798,11.16147181174496,0.4898876717666383,0
0.5609271012721541,0.8686264441066888,0.12895516368330603,14.1028176082632,0.485335196578786,0
0.5729825295244324,0.868940712101106,0.0969594202800938,74.34060459488641,0.5788830914936259,0
0.5318137719167543,0.868587184439217,0.14312461273650148,11.87290851933167,0.569910488605942,0
0.4774035551743963,0.8684822611993913,0.12930676687659703,4.673516193408415,0.5695619115260749,0
0.516603836052888,0.8686180575471267,0.09677768210707481,16.070226944100096,0.4836622066963036,0
0.5614264896189233,0.8687009273131777,0.13588776885871875,9.971279002339605,0.5442689086499101,0
0.5242758533778367,0.8686093254386943,0.10659377208982533,24.103819972925677,0.540789329070533,0
0.5329261856746107,0.8685743732976713,0.15832251531185315,5.526914624861619,0.563149177856469,0
0.6956249765729293,0.8690244758594267,0.109508489742235,27.747290600336612,0.6112331978006106,0
0.5316841329217353,0.8685602990127866,0.18413359204574153,5.611353405097894,0.5290251742729876,0
0.5815965778492429,0.8687195525200487,0.10814128148860759,26.858710973413366,0.629648223403699,0
0.5681467076729757,0.8686686938942287,0.13449757649659053,7.318077658537235,0.5904046542671557,0
0.5863352145031491,0.868765186909419,0.1130925813347435,24.057516566200075,0.561341857466186,0
0.6054998353912399,0.8688761804113326,0.11479995930752833,12.40497586426681,0.5822831836763823,0
0.5297716702650751,0.868597378522112,0.17556900881238677,7.1191650848187225,0.5731083280675281,0
0.560194620858479,0.8686532637630974,0.1317360204860967,13.662765445111495,0.6362540409821633,0
0.528737557723477,0.8685784665193946,0.1439558632377048,7.470618972136021,0.4969332531002191,0
0.43784078863655,0.8682388000003883,0.13092463830990353,12.281783971259191,0.460070077622007,0
0.5479780383968703,0.8686067827302647,0.14072625468982128,12.591247850507708,0.5035837135087496,0
0.5308592863118063,0.8685882741183287,0.14780781345422567,7.293988985039567,0.5531872676878127,0
0.5049230086801128,0.8685312859811795,0.14719295804342894,9.803072238999142,0.537299448033313,0
0.5504591855405166,0.8686691503992767,0.1533052915531435,7.183965280988271,0.5779299932031087,0
0.5212683829095474,0.8685628793078516,0.15488936676484644,9.293166289005896,0.5316876240710293,0
0.560758586572805,0.868706423096533,0.11226216300075707,20.85056045116942,0.5029231720386774,0
0.587334659527787,0.8687332987748667,0.13083244236151534,14.306447730311186,0.5909516602962753,0
0.3714245674438687,0.867932040110159,0.14492253541411063,9.125229242671557,0.5302908953458386,0
0.5471960756283653,0.868645477423725,0.09818765888864738,35.52666349266706,0.5866416346580107,0
0.6209364697787381,0.8686466421650177,0.1284454378794807,15.352326166986748,0.6202329374256663,0
0.3285783489273957,0.8604274189682273,0.1014122924714204,43.971042883260004,0.653464994089163,0
0.5014792782183407,0.8685273252943957,0.14989209003579237,10.398620624307567,0.5411205025003399,0
0.48029774064791164,0.8684874223757176,0.14301672240196567,9.473306845624302,0.565444415114483,0
0.5028950166251214,0.8683492847107126,0.12669309926970074,6.205657526320011,0.565858152658247,0
0.5227978106743053,0.868511849229402,0.14122509034644806,10.481389565944985,0.5347263096914889,0
0.4282765229857697,0.8675811943004094,0.12146580509572742,19.128871793658927,0.5814619332526546,0
0.3923646283837577,0.8683760842211483,0.10070424208581974,44.16330730744643,0.5002233212964997,0
0.4885595658666981,0.8681882283500313,0.11151005924744017,17.869710988965156,0.5974766703019543,0
0.525503521362112,0.868594144142615,0.1108784845119818,36.27327948482637,0.4762005105381393,0
0.5551569463039203,0.8686880642749193,0.15219673869964134,7.013419456062428,0.5461015580492373,0
0.568445770327082,0.868659426957252,0.15690385106867435,7.888116005607957,0.5829676138812196,0
0.5365691279241194,0.868606304503737,0.15080712026728418,5.988680264068377,0.5791342430672937,0
0.439579387348104,0.867936984499898,0.1322630647601281,4.871276374767339,0.47412125269328104,0
0.543320180796093,0.8685865568638076,0.18840555048206145,6.9433512598501945,0.5223631963028207,0
0.456220552756538,0.8680931799863353,0.1538455510418365,2.4226658119395323,0.5577791787396347,1
0.510540041695844,0.8685553925464777,0.1534339362303123,5.417758766825279,0.5367573620204307,1
0.5660199716819757,0.8686761527770224,0.1400500779080225,7.282011339729901,0.5832690945998013,0
0.4919631353444347,0.8685302221938076,0.15384395682178106,6.874826414824306,0.586806268056833,0
0.539934359997448,0.8686781400233693,0.1205443864572963,13.841160759451046,0.5743431150249734,0
0.5385014073023997,0.8685907447587944,0.1420345199697618,7.0916239584428284,0.6003461678405629,0
0.496722751092535,0.8684322581281406,0.11143387292712258,17.282289154132503,0.5794874327220226,0
0.6107783768847593,0.8686649761371137,0.12687433949918922,12.50342788437742,0.5574712096006557,0
0.5172841847209617,0.8686339791090424,0.12073335698949535,6.26226467516924,0.5416795176030793,0
0.5783494315103167,0.8686693490500756,0.13655197381783082,25.401909531581705,0.598590693281263,0
0.522141645343185,0.8685706942835569,0.14695942414449023,10.109429641472001,0.5508383396595473,0
0.4864525498992864,0.8682709329660216,0.13210199309987955,9.783746773220894,0.5524077706768057,0
0.5305780379972097,0.8685730779700359,0.1590180112864474,13.030927547262477,0.5759547367201984,0
0.5034358921544041,0.868584243267323,0.0961585499309366,118.61428255191248,0.563288168070324,0
0.5394919714642897,0.8686404576849199,0.13152953948727167,7.039823033432183,0.5913804232193277,0
0.5685325632473403,0.8688542954989827,0.12493958094109432,11.309997907646258,0.5466733412659247,0
0.4824744503647483,0.8643706599232605,0.15232529842521747,6.796612615164995,0.5339919223315094,0
0.5545638778685303,0.868654040832601,0.11458051264246753,16.2562858918289,0.5281402651580164,0
0.43672953271815834,0.868029855487864,0.1158857643568126,19.242630987506523,0.5363377155593136,0
0.5555679870884466,0.868655103664547,0.15779038295464276,8.650044115099568,0.5615889054988114,0
0.5704498925495632,0.8688041541956087,0.13838838917022192,5.747433577800509,0.5617810840479923,0
0.5268871823245876,0.8685801755577484,0.10892240752234462,32.49578861336387,0.5459022135134246,0
0.5492451953658036,0.8686720151583986,0.12480497013804381,5.587815122644602,0.5526479462750581,0
0.5708234004515823,0.8688247273669939,0.0969377250314591,84.77067120694198,0.46975986803706665,0
0.5128401685760596,0.868560576500571,0.15229827044959757,4.837978946493521,0.544966066581326,0
0.5131387870538416,0.8685623303390764,0.14503057900585248,8.569508008349985,0.5364728529478521,0
0.5318555578026963,0.868590413325192,0.1077622681447757,31.921809660917532,0.6333053695844311,0
0.556254282802994,0.8687266437802577,0.10207860337365904,43.480918864246156,0.570620823806736,0
0.5702883736691714,0.8686662192162333,0.15425757511604524,9.006489927826816,0.559447591100001,0
0.5837520892701623,0.8688591405280927,0.1331819412923306,19.141513593529343,0.605320385420253,0
0.536921131295749,0.868595098700155,0.15039275511135863,9.370178428912734,0.5560245511479206,0
0.4907436624867197,0.8651653780723546,0.1069291035777315,9.543131799239932,0.4409400939304337,0
0.4837898855109444,0.868528474142884,0.24178838434941766,3.5503509737696444,0.575589796462087,0
0.5094430577693444,0.8685926240912917,0.10373493166283763,24.850914051024404,0.5516434918327769,0
0.3687449423295767,0.8680024721748634,0.17186103519284857,4.3051666962122,0.5122924095548653,0
0.5268413957377,0.8685780386617163,0.17610611364941006,8.18751775915418,0.623389832025643,0
0.5358454579341496,0.8685828171903673,0.15686461116643788,6.177365443442286,0.5585049837539736,0
0.45811294928387564,0.8681674399554443,0.1319082382144789,6.9622768173421266,0.5094777784029317,0
0.5318703739170894,0.8685830430422791,0.17471093727808107,7.2185551498160905,0.5811125727817598,0
0.5973570511051053,0.8686865980030283,0.15748362310296046,7.019456493973906,0.5920759273905786,0
0.3476641867725267,0.8626131801719122,0.11856258404710933,7.903095659259828,0.559646455961201,0
0.5693224034334573,0.8685864175846433,0.18180128056370629,8.470844394912106,0.536423098561853,0
0.4544563685052543,0.8682815900820705,0.1456017567044534,6.500938481427579,0.5507393965117646,0
0.34355875306673833,0.8680371286187762,0.13480894514098687,13.473769132059438,0.319961373673144,0
0.45936081221027036,0.8560156319410086,0.09700192604504093,40.012022304221794,0.47251251331289695,0
0.5232919776983374,0.8685529532357593,0.15915347678950478,5.65426072901349,0.5629628095085503,0
0.4788407477765813,0.8684773339281273,0.10521149425581615,21.266291622482132,0.5935379367074981,0
0.3164646654010354,0.8680247409572717,0.13874068855237284,9.619456632572865,0.5373634262935046,0
0.44576698011304366,0.8677204852108412,0.15199421393555382,3.2331307355420105,0.5677213399969246,0
0.5221776959150323,0.8685753666424446,0.16046551967309527,9.211615412156691,0.5581502577779993,0
0.46300962908358834,0.8682688436078649,0.13127849902946612,7.465171743910158,0.5402552474970047,0
0.5632772510030623,0.8687696509484423,0.1033252727084568,27.53393285016884,0.5999619573553113,0
0.532566797267132,0.8685907791377776,0.12988745124929632,10.370044406770342,0.5337098124457583,0
0.5207410696310616,0.8685755560892137,0.1613682769028813,8.887803433690921,0.5515636261142887,0
0.5231206531337963,0.8685952588363653,0.11921498117729978,13.498520155761746,0.5564524115374524,0
0.4950012927909393,0.8684932958557484,0.11923706814321366,13.802229892629232,0.5581739385971414,0
0.5219744792799864,0.8685215419061723,0.10491991497736923,5.3575977041235054,0.5518127402089555,0
0.5093090692686744,0.8685496320965026,0.14629885743735202,10.552357704546878,0.5633817908294653,0
0.4673145758335873,0.8684670198818587,0.12902252679574464,12.269595119546512,0.48363598654974166,0
0.5202398632984213,0.8686115104295676,0.12237902047267,16.155865425769758,0.6039167845890964,0
0.468185103523668,0.8685022802505423,0.13450881487705482,12.825465279544781,0.5533737963562143,0
0.701820653700982,0.8687759110178711,0.1293190449197843,16.51408600419062,0.6217832105001729,0
0.5344288985197967,0.8687870450020606,0.09331469404297776,107.95569678316889,0.4183146076610937,0
0.5228031030304557,0.8685774763689672,0.1459554148673952,11.797525106537902,0.5667966600342527,0
0.44885052402093567,0.86821322565446,0.13484402921846353,3.377423984531541,0.547578872207446,0
0.5167183059196078,0.8685744869234533,0.12445799866902375,7.980368896691789,0.5224103364961423,0
0.5071534585919824,0.8685009499637464,0.1519819192882715,7.000182581503259,0.5548129006233432,0
0.4478414568471137,0.8682348667070213,0.10326061183290912,29.640103498800176,0.5779553496763806,0
0.5387852758706867,0.868589576541333,0.15243901475970525,4.583700767137594,0.5585881673996004,0
0.5718247068058173,0.8689338276586608,0.10131593994946718,74.30813432412492,0.641391126751683,0
0.5259836033352867,0.86855911088946,0.1884688472845004,5.9387000667574945,0.5637471963302433,0
0.5100961413281987,0.8685599996682957,0.10047893271924259,58.36638370127128,0.554156308255235,0
0.5529367905156667,0.8686732812349923,0.10359449192419251,27.92219902467702,0.5799277187596417,0
0.509639717816957,0.8685309977696106,0.12014487446330964,10.625425503696624,0.5379692127128256,0
0.49619343902538,0.8677326148729607,0.11660048233826485,7.480578060524165,0.5775518987153679,0
0.547258433287675,0.8686316987111639,0.14764712573539832,7.803242761711594,0.5564507631781407,0
0.48071024034925497,0.8684838084213387,0.13261842908045146,12.36749321021584,0.5463923949764173,0
0.5198110711690304,0.8685704229028476,0.16132735600148737,8.032776202272098,0.548985186128661,0
0.45924103098543667,0.8683343339781987,0.12880789049154848,17.5437730068399,0.5606064592642483,0
0.5227721651011104,0.8686525245862745,0.13273399876132724,18.44959195331087,0.5608390440229757,0
0.5020263347268843,0.8684907160961709,0.14688628476281904,7.5227113220193305,0.5580352760242779,0
0.5206174060543574,0.868595862571156,0.16167074239037885,7.558666990071187,0.539200427876551,0
0.5290868318372737,0.868567492289516,0.15367733234363712,5.6955289328051,0.5470304781844854,0
0.548570627018819,0.8685972716692533,0.14040536906258466,12.066374308310404,0.5933545247326076,0
0.45454391018129137,0.8683935903408694,0.101144167064688,43.01587024406837,0.5559178565321606,0
0.6121608971506493,0.8687303020698534,0.12697546669229676,14.881510185244137,0.5267615084258237,0
0.49879254919567,0.8685123091563233,0.15095842540853532,8.115669181363947,0.5465647253960723,0
0.49583299167240796,0.8684007448046006,0.11675430111348033,10.691663270587647,0.563892570526517,0
0.5518579689977817,0.8686070791041587,0.1039500342631416,35.57327882629763,0.537139158723545,0
0.47781141430687435,0.862078500985061,0.0970230449076472,25.585850761881225,0.486976981726956,0
0.3873362802871627,0.8635535866651174,0.09860478774674432,61.6381042665948,0.34710267289947533,0
0.5103545081044157,0.8685075554899623,0.14393194453293676,11.1900380983865,0.5633439365560343,0
0.5292762414382687,0.8685729132133794,0.1451887467735031,8.009394104269148,0.524379613400503,0
0.5406987501239814,0.8685856553218404,0.12364059980734825,9.74980760112841,0.5699276833716233,0
0.5384358468595319,0.8686376421810094,0.1351219492797963,10.709800657416052,0.5425852033623616,0
0.518006369380949,0.8685460498118921,0.13719382103995162,11.549513986067948,0.4998417311237977,0
0.38233007170933136,0.868093533846781,0.10427329747895005,41.89050912411649,0.7132269776582154,0
0.45242687208511995,0.8671903390852332,0.12837665980816337,5.992738451345727,0.50106479628144,0
0.5235167315361537,0.8685030084205647,0.11752572156207368,22.08609813030142,0.610658766814512,0
0.548789937724544,0.8686610606464074,0.1395306942415896,8.431289852454364,0.5688603571145386,0
0.5512277298678517,0.8686339708807239,0.13754426147563548,19.618805284900404,0.5363534774538273,0
0.546626336562821,0.8686489108617298,0.13798963944645123,7.839804918305784,0.5748007116631427,0
0.430418472750262,0.8680497909367233,0.15688854532456523,3.609290606196447,0.5428369939517851,0
0.514699811916791,0.8685570988737407,0.16109472162108354,9.253403984928935,0.543596241474159,0
0.5070665365385754,0.868512686403372,0.17742847667185227,4.5481986837053885,0.5566682047644643,1
0.46531932175605234,0.8682286763001587,0.15058056064251288,5.43172982233066,0.5362907279817664,1
0.4615221179762446,0.8682482432620796,0.1760543760826274,3.8986653111558307,0.502192527226805,1
0.474818125949276,0.8684990993291489,0.15435976482857391,10.763547206047164,0.539138074200619,0
0.5362541013100423,0.8686501407267716,0.11039941840231426,12.410860397039093,0.5658487288665554,0
0.5625352499168613,0.868627482558296,0.14791847603311895,9.611114078704627,0.5615093536616254,0
0.5234227115631214,0.868570103521329,0.10724240580622775,21.22424573509952,0.558522369570719,0
0.588116561339854,0.8686610976685264,0.1451050625144631,17.80435014255122,0.5864892329857517,0
0.5001144357808069,0.8685178025246026,0.12287025416448023,7.797507939638078,0.5600458349090977,0
0.56761530973826,0.8686579833522917,0.12770979524149748,16.134838673187843,0.5228996742753708,0
0.5328990313490883,0.8685840413379893,0.14822718286989642,9.677831687459284,0.5511100426407823,0
0.5526722772667086,0.8687089641597913,0.13825868929171095,13.583752379680597,0.5666253773160167,0
0.5334747470513277,0.8685848366150696,0.16000217241947354,12.834038735626939,0.5348667045272847,0
0.5075739932491233,0.8686457166740423,0.09707665826605148,102.72569170841413,0.572030475936178,0
0.4941610119909714,0.8685033206107827,0.1403227005852063,8.02815918325514,0.5473946987951966,0
0.5838768562548751,0.868740690534754,0.12348431889107037,10.915815903044724,0.5824070256589456,0
0.5307490014509336,0.8685392490780863,0.15464286043274608,5.544878250302617,0.5612847828649921,0
0.5449275036047118,0.8686081347244636,0.11122715394066196,20.345705671677607,0.592658474372162,0
0.5728204937128912,0.86873294164821,0.12174429288761045,12.777064966564975,0.5998652703678317,0
0.5296846082529983,0.8685830887807994,0.13865755699008867,12.732761007775776,0.567288838769908,0
0.46505113151210303,0.8671956401811184,0.146333868002249,3.536511471891507,0.537641648216884,0
0.5390452799380097,0.868587045643018,0.10536207158435407,34.31664672084925,0.5581724984573614,0
0.5400886376266724,0.8686180956661573,0.14402831170433317,5.864292366488348,0.5951981861913473,0
0.37949721080162496,0.8676523550105893,0.11519461897116669,25.10073239251541,0.511740231832594,0
0.5723069987056696,0.8686105479880396,0.13608545420999277,5.982200942115014,0.5333807199496734,0
0.5418339892709066,0.8686039623279393,0.14830171479315568,8.747128341538396,0.5529201893195129,0
0.5546686296532742,0.8686488862322487,0.11999051460670966,19.553478090107753,0.5041529283159703,0
0.5322792547563734,0.8687028085148008,0.10799018905620121,21.34539009865664,0.5879044039400954,0
0.5379460799797937,0.8686184578555003,0.1517279751385676,9.490343059545827,0.5362140595051353,0
0.5694639163924183,0.8688813384111791,0.11824264597450984,32.4750148607861,0.572467689823945,0
0.5206038981140376,0.8685806397973419,0.14244068124114087,11.503749941160779,0.5496139954385789,0
0.5466105110477333,0.8687891381555236,0.11543636038259203,7.476274128997107,0.5455032555657997,0
0.5400115394526898,0.8685720071916809,0.16818009758241392,6.522311613309336,0.591543268840175,0
0.6370847947151673,0.8686609651552913,0.11688722083631636,18.168837584292508,0.539662712937644,0
0.5231022485460023,0.8685793847846393,0.10531908360848842,23.734718552301448,0.5479530164745817,0
0.5634963466284822,0.8685827011532844,0.17307903938857547,5.499183628527487,0.5719995894314059,0
0.5337183929969881,0.8685805384407913,0.17242669929521295,8.489479366250286,0.539142791021991,0
0.557956218170099,0.868612690024825,0.160767493031748,6.531352721983941,0.5881320079769726,0
0.46730269436710437,0.8681811709899089,0.11115090341284771,14.321007049523125,0.5709974141390933,0
0.530348650706323,0.8685979405357384,0.17157775462610814,7.134309392960751,0.5690928023321787,0
0.5619542124509292,0.8686601411409768,0.12456977529547593,17.43541260203728,0.53841151951753,0
0.35377368720044,0.8674570913702544,0.1658767231585201,6.746433562465839,0.4833230041313157,0
0.5513097411667297,0.868593441203704,0.15406347015223454,9.466294948217378,0.49437108676616864,0
0.5784502418872847,0.8685998491823826,0.14438895938978544,13.211550268540018,0.619602761697338,0
0.5815148731134401,0.8688197373479016,0.1086400198259216,14.236251223571415,0.457813722406292,0
0.5360529949923517,0.8686552889721376,0.13576080319739656,8.43655983313459,0.5926842875048374,0
0.08016683830947059,0.866897577788214,0.1586431316405438,3.5938253335313424,0.122188205487333,0
0.637623111184463,0.8688921627484772,0.10556769043276772,33.64806125908309,0.524493271171164,0
0.27239644722285467,0.830863455318332,0.11072589025121089,7.2822137403449005,0.4879797493675853,0
0.444963228126435,0.8660551716521594,0.10208870562363649,21.021338078681737,0.5259847262467217,0
0.2560212917764987,0.8670994711287553,0.10829291338431517,37.63419936049468,0.5260677380812849,0
0.5869689409916227,0.8686808336172737,0.1104974028408206,24.4306443517616,0.5870565991530886,0
0.481861936699189,0.8682717606374744,0.10188515455143347,40.86718710365643,0.631105806101997,0
0.5042804218446407,0.8685500005258794,0.22253422273788015,6.346174121841817,0.629232224558763,0
0.476958333652665,0.8680258103819796,0.13850538479707278,6.8429531856709795,0.5349300982716,0
0.5022136787766973,0.8684861630150275,0.11985760104758159,12.309805190476181,0.5542230300915679,0
0.5910319112849197,0.8688536202103013,0.1252538769116419,12.764473260656322,0.593481360192685,0
0.4088172911376737,0.8684209742797556,0.19266912202230901,4.290036900851674,0.5559213313061516,0
0.519270019249079,0.8685883201756442,0.11233941743914329,12.479823422607348,0.5570776424656824,0
0.510709615868662,0.868561385226868,0.13533119420990905,10.595946957208344,0.5747994069182872,0
0.474075112351719,0.8679496081794823,0.1684020488634684,4.2847717710804165,0.5400678059649683,0
0.4669111209336247,0.8683211547039736,0.14306494760040886,8.645750378401392,0.5465045769978253,0
0.47658343495595296,0.8684767802845861,0.12538843117655904,12.01668834331516,0.5394397485651007,0
0.5195757654989177,0.8685649211379509,0.13194154691046775,8.80056054399825,0.5583526768546364,0
0.5344300307445337,0.8685828813756853,0.17668039299837948,10.880537766254465,0.5191222101971074,0
0.5614004551870814,0.868694343668122,0.13090184430763116,11.073397658359038,0.5619618504075846,0
0.5319725347975434,0.868592419101168,0.12491740437435277,12.916747867022194,0.574245067372697,0
0.5607150142131347,0.8688273135379979,0.12303713494871941,16.033992746047197,0.5723444918102416,0
0.5068328750380994,0.8685502533228293,0.13910606236575562,12.060622530082902,0.5777257173626643,0
0.553073614791663,0.8685878115104124,0.1410937488428823,11.081267082711264,0.5814154279086893,0
0.50526590911743,0.8685654866268834,0.11198985347484648,13.353745279914184,0.5573367587224011,0
0.5304037374329057,0.8685643402886337,0.1320105126772778,13.110577270714895,0.6012981233361706,0
0.5602248266589477,0.8686518704584096,0.12320462258922109,20.074128795013298,0.5287763078202857,0
0.522785124390514,0.8686611818523367,0.10480126048058314,20.898515966317884,0.6356412727350487,0
0.527402124453798,0.8685910978927273,0.1407500409784763,12.248248918386572,0.562380636110604,0
0.4393614788783513,0.8681673870597697,0.1567715456782429,3.3237141365431278,0.543982806393414,0
0.49898074555287897,0.8685075006483757,0.12847945357655707,8.575270546273405,0.5672949234795417,0
0.511092434939965,0.8685226043438153,0.15152471706961484,7.0729928694131035,0.5515944368360004,0
0.5060072945529374,0.8685637220620114,0.10364843320241124,29.925842912225452,0.548406057035746,0
0.5135937381901686,0.8685164268704634,0.15490416426540876,5.440991144370168,0.551965061585169,0
0.5926651802446113,0.8690984617094566,0.09845484429249651,52.651505383272266,0.6161952445044018,0
0.5263609610128297,0.8685541114165113,0.18938974412885848,6.475013621874235,0.5429069280269151,0
0.47083240424410167,0.8684555398109933,0.1025943703715878,35.97690185517317,0.5101178818986559,0
0.42804423093260063,0.8678252500741627,0.10833670801666344,14.484680038618091,0.5136293213440843,0
0.5229119206735334,0.8685981363679823,0.11643525936652976,11.74503014296948,0.584515300114953,0
0.5289899794415359,0.868290475862294,0.11440515213815562,7.915180389704819,0.579944931291985,0
0.5219265805333513,0.8685860053426243,0.16082201353386896,7.855799371526135,0.533570599769603,0
0.5392818220084877,0.868638928244667,0.13212581078464689,13.42446303806567,0.5356522636204796,0
0.5161556472191177,0.8685700209696273,0.16232111957889625,7.329220582851184,0.585887484338176,0
0.5202284979942896,0.8685575793081576,0.12876281553630287,15.894077295193249,0.5652137090326242,0
0.5433987411434796,0.8685837834332957,0.12305995638566507,29.31139732963199,0.6082411326528857,0
0.5248219501717146,0.8685919957206619,0.1455550516645723,7.701813317490027,0.5618683471892363,0
0.543040398751372,0.86864780795449,0.11759190106848315,16.05513349900248,0.688136418332466,0
0.5311826334259756,0.8685957734181106,0.13987363360450583,8.171400062709903,0.5550067040863124,0
0.5151087565823547,0.8685622923077441,0.15132257325395307,9.655420381677907,0.5395474850220364,0
0.4648142704846557,0.868502946034289,0.16897203759231436,7.774589596516641,0.5285651890305799,0
0.6115086652798762,0.8687228553997647,0.12761912977081166,15.169186900872837,0.557296541712546,0
0.5290725496723719,0.8685684759343824,0.17109653732477362,6.654296138908708,0.5514234657915367,0
0.4512927259987663,0.8680277479950953,0.1422495006751325,7.19090859954979,0.5586258929618091,0
0.5392318908196873,0.8686234631848483,0.1042411005958997,30.66568072005457,0.46724869733031466,0
0.46015084387522504,0.8645051361668411,0.11380320063800353,13.253449685572585,0.5174064537588117,0
0.49807157617434267,0.8683799737715051,0.09932198485112748,62.870126188322395,0.4764579367543587,0
0.505514068570211,0.8684863494918194,0.1508326068288083,8.581900065095164,0.5659332502724794,0
0.4857692476726787,0.868511768028026,0.15393442663733664,8.323407119999995,0.5732874033284747,0
0.5337825949639946,0.8685753180044623,0.12082185807953004,12.936136233590918,0.5560796102274,0
0.522767566483163,0.8685958321786873,0.13124355107823146,10.165583507529567,0.5656371405045256,0
0.48525505142940667,0.8684690244198547,0.13000021359720904,13.605014152281887,0.5629544501553507,0
0.42529722822120464,0.8678610089441876,0.09610509076002632,46.229882383095955,0.48992480885850426,0
0.511506811055518,0.8684013096061197,0.13412688444914775,8.30060721152254,0.5494213248817377,0
0.478800475114377,0.8681403152656827,0.11291720501333398,20.18967669133013,0.4766256085009673,0
0.5323508571428047,0.8686275694144986,0.14589438575745192,8.43827312520011,0.5484399567778993,0
0.576188217497574,0.8687413163462256,0.12849049099500703,18.74254609896905,0.58788507923115,0
0.5472685959908633,0.868648977711887,0.16672138457485208,9.655156298391042,0.554454114341134,1
0.39005758815927827,0.8639144919774813,0.13086737181721697,12.112293251677208,0.527092454069115,1
0.46604716605088337,0.8683797533645836,0.16317442656523196,2.9323462268007834,0.5686572344056393,1
0.21044718718618635,0.8680919817047146,0.16657603969117366,8.245956050454332,0.472618539346191,1
0.39171661744779834,0.8676252697499206,0.13078684388351722,13.06061004860586,0.5299499390053867,1
0.248327520543098,0.867040870546012,0.1929150973935206,3.6714484511613734,0.538903011637294,1
0.458907277599649,0.8681042900239827,0.13490169470760058,12.836764151321628,0.6016394901204717,1
0.4169132483239663,0.8675494808648213,0.15285768671155764,8.528958059421269,0.5745006591476427,1
0.47329252672894234,0.8685089792929097,0.15773643068420365,8.31151867733617,0.5473404569101697,1
0.5028999685606329,0.868483556733429,0.1785211698287952,4.427819912319241,0.5471671497285007,1
0.4574739872410743,0.8684846626323264,0.1723183806432964,8.98393846618758,0.5579621377205584,0
0.5188410099347833,0.8686190140643619,0.10706918993268817,14.020629010023558,0.5388661979122643,0
0.5301102514608633,0.8685718858355856,0.15400042274548936,7.620301203079333,0.5588903755762774,0
0.519598442898799,0.8685759670994857,0.10666957072264145,24.19042793907629,0.6464050274079147,0
0.48109289180539666,0.868410428725054,0.114920711442324,9.929192808270331,0.5679429693956743,0
0.5772695890923151,0.8686436957263434,0.13068420256549215,10.284912224049373,0.6112669768052089,0
0.5318848614056727,0.8685800426437597,0.16421700535876824,8.290805166265711,0.5312936791551237,0
0.5542866761730391,0.8687285582222767,0.12729079335997392,16.999721821497527,0.5748837649367123,0
0.5399193401644986,0.8685884984277683,0.15935337979172437,13.63549308977421,0.5621659573950967,0
0.5203537821142187,0.8686956982639313,0.09640395809737033,114.05934840377105,0.5427374466370164,0
0.5012191322668696,0.8684531194045914,0.162670967967106,8.82296818249986,0.551849612565413,0
0.6174262194216421,0.8688949843016407,0.1357951035470844,18.49337562467249,0.5799540701087901,0
0.5314533232373694,0.8685638482827903,0.14970474738452857,9.194528229395068,0.5962401331387354,0
0.5334168032648706,0.868550772229665,0.11328870870679146,15.161054173728523,0.5431829098558639,0
0.45559514866868894,0.8662007967015356,0.10374553039549528,37.58453934845412,0.42270101519853637,0
0.5159711230283843,0.868559171890314,0.13734515135777936,10.114337173092153,0.5482840690627383,0
0.45519976750194296,0.8675016799925729,0.1614801677400951,3.2854432350439913,0.5531526795615357,0
0.4107408233277154,0.8684073859076277,0.11010591584648911,28.061660919028295,0.5651937885737236,0
0.5360200943527866,0.8686141584825456,0.14560225467074453,4.501900608293524,0.5471917518998223,0
0.4892688746313927,0.8684780820708323,0.12156692640068596,18.389890471829027,0.5274473041388826,0
0.5150074814801147,0.8685702070956918,0.13798854396645727,4.762299428758212,0.5723857588730724,0
0.5113274374862683,0.8685596434225177,0.14390721106142843,9.425787806373355,0.5636811072581653,0
0.5425925544264624,0.8686173411634576,0.14217897978019742,10.847830453221443,0.5761479344853263,0
0.5217852164829944,0.868625180026033,0.11221919125863479,17.978010877207463,0.5477677369201013,0
0.5386013075925884,0.8686089120567316,0.14898282954388287,9.677876222355486,0.5671251851470159,0
0.5480321676296723,0.8688251646216097,0.09639349840526873,67.83743393211103,0.6401399314163013,0
0.5184851697758933,0.8685731421145896,0.15233754137318606,9.476178432844135,0.5383237250825427,0
0.600400618516542,0.868945365826221,0.12200087461488357,7.094371935213336,0.5817290367453066,0
0.5039296212530756,0.8685496623964073,0.1687955471668945,6.86419476506523,0.5506726085207346,0
0.647256235848536,0.8687202191980571,0.12044423016056505,18.626444671464583,0.5524671640581557,0
0.5374419614155276,0.8686052625863775,0.11298341302138175,12.277276034213411,0.5616658671280397,0
0.5363574411068853,0.868574866591167,0.1771361983875058,5.974297400367439,0.5501342522883356,0
0.522049553487209,0.8685710740974337,0.179504569621502,7.731997116751871,0.557743283299582,0
0.5562190829998109,0.8686329062963813,0.14726496344177084,5.816495485567394,0.5639063219374792,0
0.608847384982123,0.8686942840731691,0.13225152091020867,15.379706990142175,0.6880902588880843,0
0.4286190040548017,0.8681151286767187,0.1224125450307093,6.50368065631598,0.524083075906022,0
0.545363812988816,0.8686187674725,0.16272507140491083,7.095689675485073,0.5380918305581076,0
0.5773040919884908,0.8686282568324577,0.14442544991466916,12.3484180325582,0.570956997051241,0
0.453424041423071,0.8682032754515263,0.18189768192198552,6.041690698819543,0.5719075241929187,0
0.5396502525183761,0.8685800932105723,0.1525650903700263,10.363260295797488,0.547804634024176,0
0.5413859299570306,0.8685798360572586,0.15317883590043496,10.728298727142912,0.5714059761760609,0
0.647375192068916,0.8690514295261234,0.1113141246698312,17.32083269104952,0.5544218803852566,0
0.5478947001046337,0.868723134291575,0.13215976973857324,7.278380462044249,0.5458858053382354,0
0.6811684560415724,0.868917686704236,0.11060665186657237,23.794361090250007,0.6117903618000496,0
0.6213941416678527,0.8688749765694049,0.11248101858476874,15.729362736612467,0.5930986181410133,0
0.3609515732843989,0.8663825842115384,0.13610877347434766,3.323482439595502,0.5022566197411663,0
0.45699352159956996,0.8676690205560247,0.12550057688255103,12.560818440504226,0.5403925687921254,0
0.3787171646507533,0.8674154221871427,0.10640982624029506,37.16519412792674,0.50537913682819,0
0.5937649125471927,0.8686785389391846,0.11074763340526063,27.52103390840599,0.5963605519009747,0
0.546547779388933,0.8685708694680456,0.10827117388307812,36.609932822928215,0.545026415234611,0
0.6288458635484967,0.8686144579622019,0.15174003406810646,7.983733595887767,0.5326478972821159,0
0.5583879188842263,0.8688012661425825,0.13082180249779016,14.794137660490104,0.5696779654909624,0
0.484198039087759,0.8684112539814542,0.1306162133274881,10.315736008152234,0.5429505264404656,0
0.6036047490028037,0.8688768691674901,0.1331819521339316,8.195986144685714,0.5748338373706879,0
0.5217889755991311,0.8685601187815156,0.17669266788917007,5.7802554216310975,0.5861597139473337,0
0.510647183894407,0.8683433954480669,0.17058411923318104,3.4062248456987643,0.560248509255611,0
0.497496445950015,0.8685041105219161,0.14759836150352634,9.770581796380823,0.5998449424157034,0
0.564640995576454,0.8687286343531256,0.11817680136727816,14.506508572805409,0.5789444044902443,0
0.40862384763537535,0.868126961249477,0.12721175374782898,8.970496921953542,0.5541933865910167,0
0.5316358742494673,0.868574727901419,0.15724551792569996,8.89317898884165,0.5631710190062956,0
0.5172584122651437,0.8685743834379424,0.14161832075069472,8.73658694434096,0.5410688526379851,0
0.5156771999626161,0.8685740204288334,0.12099997514777894,16.76869074578565,0.5621101055695633,0
0.5194394533219976,0.8684496187425129,0.13374709620284286,6.397237870601882,0.572811663082489,0
0.47559892542223303,0.8685142284679807,0.16840669777601935,7.936643136388711,0.5017579492533341,0
0.5606072813877924,0.8686083146839363,0.1427894299514157,7.778065031962116,0.6043189265888756,0
0.491938184545145,0.8685119643846188,0.10649668306431564,17.278162860734067,0.543297400375573,0
0.4845571053944096,0.868521707413055,0.1294435772304691,13.258294771425543,0.5603027589772087,0
0.4873145856481023,0.8684835930214371,0.11347507917063081,30.5716201473412,0.6058087541861673,0
0.5301742422317194,0.8686414534498647,0.09873307469157137,27.10418564448843,0.5034028102678317,0
0.36062157403205536,0.8683360170507507,0.1625447563224507,9.605340270684886,0.5756839345231263,0
0.480217056196467,0.868415327698686,0.14164213559169078,6.093163646345124,0.5370059356202926,0
0.4561414332067324,0.8683117223493363,0.15092095111094625,5.111605430830317,0.5878564490879654,0
0.37119007489204164,0.8679297404100383,0.11281963959671576,16.587319766026006,0.5773512550501637,0
0.3824681738620823,0.8678622861067399,0.18417305650956162,2.6648433091557497,0.568053297640007,0
0.5395068942706019,0.8687744010107946,0.09544401275298349,89.03009670166938,0.5398597800640613,0
0.5378862357909147,0.8686942983986166,0.10287373875070231,45.63505094325306,0.619210363386577,0
0.4202596210781153,0.8679110108981006,0.12067734234231668,7.5290851604589735,0.5396324713162542,0
0.5597991522390416,0.868554094396865,0.11214238060278403,5.658338183559778,0.5845234320993147,0
0.47520319230222835,0.8684845591244121,0.1716549362698003,6.077359128574361,0.5362933028181164,0
0.5161989234212913,0.8685700622533786,0.1697128286437791,6.237224660254349,0.5423553707835397,0
0.5080049391605757,0.8685158397499403,0.12547849255318747,15.86616940777011,0.5346865023476056,0
0.4298558306813696,0.868378702134082,0.12527604559077674,14.536694882076462,0.5141586238578933,0
0.5192547313600137,0.8685663372282241,0.1533308118409083,7.685624762636767,0.5564545467114469,0
0.5041934037374624,0.8685934999962996,0.12361876318802888,16.747458305928735,0.6396219054408513,0
0.5349823168186499,0.8685969527269845,0.14442548102640448,10.432206532264805,0.5958258535093907,0
0.5381071666863151,0.8686575522172709,0.12597268309413925,15.860703012343233,0.5840983282938049,0
0.4052469433033994,0.8684338359675476,0.19910310005243023,5.386093124439378,0.5332839250971629,0
0.544673875551037,0.8686239845071295,0.11355155466497141,16.162087950620066,0.5867747012801426,0
0.4969428483538986,0.8681221793079237,0.13107294021256036,5.798106292993011,0.5523183659704319,0
0.5977007191292953,0.8687862604686322,0.09828400300714761,80.94668341799527,0.6060677432376956,0
0.553740517806964,0.868646890216317,0.1394713021228974,5.970590339471694,0.566022285126641,0
0.524181942795695,0.8685707441287166,0.16973041048244078,7.7077729061615585,0.5626689721090999,0
0.5462463948013764,0.8686514434171156,0.1333313201463814,11.265875626953452,0.5801741023354859,0
0.5222068358997293,0.8685920136973676,0.1387295217379382,9.845322871347879,0.5469249138015266,0
0.4808517741525704,0.8684963309497927,0.12768634095313725,20.083652373816186,0.5830953821652863,0
0.5602612945490653,0.8687708633242562,0.10187395409232373,37.229371922267454,0.6505842035693813,0
0.5374782437574187,0.8686162978325184,0.1277775236528035,16.214182517084424,0.5685215769185143,0
0.49163669012180966,0.868283039613067,0.11815423097578083,14.703198226465688,0.5844041369192077,0
0.5585697971815974,0.8687315230987377,0.13872898937304176,8.835716197528708,0.5744228343321517,0
0.5740921953760406,0.868762201101544,0.13419722866654982,9.926680524706457,0.5715216282818686,0
0.384263581112477,0.8676375425334163,0.1280366806018148,16.756138295988013,0.49252590980918737,1
0.29043199888405197,0.8679250838657949,0.23669618720469465,4.488291727881504,0.49511926467351497,1
0.4984841459362353,0.8684174568341838,0.16883900798758653,2.127429894019593,0.5652753055975857,1
0.4597199976940744,0.8683521744194301,0.18436714785106503,4.793031153919755,0.5431394567966397,1
0.48552071931113333,0.8684892874120161,0.19032209926602942,3.7617583736042333,0.5481379272791836,1
0.22728530808793668,0.8680337062474033,0.481657169514353,3.3431209065089664,0.518480286911119,1
0.49924411125166596,0.868554877622152,0.14596805505264493,12.441373927034043,0.5623636467271397,1
0.44958611781035834,0.8684603786529302,0.18015687017897122,7.284489760264781,0.5547816024073561,1
0.5386261313633299,0.8686077238562494,0.12656962392024396,9.808474927577963,0.5656438823434087,1
0.41932027558067037,0.8683234047056084,0.22799948182929067,4.682351922186843,0.532338961692065,1
0.299928208941345,0.8684217770341037,0.210031358169305,5.194541768748797,0.4642425325479244,1
0.33592309619969235,0.867822855310089,0.1539593942856623,15.771624949392695,0.5119444320699152,1
0.443500622220573,0.8681984595817186,0.16902080822007984,3.999524080653052,0.5566522225284327,1
0.4288898107596267,0.8684257062417434,0.18456174667557193,8.825734411277734,0.5260988842719607,0
0.4968680385844057,0.8685119974492519,0.10788112149169009,12.315298057268807,0.561820246545668,0
0.542880265384017,0.8685891041603967,0.1395893952181776,11.847551946923886,0.5674173309144873,0
0.5188982394138386,0.8685848064415227,0.11017142510038579,18.186291613951106,0.49283499840386963,0
0.4349126583422371,0.8682166472453142,0.12079964217616247,6.557566487663579,0.5456617527946449,0
0.5477209020322643,0.8686162693222131,0.13010364125973287,10.41275080221577,0.5317917064455511,0
0.5328500839213096,0.868578631108929,0.15371744982688387,8.455538650560804,0.5895364745780974,0
0.4959603964653813,0.8684318419316908,0.13911751560299443,12.24968203146108,0.581510289938835,0
0.5329906602889863,0.8685775536487313,0.15817543621815136,9.213633969894643,0.5553165690303393,0
0.4985702826523837,0.8684227912836039,0.10082236694243897,61.906943458277674,0.5628954828830023,0
0.6313252199178737,0.8690921823262604,0.12237907264815001,5.791191975947334,0.5339093486978094,0
0.5557132912119146,0.8686716419823197,0.15115954567397047,16.421431471572284,0.5673098156613373,0
0.5665344913903813,0.8687109744137237,0.10439199256229914,27.225274491993584,0.6025725045398264,0
0.36001159959288404,0.8682492017791299,0.14999157123970364,9.22959082092052,0.6561721469629394,0
0.52810186084312,0.868557728545102,0.1314266562106383,5.2800906959381235,0.552156664464406,0
0.5409076330315806,0.8686189813747361,0.10658266724755155,31.65122036838761,0.5764576832923577,0
0.4785675668778433,0.8685324354660807,0.14124840664578595,4.9160445181146875,0.5857245189802237,0
0.4956463386653853,0.8685408785897583,0.14455979953020445,9.161500721514455,0.5711132695889044,0
0.5238168578183444,0.8685937810114964,0.12230165896079877,13.206238961194483,0.5489738003395831,0
0.4887777193901654,0.8684844498355809,0.14628466935465018,10.71203829179111,0.599786624618995,0
0.5195474624961833,0.86857509762538,0.15423175626543997,8.9976793299506,0.5733930139425787,0
0.5866958708480804,0.8689152816855884,0.12464824277181745,6.160945790327899,0.5776348734823796,0
0.5122755765100551,0.8685482688985214,0.17339549696779324,6.596060157556538,0.5468368616907083,0
0.6645667417847391,0.8687109070546257,0.11986866604620032,15.84943504630683,0.5508429845559777,0
0.5225263914045026,0.8685865657322903,0.10378846601952323,20.319308161974508,0.5744596868456506,0
0.5574195954152383,0.8686056190311318,0.16183729305685132,7.072132231248859,0.5485039579489623,0
0.5581041889103048,0.8686528170128094,0.133723862225161,14.110864004045732,0.501089799824671,0
0.5133874658377781,0.868580459068788,0.11017105665352961,14.60669711284803,0.5618310970739757,0
0.5335806066609043,0.8686064029971546,0.16712999727560743,7.093047658637278,0.5688517769451267,0
0.5074473316763153,0.8685584538301997,0.2005277962910499,6.958767682673574,0.6008571644498873,0
0.54064644121422,0.8685897273636406,0.15597023401446306,10.644130699152893,0.544317899124767,0
0.5242276469992283,0.8685779932390391,0.16468532904205285,8.096928009910885,0.5306106265920064,0
0.5737728011109279,0.8687942223267205,0.1105298333694096,18.54883160411259,0.614897204693222,0
0.5124733099922653,0.868577931527176,0.13330809366390953,6.036194000106521,0.5677450909575107,0
0.5893291217430819,0.8687745737882917,0.11937059973308023,9.60673590712147,0.6114998135995876,0
0.378650398999311,0.867794173830324,0.13649308838632718,9.214735118550664,0.5451313361577973,0
0.5323306419553964,0.8685498243546044,0.12274735619526961,14.486418209307562,0.575360058550884,0
0.42797017525868536,0.8681438665463116,0.12589424436413307,23.74066657141714,0.595975444197047,0
0.575557327287457,0.8687019108901507,0.10245447335225115,46.37566654133684,0.602480569143814,0
0.6002835143472214,0.8689754241343257,0.14190377068254956,4.392318723939449,0.5634626974507646,0
0.5361265008337256,0.8685956171310595,0.12256885935578386,14.11795492574142,0.5604765938120982,0
0.538509604329493,0.8686359716779116,0.11977928103508974,19.577533975637905,0.5582700658467517,0
0.608105077869075,0.8689095588293066,0.11610562474200321,14.456590665955975,0.5772754992247077,0
0.5301024244695757,0.8685721926768589,0.17255084365817577,5.538363805717662,0.576181254716902,0
0.5228841968609933,0.8683953145158827,0.17176384482998666,1.9435551455851683,0.5736333387644886,0
0.5156679409457617,0.8685645775543406,0.14505531306154681,6.774004382929327,0.525254717899704,0
0.5529519872755113,0.868732478203509,0.1079569048320732,22.308296076956125,0.6142348111499434,0
0.5260163143052073,0.8685682629268004,0.15255229040453358,13.174556594073838,0.5543561825401514,0
0.5176396029952747,0.8685595517041903,0.12775418603841096,12.58794133996249,0.5403944876547236,0
0.49171601022492367,0.8684995757517208,0.10432734659119709,18.977245692120203,0.545318714026905,0
0.556399513434899,0.8686803229608294,0.10399302871575056,21.507808571758787,0.5589368445081803,0
0.5467858666105396,0.8685910112921289,0.1431613050434629,12.028330157544115,0.5455438274962736,0
0.5392777880490424,0.8686220692754629,0.1426698143828764,7.733823559960106,0.5577052521823967,0
0.4400811344470677,0.8682553485153927,0.11013875465015793,16.312993296983283,0.5024822720938477,0
0.5450417671369934,0.8687009851959773,0.10050075007366764,43.308918450862116,0.5789715883952007,0
0.53789833533208,0.868682999983459,0.11204479704114419,26.502533213136367,0.602267391006697,0
0.3929872565553187,0.8679433641133903,0.13807063475496284,3.998897137305405,0.5295804898182856,0
0.5045883049163393,0.8685300285823904,0.16885174247360157,6.213093277566346,0.5658205077537173,0
0.4404220200217353,0.8683949432994132,0.12163363085173357,18.656271843769535,0.5700555603912836,0
0.40315997686335336,0.8683106433431034,0.1593279579050456,4.39203391789742,0.530169119238815,0
0.531219356359001,0.868607527253935,0.15190631368726162,7.33119852377687,0.5659743180332321,0
0.44506845097875364,0.86838584435922,0.13399967344094085,11.375357196261582,0.5681897141977433,0
0.464961991521752,0.868492338070336,0.17617420607360346,5.116911558855004,0.513047148708945,0
0.521989188486584,0.8685520384730897,0.11960275622491456,11.781857047622125,0.5430619959283617,0
0.4833599069958207,0.8678952290488983,0.1470690311201115,3.3466510554202586,0.5526854690282064,0
0.19527643544392534,0.8633966138817261,0.11640239659141527,19.01052351767407,0.5010544792602895,0
0.594503135989822,0.8687462078340884,0.12829729596428788,9.32141196585103,0.5982884329161416,0
0.49948195905945664,0.868545718958443,0.15371536134846195,9.814656549018641,0.5364271582576084,0
0.543648344927938,0.8686453871600079,0.1456869784558308,7.552877157000143,0.584081551908159,0
0.4739674810611773,0.8684835964567167,0.13435781323737991,12.476166712818205,0.572707447176843,0
0.5097305800348136,0.8685459585419752,0.13616735646530667,9.51072725963752,0.5458275681975137,0
0.4969740990758947,0.8685037641764423,0.1414739050297308,7.5909326743171786,0.5675554536589854,0
0.46781692417253334,0.868029667798369,0.11576542402645873,12.137060918699001,0.5358869349693713,0
0.5437024839755054,0.868684562678514,0.1367139412989037,9.443362206359945,0.5541657301779096,0
0.587718129554741,0.8687885721607783,0.13690190535744415,10.264234558324167,0.5805470463821564,0
0.45241301388445065,0.8679839349544686,0.18941075846265787,6.318260853459485,0.5443999898297763,1
0.2996997946073457,0.8683697333410839,0.12860394260019853,7.094683256594375,0.27270684483936397,1
0.5929676801263443,0.868614106782721,0.14954190093731998,6.559100405726324,0.5935437557730844,1
0.19858530575525468,0.8677398214100177,0.202651403235688,5.74661841729721,0.43595506615755003,1
0.531064393147764,0.8685757943010449,0.16230945011145984,9.095456362732047,0.5361389975868813,1
0.4836145225701336,0.8685114596677354,0.13797760205241466,8.166072759485665,0.597623661528448,1
0.5276288212310734,0.868490277713457,0.14583403163082118,3.917191249494879,0.5701867095345694,1
0.4399169866252613,0.8684406025478936,0.202078209929752,7.503429358469735,0.5413719356550643,0
0.5163312084010127,0.8686098851603443,0.1021426796537186,16.640310021938646,0.5619862696901874,0
0.5667602136887296,0.8686129650689204,0.1300913981927226,10.48091229192748,0.5411342751866073,0
0.5146296661349523,0.8685579511702782,0.16247601795519026,6.129485950169167,0.5385646842751369,0
0.5323623272465747,0.8685771837418871,0.1616996961741127,9.58010980253379,0.5498843439768847,0
0.484578941041955,0.8684918154663066,0.09976124772742194,170.4246295521203,0.5699840002863247,0
0.5701659139663761,0.8688411055741874,0.11907089336363896,10.049260635466899,0.552746733823092,0
0.49455969419454293,0.8683765003590943,0.161285242757772,7.775245458134642,0.5731539408922667,0
0.513143826621167,0.8685581872759064,0.1756525457192327,7.631730654244224,0.5396079733040753,0
0.48178162405954633,0.8684995524839944,0.12351706380180154,13.768568933355805,0.5758404029827767,0
0.4983178947337463,0.8685248229217564,0.13141555040060068,13.364445493373836,0.5590395078688316,0
0.461678461368972,0.8680186133465776,0.15059274284400814,5.0191288757554995,0.5510442215465197,0
0.397688938801561,0.8684834117893906,0.1985059190703625,4.7657300065573125,0.5745083957395334,0
0.5024861532194284,0.868586097123711,0.11973512707575645,8.523072480355678,0.554222822351376,0
0.3343135246584747,0.8676576279005723,0.1137702247491467,19.29615645826913,0.5456119647810339,0
0.5354913778904083,0.8686322594761272,0.15984034984583342,7.3300750553911,0.58884391840496,0
0.5173546436786404,0.8685958646028261,0.18244230006722803,6.779768765085438,0.5487468620628116,0
0.4826575981715017,0.868520109312949,0.17862112021000423,6.997371860035047,0.5340029926481608,0
0.31939876916323867,0.8666246485305492,0.15190518549287965,4.715126780885687,0.47555378841941964,0
0.5700100447316353,0.8686675559216916,0.12909171734827776,10.584841377854941,0.570733681985149,0
0.4478231512196853,0.868221009523038,0.12022324613102615,31.085069625305533,0.484464520091675,0
0.4523030338687986,0.868385000200289,0.15327932314443918,8.45991757752112,0.553058538063206,0
0.6601742560327276,0.8690391013173638,0.11301579144503376,18.93663520547143,0.5836981744468487,0
0.5506110611070184,0.8685807566843117,0.1660379480957225,6.457006687278017,0.6049097587437906,0
0.5554299326713009,0.8687172049913436,0.10029669694146648,47.57935315898748,0.5131637949441566,0
0.5340021592569827,0.8685779242294718,0.1650595829606286,8.136116070270718,0.5314305358676764,0
0.4528766135476143,0.8683017101306533,0.12117796259298257,20.28751887698766,0.557201407684223,0
0.5558134916315359,0.8686832994162433,0.10261595189584083,26.48739305035473,0.6404273374415473,0
0.549819574704807,0.8685948622089147,0.1336315641523311,15.094994838450475,0.59918598531572,0
0.5143398622900757,0.8684221009102276,0.0966919224803332,78.73350392043022,0.5991124828591063,0
0.5419877238215837,0.8686901476931851,0.10363739044693043,46.18088688271528,0.5785226019671583,0
0.44775747332221366,0.8682637559567737,0.15109564670120765,3.3084059670087957,0.557778441746093,0
0.47146117853485464,0.868447186910851,0.16768952883134916,5.482178702093168,0.576293029937622,0
0.424422139533915,0.8683190060169098,0.13479736574834011,13.604618398374033,0.5563864723264027,0
0.520364091209719,0.868581541285672,0.1515009669982558,7.440569776123628,0.564241311966499,0
0.4428803174630527,0.8684662982130481,0.14768502547650753,11.776425970813435,0.57096301625445,0
0.4605904165294927,0.868160757189438,0.12867124882399242,9.978312940997998,0.5329683148652937,0
0.47346926558390007,0.8678512612116268,0.14919467111070547,3.1701208627717024,0.5642290529933026,0
0.582967114190876,0.8687336346340827,0.1350754899108572,7.9245843448058455,0.5744710630702197,0
0.5066550430062854,0.868546425407851,0.12646854500069848,15.643342845027883,0.6093205480420073,0
0.496593224071092,0.8684007433841153,0.14403907443439162,7.753579681542923,0.5674342803745577,0
0.43952256857924965,0.8684418982035003,0.13401238152177192,11.37934400289033,0.5518522667001563,0
0.513577324510008,0.8685682268580672,0.1355170355038503,11.851178798771487,0.5604247515045013,0
0.543554282887703,0.8686982934419264,0.13267570003278836,5.72467060515089,0.5717872383571887,0
0.5493504189002754,0.8686520236594024,0.1439558457540251,6.65504839705571,0.5643903364418257,0
0.34316353332233235,0.8682636133663563,0.15649401531057477,7.385475240650307,0.5146430781541766,1
0.3311821769697086,0.8638478418391671,0.21041354357041622,0.9444399458666172,0.4776618226984303,1
0.5097954752322983,0.868548917999754,0.16097050000085653,5.96427254219234,0.6023629872156117,1
0.4725888932531293,0.8683832353908727,0.14538311423208203,7.329402565675952,0.5412421256875249,1
0.42304228380980263,0.8662015707285087,0.25104388946476636,2.105779466008913,0.549043273939894,1
0.43612883568204636,0.8684384684191491,0.25845947072789,6.695605391592329,0.5561646081618317,0
0.5190232763801467,0.8685684002859654,0.169838560439223,7.990172654843957,0.5491720909375081,0
0.5149779274669309,0.8685523254256653,0.11293937762304512,18.96966736421965,0.5682850629464057,0
0.5276949720966534,0.8686259955112887,0.1194363190203992,12.084551108673512,0.609361595632799,0
0.20029991531591465,0.8675179304570664,0.17328395546172914,11.962570596207659,0.5201071466829502,0
0.49208577155418265,0.8685298558996631,0.16038566856272748,6.666563405508845,0.523460644969734,0
0.5661076264254322,0.868617384320565,0.12207814543471246,28.2640444943472,0.5500366444261023,0
0.562781957776244,0.8688223432767326,0.09878662517398064,57.983561584523386,0.5613779217396977,0
0.553877236929773,0.8687129396567467,0.10651794856850257,36.1212255169739,0.5884051797726834,0
0.5232658779264293,0.8685659951041133,0.1481413642022285,4.394234373985038,0.5806522496765942,0
0.5219039128568956,0.8685754179250313,0.149032229680365,6.570780155296874,0.5640842591947464,0
0.4757718779743973,0.8685046029798823,0.1589239221907098,10.172468861642033,0.530699595173597,0
0.5166150749524813,0.8684729767069513,0.13185046443719184,10.405899173743071,0.5839367826779641,0
0.597240076792535,0.868719433194877,0.13195278465163474,8.415853820693082,0.5815387626869887,0
0.5261817616383083,0.8685792406367491,0.13313688436747398,12.015356366007287,0.549920611174356,0
0.5518556870933281,0.8686493029022366,0.13268785086903392,11.869106101616726,0.608913494318277,0
0.5380216150281346,0.8685908841205617,0.1437504711422136,6.259102852844777,0.5663264721276017,0
0.4859681350224177,0.8683864216039464,0.17916828831228557,2.7485100561735583,0.5533358757736174,1
0.5272919825127754,0.8685505714031615,0.1695909755355335,8.500694417261846,0.55054648598346,1
0.384908820012745,0.8682549486684458,0.17704947216757735,6.72841056142604,0.5692626377280571,1
0.48709834423410436,0.8684846911183918,0.13325079069159498,10.371706016388853,0.5355251285994366,1
0.43438145295525765,0.8684610280605153,0.17674692998582112,6.51586435849078,0.5205381961126886,1
0.449719376736335,0.8683935004572384,0.1378371693761869,16.882174020346277,0.5532207311008991,1
0.470776784137452,0.8685182260670343,0.2032162180002738,6.658617189071129,0.5569590470133937,0
0.5268434481593883,0.8685761226780869,0.16864612057065254,8.083106805548535,0.5618145538839037,0
0.485935896600661,0.8684868642652175,0.11445982409791587,17.670232930105225,0.5816377434885828,0
0.5211627752571624,0.8685853401079223,0.12342764484841123,7.466625294699482,0.5243291506529557,0
0.5543970566131551,0.86861652349635,0.12770922581058264,12.933984182565206,0.5972281084489529,0
0.5642039410502626,0.8688663806204721,0.09889411374032663,66.01230714052498,0.6064520279689151,0
0.5429805542670864,0.8686658336350357,0.10630176785945629,34.81986415264403,0.5704148891426514,0
0.5372387885358979,0.8685883578085303,0.16743805235162004,9.921662974950772,0.5971487304861253,0
0.5459449171259227,0.868570443831271,0.13672609519054998,11.505864484994035,0.5923829671101657,0
0.5913764009620813,0.8686804875250096,0.12806044959417018,9.452226076143003,0.602504943920923,0
0.5147366501713183,0.8685659358848117,0.13831844722291328,10.672678139638615,0.572589048607557,0
0.5270005644373373,0.868659575028757,0.10375603592521554,49.32736105609579,0.7429338007568372,0
0.5217760290571704,0.8685405149027501,0.14221458794918088,6.719777606474033,0.5555646199258807,0
0.506949134132103,0.8685800650293523,0.15970665530649886,4.329334885891791,0.5691758066053283,1
0.5084378186701123,0.868703044604854,0.15423063406722634,5.844215060932454,0.5399841279220277,1
0.452512500320579,0.8663176329798469,0.14893429969384417,5.793644155603335,0.5493843459260549,1
0.46788116995309936,0.8680120549852092,0.17598679680252508,4.4130177432718325,0.5607090997074023,1
0.48448980232457,0.867878824463778,0.14853566693359924,8.188777981021358,0.5565469479578763,1
0.5338807321114607,0.868583027262135,0.16380617524946714,5.307598901580025,0.5523799741968713,1
0.5086966743306843,0.868500345901338,0.12753973056718068,7.397793188691073,0.5210878429740317,0
0.5205870002036107,0.8686399777198334,0.10965006927740643,21.219630952801978,0.589804162329731,0
0.49914042199291037,0.8685192519328447,0.13615578941550757,5.595530819773449,0.555392834629306,0
0.486688403567802,0.8681857974656614,0.14795496108429468,6.029468305381385,0.5411068449648972,0
0.511774617659639,0.8686094995272601,0.15441068466288285,5.604712521276254,0.555347006872754,0
0.5107277531406343,0.8685689023303551,0.16487191297450807,6.638173494589315,0.5606750875523617,0
0.493879316472476,0.8684762936164304,0.14514052046180123,8.484533598990447,0.5598603797574027,0
0.5217581934865607,0.8687483827661787,0.16874750506028688,5.28333882791845,0.551916209762695,0
0.46943132761197265,0.8683309689616016,0.16682438878809616,4.867801059991986,0.545281503442545,0
0.4892309165745246,0.8684978883637967,0.12757403196619796,6.983968456286323,0.544660876199695,0
0.48795435813872096,0.869382996516732,0.12379689671487716,7.98126980543722,0.5632284913405249,0
0.529198368332606,0.8687613078669264,0.136004762018764,7.3439881508996505,0.5541246188112307,0
0.4793584385191377,0.868495782109275,0.1521094238999687,7.742381032690514,0.5672933166237834,0
0.5185471088653554,0.8686756600146803,0.12651302553732188,14.36978376859956,0.6199569863058684,0
0.5154838416007843,0.868678376586545,0.16218503364663348,5.393866914368591,0.535747545527682,0
0.555779596143218,0.8686206860478559,0.17340079236863204,5.258445159809109,0.5448996165073537,0
0.5336755023933183,0.8687033333322947,0.1431971336906292,6.04846872789602,0.566210541915343,0
0.5298070690496376,0.8685874082157673,0.16518638950889067,6.5205649511278425,0.57504717230727,0
0.5506025352500477,0.8689379253669584,0.15548667168012947,4.950019330428829,0.5730789494829936,0
0.5541593315962097,0.8687294318535673,0.15360117924181535,6.153979568222151,0.5249280406875396,0
0.498750840502766,0.8685136016663547,0.15563058949503938,6.22449965168476,0.5488257313709853,0
0.5096900155109577,0.8685995815524269,0.16167273386535078,6.665576459727373,0.530353814586313,0
0.7046334275982574,0.8686926043689933,0.13413900992292502,11.082706734778379,0.6021926511006731,0
0.5512873392009703,0.8686622389310273,0.14035823331049177,5.961724033633474,0.5633880650585293,0
0.5132141430125444,0.8686276777492603,0.12928464817067278,17.952773973705348,0.5530958866973846,0
0.5321228760883296,0.8686009619353,0.13042244063875916,13.480951810092417,0.581694424645268,0
0.5439331763215524,0.8688111735305943,0.1537046849544058,5.713706633906649,0.5576133803369107,0
0.5165931894729824,0.8686786248629993,0.15666535554531705,5.911241696765138,0.5712894086938194,0
0.5420627478978893,0.8686177005440266,0.14629681474364142,5.454134847928128,0.5768731638515631,0
0.5144086120619603,0.8685571552751078,0.17101834712568387,7.778723374058389,0.5709839075808647,0
0.5371816945986883,0.8685869010158757,0.15491644517441233,9.05820255649343,0.571961275945891,0
0.5213136865426921,0.8685732269391849,0.15867002781730302,8.552048202125532,0.5706082456812483,0
0.5614633156005356,0.8688774671517744,0.15986896850332846,5.57381247571398,0.5663223413384973,0
0.5340952783885761,0.868589244392311,0.13114068975595042,12.950264365488298,0.6001691194018629,0
0.5681350177434723,0.8688627969120463,0.13663305602228076,6.866031736473641,0.5672231205475403,0
0.5241514440065337,0.8686871711765187,0.16194879646228263,5.383821221266197,0.542403709740692,0
0.519569906200542,0.868608729608371,0.15943688068777884,6.1473340271135015,0.5873574232694211,0
0.563003952915487,0.8688687523881559,0.16455728771972614,5.281575972337359,0.5297611669914154,0
0.5201552579549514,0.8686697050732582,0.15884248379335664,5.190176272215396,0.5613646764381474,0
0.56259868939953,0.868636364939129,0.1700219109764541,7.897500497725894,0.576479366707867,0
0.5501408709692167,0.8686056721492377,0.14987940021682097,11.004484646553037,0.5768845827981877,0
0.42742464317789536,0.8684875768378933,0.19020044922071752,7.21901015351944,0.5054272900195177,0
0.6250645350825327,0.8687668456270113,0.1118483547666984,28.702142453533824,0.586244595403885,0
0.5418994299754477,0.8686530500790216,0.14730238453659592,10.038355447205257,0.566311671274682,0
0.5065521194338687,0.8685249555488674,0.12390918472184181,7.873507054500381,0.5622754535895673,0
0.5815350296067436,0.8687083201624887,0.10652906260122667,20.166497063975225,0.6029624064414317,0
0.49798030609943167,0.868316343619315,0.16896058207785492,5.2535842449838555,0.5396498734946714,1
0.49251444462740007,0.8684134437909651,0.16387540701755374,5.650684020776233,0.562674476184601,1
0.5374030573393561,0.8687770359287413,0.18730255549346198,4.684439986246875,0.5015842873066726,1
0.5083795247395902,0.8685013292857494,0.1622940347895837,3.33893428095755,0.5975208242231705,1
0.5031866514690783,0.8685610390434607,0.1658486659407229,5.223423555569394,0.5225541152471093,1
0.5084027008967347,0.8685475087055302,0.16897588032234476,5.596836198804836,0.5565669333630934,1
0.38319358644582696,0.8676242990918186,0.27501399913628066,3.6488776327835653,0.5671240800716163,1
0.530185746754226,0.8687033784505184,0.14572391300133306,8.043458102722392,0.583277316763643,1
0.47819036934611764,0.8679108536405833,0.1283316391557147,7.17308551872482,0.557830715842479,0
0.5231140953564842,0.868706161429656,0.10216439511737596,37.238772742234254,0.584427966355451,0
0.5059663429167908,0.8685611424144349,0.1416285171537374,6.205819811351815,0.5575272237464816,0
0.5116357073416543,0.8687066290902736,0.15654834934729972,5.292061139028171,0.5529055352970397,0
0.5027800735862266,0.868506600060415,0.15516290750301573,5.469486796712905,0.5593715856507134,0
0.495536975573393,0.8684526779437917,0.16631329774681827,6.265988802801451,0.574627184848843,0
0.5045317108302366,0.8685398276019486,0.14873531870892392,8.616574380235283,0.5662665991971317,0
0.5165666868766033,0.8686825065405813,0.1520315880045485,5.692340604644276,0.5929717812447324,0
0.4792615612489674,0.8682494113693383,0.18042296797547533,4.107063120794459,0.5532804829624807,0
0.4925980378130627,0.8684626824422322,0.1477210855294668,5.380017307973291,0.5615662044286184,0
0.5079603060794159,0.8685796672721082,0.1402032098670267,5.313545185833019,0.5361188008358501,0
0.4878159615213824,0.8683256131142882,0.165907444947573,4.61989134318513,0.5364994608281423,0
0.49559968826342665,0.8685636196136667,0.15102203225992997,6.942016002332858,0.576047489693875,0
0.5098268230390723,0.8686520974187012,0.12145503176215115,20.2383296558497,0.590408092826119,0
0.5174645196681463,0.8686101175783852,0.15248879750017255,6.821345789198196,0.6084441990248101,0
0.5418246084657113,0.8686028106641146,0.176509882379804,5.005739770485437,0.5600773835449954,0
0.5206463653774857,0.8686369645493127,0.13267626202360483,7.2172803387613484,0.604558076752419,0
0.523385945435852,0.8685815704717097,0.16874755654576654,7.563931130424657,0.6256066128782777,0
0.5376586254543975,0.8688648487656517,0.16262872911910098,4.366078206531286,0.533788717982651,0
0.562479200834785,0.868761502741718,0.17779069159877137,4.738356034894879,0.527155493159379,0
0.5278174566988264,0.868623132200898,0.15432171698211336,5.553978657127825,0.5565794361499347,0
0.514324343520742,0.8686239568384609,0.15870965101352566,14.369152978461702,0.5790176417549433,0
0.739992263631234,0.8688076733654068,0.12935301965112833,14.226594688301796,0.6313399401085257,0
0.49199454309333435,0.8684087228592,0.14429364236779432,5.113972888265614,0.5600680661418419,0
0.505790384899179,0.8685825305355651,0.1310613107342746,11.553409853617037,0.574921965159086,0
0.5170100186719523,0.8685697100701947,0.1422014138096093,10.547342202131501,0.542394258301428,0
0.5104956967416633,0.868720664512983,0.14573607603713534,5.12271219409867,0.5626349755472616,0
0.5248223047907467,0.8686953799882097,0.1527184801980047,6.2145189441166035,0.5670422528665756,0
0.517316637062785,0.8685718618506023,0.16372319256999712,5.018866916306294,0.5559956924419603,0
0.5074349974039257,0.8685395584934099,0.17590177831320006,7.702582658586558,0.5918643050343517,0
0.5238399977475576,0.8685738122664594,0.16465667084071087,6.684419473146521,0.5582522833571216,0
0.5012038403145277,0.8685132563537766,0.16018042759128473,8.406615778328375,0.5843343871683456,0
0.5549476923497586,0.8688978808415974,0.16629906894308075,4.985311966717588,0.5110936227971887,0
0.44718925634255796,0.867928609031137,0.11012804538299197,13.079460220050219,0.6775797630480014,0
0.5385275116406146,0.8686987922593298,0.13162207184049304,7.948171906562488,0.558492499114294,0
0.5155446372614937,0.8686084070413133,0.11505169175103551,17.186814538773756,0.6955038404544324,0
0.5188541957161318,0.8685936787611154,0.1538179448989734,6.347513130921725,0.549521705604907,0
0.5535720275324643,0.8688190466921712,0.1663731053014367,5.168926634799185,0.5064543812651229,0
0.5260987835671117,0.868698165184853,0.16467308079232526,5.011741744872569,0.5374611549263234,0
0.5544593809475717,0.8686247248953843,0.16197467808968122,8.822394778504197,0.5580309864196487,0
0.5243295204680526,0.868576156686145,0.14546924124824837,11.41688788733792,0.5517007184518297,0
0.554068230434371,0.8685879180492643,0.16714461764892408,7.2175503178555225,0.6097375911374893,0
0.5306291868134236,0.8686539260440403,0.09984661868346706,64.25567706427398,0.545661158353302,0
0.511920687914334,0.8685698458839365,0.13817658765719543,10.767613192178901,0.5618324653473536,0
0.5201447430908804,0.868561174702294,0.11991230164345347,8.97744654214237,0.5539109090533724,0
0.549569424731139,0.8686816295564896,0.10249724824811206,26.81092283882258,0.5461157728229483,0
0.41703291197321635,0.8422845095676758,0.15312810698455837,4.5182564624465265,0.5541871240844454,1
0.47679969848257636,0.8670381209096177,0.17225341120398455,3.8705190393753215,0.5440951091803833,1
0.42946091906841133,0.8681770017119347,0.14646887277406206,2.4866441977600835,0.6714322402116387,1
0.508927226751258,0.8685533531205424,0.12790156239953085,9.495867062790305,0.5615635115871437,0
0.4918424776780663,0.8683747786035534,0.10232514620460442,37.29609724960453,0.557915555714119,0
0.4968607134029,0.868554206097491,0.14101100610560796,6.101956607078744,0.5666571692433067,0
0.5109423300436716,0.8686084766343547,0.15167716223445296,5.330071947950099,0.5672405381881853,0
0.49275923168958863,0.8684325690587448,0.14784449504303676,5.078741228149535,0.5751724126241373,0
0.5052348607579363,0.8685558671526122,0.1612576468590973,6.138345618589979,0.550834724131533,0
0.4843341026886114,0.8684641849990923,0.1603846433569412,7.793012370708564,0.5530071227981123,0
0.5093314450253357,0.8686202003943776,0.14842403499705303,5.924710504272038,0.5598883626106684,0
0.478176015885593,0.868381693473149,0.18678466113595502,3.4673858160502857,0.5609429836002766,0
0.507998389684242,0.868588532107894,0.15336985222065277,5.252377819427571,0.5535450389000933,0
0.470394887812589,0.8681433695805514,0.13566693339014121,5.11783166591929,0.591907640084497,0
0.49857553059591003,0.8684570840161806,0.15903127602326864,7.564749313782364,0.5427686975977037,0
0.49609077991563905,0.8685262201700663,0.13596886170636704,7.609438615416996,0.5520222450283793,0
0.4627250811296677,0.8680023960645821,0.1090093098819712,16.78698435431063,0.5485098925059146,0
0.4794285823754987,0.8683470295143837,0.15011810935515416,6.678504262408697,0.5616651679322527,0
0.5328822270592294,0.8685907755033968,0.17628566764325224,5.578948415266834,0.6025982364579133,0
0.49108543550287104,0.8683347554102979,0.14019103839029542,5.975225513363708,0.544414667922027,0
0.5216159506824453,0.8685734183537109,0.16379230285395543,7.0619682839604,0.4681609491972673,0
0.531198003461132,0.8688734302694435,0.16889971009766122,4.143827650946608,0.5400503232048514,0
0.5287525215862363,0.8687658323506873,0.16236483667401205,5.046872933230928,0.5561340073186043,0
0.49076757329258897,0.8684740692919863,0.14877168360085935,6.8036595128862265,0.5741871703713127,0
0.502908401150585,0.8685577606937297,0.14981850061308535,10.206437774533805,0.583062376193191,0
0.6098867807472597,0.8687297992194329,0.11507391599392669,28.03151647445719,0.5738706949435287,0
0.651470115593224,0.8687469897540453,0.17461542731916826,7.943602534978705,0.5785053182099272,0
0.49250782993197934,0.868411813046785,0.14708111245812375,3.466072224487889,0.546227689623422,0
0.49373985628875233,0.868490210761158,0.12481607970450455,8.28163426972055,0.5809969909670759,0
0.509926523902994,0.8685559049283408,0.15479886440905652,9.282718368333601,0.5560504757996393,0
0.4990132960815763,0.8683547133139773,0.15319153947091269,4.724464375013392,0.5472698130254087,0
0.5124626768704573,0.868636366033583,0.13230864120000455,9.103790070685108,0.6098824354476716,0
0.5428803922962803,0.868619667498833,0.15926134753139534,5.482782372945272,0.5857145093762727,0
0.5107064898332537,0.8685519680642223,0.1802043800066571,7.669494206795002,0.566234014261417,0
0.5154090713490059,0.868560419116899,0.15934218826293708,7.154951087628372,0.5585497998451213,0
0.472912988977152,0.8684717671300276,0.171877338849157,7.829099381910739,0.5530589427427717,0
0.5293541571723076,0.8688398024727043,0.17701473244358523,4.3738939050073915,0.533238052731952,0
0.43908867655366235,0.8678979517945401,0.10795724577150835,14.047213169339857,0.5742700528735143,0
0.5187768552834383,0.8686176540232844,0.1235059862685461,9.443727167252238,0.5904405572850154,0
0.46951677880425136,0.868357974156787,0.10506050872935503,19.438550371757373,0.5986373374845549,0
0.5185526120890537,0.868590586189257,0.1407727527142047,8.373818530430169,0.581167712112055,0
0.531378481419506,0.8687484858777742,0.15947541379174082,5.69429933389378,0.5481699220351347,0
0.5375199013999886,0.8687502266273821,0.15155018344256996,5.364643612150651,0.5746047452737993,0
0.5238121195074926,0.8685768446494753,0.1518670674339365,10.849384352641133,0.564569058125775,0
0.5318694399334359,0.8685831990388416,0.14635975577571958,11.784671372261826,0.5331717899937444,0
0.5456203695439124,0.8685745571758043,0.1661516386253584,7.159490147651439,0.49877713252479666,0
0.5348145845535214,0.8686879509518782,0.09772853039285513,72.3466945345371,0.7776123857948941,0
0.527831140110397,0.8686051499470517,0.12889796974425313,12.988140312219786,0.5300976010605154,0
0.514567449265947,0.868533501210918,0.12107735320863287,9.14198661768973,0.5671901749908844,0
0.5496853324958947,0.8686756117640453,0.10460728385451677,24.716543033245,0.573414704505232,0
0.4986237442065984,0.8685138005275262,0.16305973568304444,4.775628702206113,0.5535423759978647,1
0.36008287504997166,0.8673517463793398,0.09751457018815178,81.49061942851272,0.25326409853650717,1
0.49593568949673134,0.868383523114673,0.09500730705921974,37.64997679125372,0.6752200678445983,0
0.48653705569157696,0.8685681341423326,3313333333.425998,442.6027082418566,0.7437768185513763,0
0.5082202978156817,0.8685593747503008,0.1361780492584418,5.372224483323544,0.5661302310262473,0
0.43086460148537564,0.867655759373104,0.1481155199186119,5.869113681264964,0.568430799263841,0
0.5120300838531343,0.8686178693346641,0.16031635670170788,4.3602090301217125,0.551424507953418,0
0.5049053070794193,0.8685632136086922,0.15765551572142358,5.933259471171438,0.5559871818385953,0
0.5149809359267556,0.868557456445628,0.1681804973945197,6.66856258947517,0.5543909013854194,0
0.49546914389386004,0.8684918556607751,0.13217098800982954,6.359676512547041,0.5796972023868773,0
0.5342000789695717,0.8687306108728147,0.1891630050079899,3.7525908214486368,0.5092449645961513,0
0.523583151048664,0.8686336398737496,0.15245176394514934,5.486294999237967,0.5668533879157857,0
0.4751434497394887,0.867803112997084,0.13535356191773465,4.279337512573907,0.567488501035907,0
0.49731937328718234,0.8682218395677274,0.15397462460370906,7.909742021615545,0.5598266717578863,0
0.5118822097860157,0.868583098353627,0.15090716166757023,7.76400387678049,0.5738131445862553,0
0.5073455616428236,0.8685716803363347,0.10652904135671533,19.399539595035296,0.5415307608896486,0
0.5226203087156936,0.8686247065786578,0.1463343275004765,7.158916990989753,0.5802456879896646,0
0.5404287135804623,0.8685933151680771,0.1708177215463754,6.0352676023327625,0.5504566639433449,0
0.5241842666214267,0.8686843645638863,0.15976062697851037,4.699291904076353,0.5146707952113593,0
0.5075313288716323,0.8685550196057666,0.15082096622234017,7.005736957682399,0.5692155810918557,0
0.5071209477304813,0.8685593488677212,0.14956872518431188,3.435705057895562,0.6008236855179143,0
0.5370128251889673,0.868650270040149,0.16372046739776375,5.446144556847557,0.513512120015716,0
0.5141818733052647,0.8685133255796913,0.17530710403964564,17.253988875851324,0.449522239046561,0
0.522956184280061,0.8686599189153377,0.12084422946882654,17.476834933602248,0.6358366512025987,0
0.5364172810248647,0.868583390094923,0.13304420823848795,38.91572996028552,0.5592217872426206,0
0.6157130156643137,0.8687358322021109,0.1256580846566292,16.518172909056997,0.5623410379531534,0
0.5294214616645952,0.8685817872300458,0.1388105678309068,3.9547527375774787,0.5736612981503554,0
0.524882892873692,0.8686212747549585,0.14166556219406765,10.748853057581124,0.5653013448914693,0
0.5092066216255456,0.8685562826216954,0.15564277130634296,9.506826641354786,0.5796262426485898,0
0.5058577275448753,0.8685605649875473,0.1471557575744867,4.606491471096549,0.573354023450897,0
0.5142390584630347,0.8687739053714326,0.12877407882731814,10.552795526011861,0.5426950503669844,0
0.5503603067198694,0.8686515820601817,0.13777884191233503,7.924004464803677,0.5757369405569542,0
0.4947483841186983,0.8685227477615362,0.1643157069888345,7.359166662672923,0.5449848157575953,0
0.5081670226994703,0.868553018440935,0.16859902818424755,6.6223940422948635,0.525391896567004,0
0.5139242774638456,0.8685654746764859,0.17009638682964454,7.985205113212124,0.5822681050414157,0
0.5118592807824913,0.868597499238145,0.16564742725839005,4.367675301446107,0.582738132747866,0
0.5653451150003873,0.8687978582660157,0.14425753345488304,6.191820821641752,0.5474085814905449,0
0.5416237336808013,0.8686967045797603,0.12313789746462013,10.189210638980704,0.575582005836686,0
0.5311070184524294,0.8685879006245311,0.2082706787827807,5.94471174027843,0.537106498550175,0
0.512082679196966,0.8686286441640364,0.14763540272129924,7.501448865282533,0.5669482263839537,0
0.4761322739152343,0.8682951942277876,0.14747400355055273,5.542321678668216,0.5911846261682847,0
0.5334047471837157,0.8687608596196954,0.15994979443183052,5.100363610046681,0.5453006648541233,0
0.5213930782700333,0.8685805233547397,0.15430751149950153,11.055086569020137,0.5777216631615051,0
0.5348176381662657,0.8685831890715713,0.13704077399065515,12.893827914327954,0.5177994571702033,0
0.472321115228473,0.8685122010753291,0.17602164100313253,7.278883275797116,0.49395519461706566,0
0.740371053105331,0.868903726143461,0.1096499589170511,32.050751066968466,0.6132987654824716,0
0.5156570588279427,0.8685734011596193,0.1344970140494484,11.624794458668147,0.561173360293061,0
0.5579408216304382,0.8686573188450591,0.11629262512089804,14.36281454567064,0.5726146250478433,0
0.42028724063194,0.868238383774227,0.14583356558089833,27.037992391667345,0.5870403608227583,1
0.5286524746415253,0.8686303943325541,0.12528722660642985,10.874615101845096,0.5778914385879244,1
0.49711302207848496,0.8684411254313377,1976666666.7588987,211.76514045622523,0.731764756484843,0
0.5009590819777286,0.868521315673045,0.0943255565888161,130.47308502364635,0.5087154898534393,0
0.5225824308212957,0.8686233475963646,0.12345043058390791,7.3372753229180745,0.5738039441732431,0
0.5244321928817154,0.868772548429617,0.15007887494646535,4.973469509516612,0.5303383360749115,0
0.5264418239299024,0.8687445842851268,0.15931473633402138,5.013814768108953,0.5479191994281739,0
0.506830140976695,0.8685754036538805,0.15512419578819772,6.334659449558492,0.5595188463527636,0
0.5138484664451549,0.8685631884216886,0.1645710100082245,7.068342281424604,0.5626511588926063,0
0.5027252600728803,0.8685754722113637,0.12539947772814317,7.0951827091576645,0.5688461885840633,0
0.585184705516507,0.8689219188680154,0.17405721352644302,4.384758209277994,0.546027440246021,0
0.5297775542255644,0.8686414916200363,0.14971701715432684,4.96759591529248,0.5697640960566246,0
0.4360530899702247,0.8666375727744794,0.15133636277448578,3.5618757011617785,0.5376859050203113,0
0.5000900871409167,0.868399379742637,0.1564818050990382,7.722561721089031,0.5503568234559834,0
0.5166147550475929,0.8685557150753697,0.14964231980075887,7.792902859980952,0.554825760983611,0
0.5423701202929596,0.8687862961083677,0.13021742815870288,8.943152121180624,0.5287796911023229,0
0.5339283196077343,0.8686925571550698,0.15943643933898233,6.185154215840278,0.5278034844207027,0
0.5375670912621081,0.8685989948677704,0.1717653589967891,6.983144480127746,0.5511275504786181,0
0.542275853964745,0.8688202692859309,0.18825529661977022,4.130047329650326,0.4882760301452063,0
0.45633869410758066,0.8684706368058217,0.16165802271401747,7.866415344802522,0.6280438932389484,0
0.5481859712550884,0.8688013761295093,0.17364058694620546,3.9072994903006877,0.5423785185578257,0
0.54646224509795,0.868790160747943,0.1745160391426094,5.256621569934563,0.519340523758868,0
0.5532949242611117,0.8687231619884243,0.17271193927065295,5.167058852247219,0.5211052942385453,0
0.5915725017693824,0.8688155269608088,0.1443052583921781,7.6548844006208645,0.5271548503906973,0
0.49223588436470794,0.8684873863091513,0.13240123867778328,15.435532852574456,0.5230735614557357,0
0.507854727036135,0.8685180019996036,0.13557491224768833,30.91110489485342,0.5773795962910854,0
0.6473316497693004,0.8687860904828287,0.12075508136363472,19.700258257230047,0.6473358719551453,0
0.484060856778411,0.868440668812969,0.1536914455513946,5.809440952457013,0.5279921875039327,0
0.62425905760358,0.8688507169967051,0.13890484070627565,13.546153236246402,0.5389117497077937,0
0.5165274483104043,0.8685737482857063,0.14847483496972563,9.825844178615526,0.5625447346271704,0
0.510824764380721,0.8686196489216744,0.16254315036357359,3.8827795374621314,0.5260940336344669,0
0.5369369619347597,0.8688093308599817,0.12301440047164203,10.157400769984578,0.5834485646166304,0
0.5538960913290967,0.8686792145642367,0.13151791265435422,5.302683338945969,0.5551928673131017,0
0.47489856031086536,0.8684711956217814,0.18633391955319067,6.788462450143074,0.504107997624609,0
0.5395541920098242,0.8685855190336113,0.17999423541788118,5.571113925236876,0.5503696281424474,0
0.5588920266561684,0.8687117756843947,0.1546048159304715,11.979148274753165,0.5648722211986367,0
0.52339688648504,0.8686410652115203,0.16888641206226732,4.331113589283379,0.5490723707203623,0
0.5404028034200564,0.8687853267749843,0.15344561387634537,5.619772762877272,0.5270669667155153,0
0.6027238727576503,0.868837470630769,0.1291475134616199,8.703771452565881,0.5235711469427636,0
0.5815595832417128,0.8688123056209207,0.1640888988215005,7.099200373719462,0.5193490116724757,0
0.5209378492960207,0.8686342076183687,0.1518422790732408,5.068621224818474,0.5348704407178974,0
0.548482211417539,0.8688120562173953,0.17098927044475407,4.463245059151173,0.5352154416021363,0
0.5073376972384224,0.8685513677052566,0.14370130524868244,12.393617000814697,0.5628669304134407,0
0.441096175699844,0.8684538996404013,0.14882252895923395,9.368503247497687,0.631328226320071,0
0.48852672051516927,0.8685260478648663,0.14746182384672546,8.726908374140647,0.586868123678518,0
0.7344225068946123,0.8689451711286234,0.11219694831519457,15.713715787471902,0.5545644273094157,0
0.5156217249967013,0.8685734308531919,0.14628610722462296,10.082976982903514,0.5594726634669293,0
0.5738297204085206,0.8686767410555203,0.11492070834062967,13.270347878109558,0.570362622080637,0
0.23617036945201034,0.8678927411245426,0.16252975746306905,7.939001957303653,0.5818843410830327,1
0.4984981763183723,0.8685122716725288,0.17222188923078396,5.665807406679989,0.5569200195009056,1
0.2715336373657417,0.8673759425959067,0.2000967046870449,6.24388938468553,0.541832102687727,1
0.4991453753508693,0.868176478504711,273666666.75835234,518.9104961684776,0.389975737134032,0
0.5056396755894053,0.8686419965036336,0.1010472362542456,35.24721776975198,0.518349577551567,0
0.5322339059121673,0.8686636163615616,0.12005643234073797,6.990987363099178,0.5598054153825713,0
0.5283119189905783,0.868810492897318,0.14872148311709824,6.653840887683958,0.551012207385302,0
0.5260124849872917,0.8687093380843217,0.15606074690322733,4.819615848580782,0.5605375086115684,0
0.5101577056696237,0.8685866820400573,0.1477088606339322,6.797053643361499,0.570051989119165,0
0.47061159549059167,0.8684430309791117,0.17168986229385275,6.401454750641615,0.541127448665653,0
0.509357229013774,0.8686904848006086,0.13178205777554264,6.795323377262571,0.5493403049326434,0
0.549917989186928,0.8688878558538561,0.17142144900808096,4.557547777006145,0.5351101258104624,0
0.524443380048822,0.8686902494776813,0.14446193114990127,5.816586506031488,0.5635374543370876,0
0.5134369164977873,0.868651189395021,0.14382199762532533,3.727608431522975,0.5685624107450903,0
0.5155994149336549,0.868757860244747,0.1565599917570275,5.1100999688003546,0.5667409896716743,0
0.519539685873077,0.8685836405851471,0.15712820137752218,7.555558440772377,0.543531118008689,0
0.5454641757169973,0.8688438353847769,0.13400028625148633,8.614051288472906,0.5652135297977906,0
0.536807775745647,0.8688139549400923,0.16877650730937166,5.955889480546776,0.5340707808359616,0
0.532070428912807,0.8685969319220299,0.182250763355475,6.114404801528897,0.5297581170962237,0
0.5442361564616159,0.8689000964112067,0.18802493227176575,4.1424804457532565,0.5330000721524667,0
0.5280971106461004,0.868579862007401,0.17154674079945706,7.916489875433222,0.548780615049686,0
0.5257919195032482,0.868675629531107,0.16618425448912824,5.055828237218779,0.589107904321181,0
0.5764107301587796,0.8687895372663617,0.16147816485917688,5.449458128212227,0.5561214541266724,0
0.5358260386972017,0.8687456799892287,0.2005494477463291,5.045201779642224,0.51526896255202,0
0.5166048548234593,0.868659262583901,0.1305817984289456,7.61292781872797,0.5607376509593447,0
0.5636484425237483,0.868620825863191,0.17206378496525465,9.447573687121764,0.5538010369664891,0
0.48941893402121733,0.868514265600593,0.14756065904292393,8.47726704243784,0.5494471382192296,0
0.42376652961239997,0.8681637632673674,0.14598024981963956,8.42034166562007,0.6097269316236866,0
0.5870610149726764,0.8687282861333071,0.11495313336464835,23.77109519530467,0.5694729091408574,0
0.5401197575771967,0.8686380258448061,0.1711109374359465,4.938108266441109,0.5219288609361383,0
0.5963567544006377,0.868884520157826,0.14199857456265416,10.662848958914791,0.5632144014983492,0
0.5255544950938212,0.8685877385770896,0.14238143223687202,9.992505065769562,0.5546923455757914,0
0.515450296256532,0.8686965409428508,0.16689736742247618,3.6793497301899323,0.559801697321684,0
0.543474984452326,0.8688986065837477,0.10520082235006785,19.40597021142386,0.6147565486969563,0
0.5581801764691453,0.8686775512427612,0.12777654063843655,7.30383769857146,0.6011984766445707,0
0.532659409934854,0.868587019657599,0.18283628064684168,6.7022806453730475,0.542399528265171,0
0.5933422780945586,0.8686661285975174,0.1584689664414588,6.637140346899233,0.5627187486769474,0
0.5201451283939774,0.8685827693934014,0.15374243310492686,11.054587526041786,0.5358756828673626,0
0.5305093215751633,0.8687437429007674,0.15883082681426283,5.972096068979215,0.5753188805961758,0
0.5490734396630937,0.8688394060032384,0.15688967421556085,5.547984042557815,0.5385773060136844,0
0.5859371997077031,0.868850036183826,0.1290345409810832,8.612902650975167,0.5708622047138604,0
0.5617150368181453,0.8688456602630122,0.17391147917994632,6.3940566664422915,0.5034318127144524,0
0.5343000363569906,0.868742127615401,0.16221205668423236,4.531153123943718,0.5567912885036727,0
0.550789295131669,0.8689066706736043,0.17829487333305657,4.816757661878023,0.5259842058709117,0
0.49792957018466294,0.868535745913486,0.1446927209071116,11.087418790359262,0.5308087488933158,0
0.4611162321386877,0.8684922911922014,0.1310496226897395,13.709578691265005,0.5315266837677313,0
0.263604794186253,0.8681664010996767,0.17336322181639785,5.355206090556118,0.529178373768003,0
0.5932839145566273,0.8688810916401063,0.09843405036705206,16.045218606107873,0.6618505353155167,0
0.5166035852227376,0.868566946454519,0.16933779502210297,8.3300735614596,0.5561628038004076,0
0.5180949771432194,0.8685621989672301,0.12170029453986082,14.638241896383322,0.5714635220401583,0
0.4938171190503227,0.8685125077899153,0.1662677913688047,7.750175820014581,0.5541644347296549,1
0.4990179836375004,0.8683629656445403,0.17845112862366888,4.537366220290557,0.5271578270397727,1
0.5003677397749781,0.849295152684057,396666666.7583835,563.1171633751296,0.7297467503821876,0
0.519775520094741,0.8687068821715264,0.11765825755002961,12.353797478576265,0.5419241042836307,0
0.5237497477992714,0.8686779817571316,0.11676578476143157,7.145163057107586,0.5672544657408057,0
0.5475755522528467,0.8688489612433584,0.15080772991881897,6.429580996392826,0.5400238771194746,0
0.5125516147059307,0.8686507003954834,0.1656912732755285,4.676704811329079,0.5573796005645354,0
0.5103558707016943,0.8685882579863664,0.13948245869534773,8.234689041985506,0.5692631734038487,0
0.5151577349896054,0.8685637293384273,0.17373756823459138,6.3764623332544526,0.5887050668122212,0
0.5169362608152449,0.868703823314286,0.13335462077191262,7.941947165161128,0.5587969419553893,0
0.5383411194825743,0.868820119513931,0.15768245876749545,5.2996002462147365,0.57307003325488,0
0.524024296839154,0.868679912304629,0.14351000367912106,5.336884908814016,0.5695386192801043,0
0.512629759215637,0.8686868900896534,0.12894444624415657,3.7951140607051297,0.5493877986857164,0
0.580812144330022,0.8689436452673783,0.12842168648543767,10.010341200932572,0.5550917011822344,0
0.530181339527334,0.8686275663853976,0.14289590927307977,9.221133433464347,0.5709672654311686,0
0.5450951844909027,0.8688666097678114,0.1472543347635447,6.602281749664931,0.5628113806853391,0
0.551841332119016,0.8688078424049843,0.17304676445542344,5.524160179092181,0.5399819353054612,0
0.5248109597319043,0.8685748899797013,0.1762581467385632,5.568999499526273,0.5681544972454247,0
0.5397059104248864,0.868915460746694,0.1879162971861145,4.2504525218650615,0.5087624999628684,0
0.5309203937259076,0.8686033531835261,0.1499795464927314,9.147981602652218,0.593940745527834,0
0.5520596401530957,0.9880647803967196,0.12538884077211854,8.908265419574391,0.610434535097293,0
0.5770453272495153,0.8689004951239644,0.1772231741031017,4.653782889072761,0.5368477923642253,0
0.5206200259213011,0.868691498709012,0.19535852825942465,4.1529389956057505,0.5106939293271674,0
0.555378583443008,0.8688891519289307,0.15208395875270056,6.515194723829068,0.5250680991857893,0
0.5315132958772447,0.8685857358246264,0.1507568932350477,8.73558307800329,0.5895728397007219,0
0.5450245149610827,0.8688306136509203,0.1211328846793337,14.463733628327178,0.5847285981161753,0
0.40019004336579234,0.8679957911060233,0.13213700157934485,15.018750660785848,0.548435445476427,0
0.5067310104942636,0.8685702478435632,0.0974397684799303,97.05014483328705,0.8300924518015513,0
0.5312024383195696,0.8687179835732003,0.17788901040291594,4.590461723536834,0.5443461884593033,0
0.6198100645905907,0.8689332040164089,0.12770871381061316,14.630508437195537,0.5961318208881733,0
0.539321874375125,0.8686162910320346,0.15703559985822738,9.123545405060856,0.6041463562046486,0
0.5102059072446616,0.8686498314568261,0.18015426998495684,4.275553588541024,0.5280208747515727,0
0.524287057737714,0.868974215327268,0.10213168567441978,27.046279659746503,0.6453409404205948,0
0.5629092135942186,0.8687163975245182,0.12393137692050532,7.779823918213721,0.5571583722202783,0
0.5208579106973174,0.8686114726203371,0.15552588841114498,10.272003837142677,0.6789879196134664,0
0.5312680514428431,0.868617714138684,0.186166283392366,4.791610208675742,0.509450074737925,0
0.5283158890656017,0.8685811435630454,0.14476427448540766,10.958932994258392,0.5544789523013507,0
0.579383379397934,0.8689613919311384,0.14828803036208202,6.283638399832819,0.5499256152765386,0
0.5337458400407414,0.8687437067303093,0.161603982116936,5.89145877539606,0.5785937719173511,0
0.5554663457432157,0.868843935724751,0.14229772527175436,5.216860917342094,0.5700990107379557,0
0.5739910759695964,0.868910371093848,0.15569778081577407,5.988692873694511,0.6032449462853473,0
0.5566222619875667,0.8687614291477036,0.14629732754603955,7.17207865266047,0.5396389105539053,0
0.5504584378785814,0.8688940824841153,0.16749778825864284,5.399137604971894,0.5517016857437554,0
0.5073731027520334,0.868577258700607,0.16483008110314748,6.916689858528385,0.46135108478702197,0
0.516903091050664,0.868699208434327,0.1454328427909983,8.575794066546276,0.620603483139476,0
0.47516723802027866,0.8685338365304244,0.10558927899810944,19.699331311883046,0.4943188345526297,0
0.45552376995894733,0.8682467415981486,0.10705895169535067,5.645410558391738,0.538566046903577,0
0.5077224552772477,0.8685604420739389,0.15210936034058703,10.406118205007251,0.5788265738287101,0
0.4934638086980536,0.8684497683201746,0.12157744086954626,14.962066575432058,0.5612675340430316,0
0.406957042019156,0.8679946123040722,0.15160192175815754,6.542971126236369,0.560073338475983,1
0.492321329568233,0.8516440885904011,0.09159302773378165,716.8291839408288,0.7103082214542207,0
0.5091651346506564,0.8686470311867379,0.11866274181202026,10.817492851293904,0.5673724772298946,0
0.5165494951790462,0.86861559465645,0.11886145223830064,6.343193232552749,0.5683273286102307,0
0.5385701110647854,0.8687668593318717,0.13962381379598646,7.326711980802253,0.5842941332504433,0
0.5048069922647623,0.868584650064419,0.17003568296921778,4.085363229032233,0.5648594436452936,0
0.505301810689334,0.8685505042372226,0.14073677714989843,8.1076437315295,0.574684481046892,0
0.5174833826638546,0.8685715623018756,0.16962462476384563,7.518501390109191,0.5948658213287009,0
0.522874182409202,0.8687411275311437,0.13849444574223282,6.1532310766611245,0.5674089185792707,0
0.5365422680678801,0.868830465829761,0.15035624758777955,5.759672624629356,0.5637292114493496,0
0.5099418379098183,0.8685662413566141,0.15411545326799678,5.857631973540679,0.5461100527875723,0
0.5242210928403033,0.8688025995297076,0.13729800614408613,3.9983243215183015,0.559795060881381,0
0.5153126402719778,0.8691711476859766,0.14301620842899218,7.334557340612987,0.5486077040518514,0
0.5298064385183979,0.8685990489925314,0.14700813838110657,8.513732450613688,0.5491442688953426,0
0.5555393875996121,0.868844248072647,0.14573723873152794,6.540306229095311,0.5527552688119747,0
0.5389925103081097,0.8687780215428093,0.17979173014220487,5.356317149244497,0.5558693264422946,0
0.5096115261056454,0.868557450799837,0.16183716948729063,7.417371949424009,0.584681247294784,0
0.5231074184648564,0.8688221084080864,0.18515673200236402,4.237228986782078,0.5485406886135791,0
0.5212152406943537,0.8685810397517687,0.15450319429972,8.448254624844964,0.5436681715433588,0
0.5130002276202174,0.8967604337446177,0.13411529493135396,7.493152917451621,0.5169320520696157,0
0.5690118989810274,0.8688831522365597,0.17026602406160693,5.267856830109852,0.5543176020668423,0
0.5089626497862426,0.8686604165239783,0.1865158481322465,4.287427192536852,0.583573435532302,0
0.608689912571355,0.868854636497836,0.11098757156183486,19.481036957506635,0.7031187121318537,0
0.5572699104780438,0.8685920362059978,0.16300418366372985,8.07235595681483,0.629245276967087,0
0.5577855136398796,0.8688197287709597,0.1312666533827077,15.671297601747842,0.5304709692977587,0
0.49054568297793,0.8683115328006226,0.12949966199754237,13.199141247472433,0.5387573295006214,0
0.5055496902579707,0.868545865406419,0.10475790641885237,39.97947702288639,0.4073913846652233,0
0.518047081390962,0.8687172692711643,0.18343409316157444,4.261541330397761,0.5433724408945487,0
0.6021460198468043,0.868913856539906,0.13334398849157614,16.135463050354968,0.569411336776783,0
0.5248101676324001,0.8685964612451608,0.16644395792182373,7.779748926053162,0.5270989028044842,0
0.5082732840064766,0.868647109192465,0.1732865156533662,4.089561886988788,0.5586056380515566,0
0.545247940233611,0.8689388674298684,0.11271037607655034,11.890167376919468,0.516656982855781,0
0.5512625919493657,0.8686481529347243,0.14039330046422507,8.605684210343052,0.5588925328874533,0
0.5112588860717521,0.8685970308932546,0.15901750333609593,9.072430785065936,0.48895845993893033,0
0.5198290912521644,0.8685955874584064,0.18426495293166223,4.765058237336214,0.5673384773271754,0
0.491669890924005,0.868523002224717,0.14165389008787688,11.7727628694074,0.5525195168791033,0
0.561354566200562,0.868888338809156,0.15931580766400766,5.643787724572616,0.5384707176619369,0
0.49517649042881334,0.8684387047580171,0.13419686321777768,9.96292836912519,0.5916803327679693,0
0.535297088094413,0.8688119921341954,0.15071979275000347,4.781580380829825,0.5657131751021193,0
0.5287592294573359,0.8688208276596896,0.1651870273798912,5.192369495066704,0.5283676248985679,0
0.5320008894117847,0.8688236550805583,0.16379237285480844,5.692007125773968,0.5354882401254253,0
0.555884933189998,0.8690298250970357,0.16037084404854615,5.686741751924721,0.5709215194710643,0
0.5254195544641139,0.8686245883218243,0.17933255349529606,4.871625450736524,0.5064313303190087,0
0.21369139879881013,0.8674164133156824,0.10271254148688003,32.14352722417095,0.47964191267080863,0
0.4412071682019067,0.867879150156134,0.09467661463648157,50.97575630548328,0.5664348455456579,0
0.5128327167195547,0.8685779169108477,0.1473643099920281,10.720072122797104,0.5225258009612074,0
0.5683981975025921,0.8687872685274648,0.10250794473594503,36.6218187631378,0.681684292700234,0
0.49269230894484867,0.8684319232972997,0.15029281717803955,6.42051434683489,0.49820889575693994,0
0.42206838543474695,0.8684174656725473,0.7650633370620067,1.4244834662477688,0.5418668602493484,1
0.39063017160009067,0.8678675983158329,0.16705863028985057,2.950613795247293,0.5422167048006337,1
0.43470599096332335,0.8655347908555604,0.10936707311545524,10.548234272880674,0.5299217460921716,0
0.533241858440768,0.8686131562711651,0.1416650191551105,7.202089406310561,0.5663121556820863,0
0.5376112271579347,0.8685577906789054,0.14661582081991306,8.861786953952935,0.5517338902541941,0
0.5164677508092447,0.8684968864910312,0.12294753409539848,2.606775531855983,0.5609192762510666,0
0.5195981226071643,0.868615696686896,0.14365309001886925,6.165234969004145,0.5622237453762473,0
0.5530230793720604,0.8686548867122896,0.10849896901826529,22.251538567702,0.5689466734757487,0
0.5154551364889293,0.868629632738426,0.12076589902035667,7.039910233506456,0.567071981320978,0
0.5394308062126634,0.8685970114618766,0.13039960023011407,7.819319526324583,0.5894598398026513,0
0.5329558807403084,0.8685858545317461,0.1666352261464256,3.7596045626002623,0.5623655313378353,0
0.5296500665794034,0.8686520998579551,0.1112382233041384,10.15620780376488,0.613056472878737,0
0.5423622488641028,0.8686962606327207,0.10808768965688771,8.445515669191956,0.5532651492969987,0
0.5210099571687644,0.8686455733199278,0.16508639989538146,5.616995022383067,0.5521532447384493,0
0.5859982686148459,0.868666408816159,0.11824271305223116,10.91431367908474,0.5795437895364973,0
0.5349043050308396,0.8689956767013237,0.12591658387453722,15.518044398404399,0.5620369271179456,0
0.5329707990384573,0.868603983337067,0.17596673040991795,5.3444690015788705,0.5667659283622709,0
0.5254642626087663,0.8685852892006336,0.12673875760576944,3.9421930886617074,0.570949674015649,0
0.451559024503072,0.8675814665199931,0.13595765770687274,4.413954527736389,0.5487510108834677,0
0.6157920000922169,0.8689202633464427,0.12876231455870102,9.304461537692402,0.609915108107202,0
0.49907598514519763,0.8682556337698326,0.13810621878496096,0.8141518179217532,0.5554001664266267,0
0.5128340803857326,0.8688205535476526,0.13306765081227548,33.0845527528182,0.5618480429386673,0
0.5324081324818777,0.8685881169234199,0.14069068590596215,4.681334685949706,0.5832403793484521,0
0.5340968959706197,0.8687653604831264,0.12525371604679755,21.561161791049553,0.5638515258403337,0
0.5832834623707307,0.8688927594545119,0.13630671752717113,12.165478752236792,0.56453876334339,0
0.523336405185354,0.8687428255301374,0.12569191018479367,10.721555997182243,0.5551724237337163,0
0.5576710430328647,0.8686267639579294,0.13423073650145342,5.373154723408141,0.5635218967833749,0
0.5362055678526073,0.8686547586502127,0.15064458948742634,7.682803005217832,0.563648632241626,0
0.4811829909196003,0.8682003685723876,0.17757947756483383,1.3986202123817886,0.558070610155151,0
0.532453960249748,0.8686075912875406,0.1383059089262272,0.7375095980810552,0.5619845074761717,0
0.3525689859625443,0.8676335279594216,0.2114025432028902,1.5836107407993967,0.52954657646261,1
0.598386613978047,0.8711082820797243,0.11819852947800025,6.0513712285559,0.5668962459611997,0
0.5659047287177157,0.8689324338264286,0.11520532872772597,5.7928511496841155,0.5719417113708264,0
0.645983868257851,0.8711629439331601,0.108759742579658,5.461101538287898,0.574025313934054,0
0.673475341988703,0.8723901793109577,0.1158638990440652,6.2141060229352565,0.5596947806639437,0
0.5241426228818433,0.8687834425014797,0.10370255327666163,22.469617891471543,0.564080735673168,0
0.49991367699955164,0.8685094010228843,0.1415103869968479,6.20508641045911,0.5719456161459627,0
0.5446813197009339,0.868607319814329,0.13667953880052489,7.797887167170718,0.5704817306965526,0
0.5147369016836213,0.8685331551116596,0.18342920163348175,3.13976890943016,0.5672251110129639,0
0.5181529537183414,0.8686782072157145,0.1463829315442775,4.2153156877127795,0.5655450048584284,0
0.647921507553234,0.8697494778373459,0.13763815548360145,2.6903557535701577,0.5631792344283824,0
0.5510381527679796,0.8687514645069786,0.10632345021632966,16.356874059722628,0.5255612574986457,0
0.5617732212996346,0.868658392408402,0.1383524172388886,16.89422479382693,0.563440188858226,0
0.5952410686350033,0.8692578707600029,0.1103124351407127,8.882652179382236,0.5967999331874311,0
0.5132511301175334,0.8685212506036937,0.17341488941759853,5.676795382037821,0.5634009501722966,0
0.533684726226195,0.8686149799825561,0.14751142106751644,3.899363367560081,0.5572251161065337,0
0.5607386854510122,0.8686303556016023,0.11811016194820023,8.674770876012946,0.5367891346542923,0
0.508156411960749,0.8690570182349743,0.1172390122137761,82.45546263718406,0.5590424170132107,0
0.5025123831352417,0.868520245752498,0.13991924826113564,5.221522773851004,0.578246495874766,0
0.5497427239252654,0.8689350454651427,0.11984587393757101,26.29325391639046,0.5833665781701703,0
0.630299122647957,0.8746416538971991,0.10873840560864308,1.5887750697914589,0.5382342671327454,0
0.5716418206464843,0.8687446146754133,0.1212436945097309,6.612497778690438,0.555761389893943,0
0.592982065901006,0.8687568181774337,0.1251414220061889,7.481820172768725,0.568951525087529,0
0.5204244727837993,0.8684451535437541,0.15965053435227616,3.413620109300112,0.5550302097034736,0
0.5223594963917982,0.8685578132066184,0.11597417879119626,1.9090182529291397,0.5648619413542434,0
0.5016700361600803,0.8674734921166757,0.253924869537417,2.3367915920612856,0.556549046845111,1
0.703086747964805,0.8734906140581921,0.11699645665947617,4.003954251607265,0.5652322794399107,0
0.5196924113184663,0.8685693800541124,0.12574750532730417,7.016657067680737,0.5497613640500884,0
0.6086331870398797,0.8707665842030629,0.10666902610748563,0.0,0.5571818732835097,0
0.6549071335843923,0.871541624077382,0.13076507536920376,1.5108968880053566,0.5642981531364727,0
0.5281310195925161,0.8687904667687506,0.1033687639435546,21.223612032702444,0.566370748926863,0
0.5341524280337651,0.8686489910563884,0.12770970317165947,9.45892600012474,0.5709396149284477,0
0.517294232135845,0.8685493009602813,0.140927333911652,6.060611889058948,0.5607255502392333,0
0.47861846080532705,0.8682697930815083,0.2086621699216061,1.8498678894046778,0.5550258770702003,0
0.5234067816101963,0.8686288807062921,0.1467635930390292,4.085592347494482,0.5648119630629033,0
0.6898108971921753,0.870567792730086,0.1315750827762748,3.601748673825935,0.5763906906488946,0
0.47480572622053535,0.8683410790446228,0.10590215096851595,49.17429039528524,0.5661795389153563,0
0.5327692260118743,0.8685229027922704,0.13932999774499039,10.308090284042107,0.5629697112997919,0
0.6763051653244486,0.869807935406727,0.10877040905799261,16.6781917863922,0.6186293620831834,0
0.48285512209232734,0.8683432058367747,0.19664952838203664,3.3130160521693583,0.5529611193892496,0
0.5430782037782177,0.8686602965285467,0.14758509531836608,4.02912637560562,0.5745025256274093,0
0.5609650827727554,0.868618074306113,0.10715653793983453,7.45743149206855,0.571592820550507,0
0.6248882851451274,0.8694698439154117,0.09542278919992823,7.622554128294371,0.550418601813677,0
0.507863033899007,0.8689949186950137,0.11716224398301904,75.60384217230119,0.5574015708504293,0
0.5310615975723048,0.8685839558119387,0.14341367357815202,5.325769827850514,0.5713203630627763,0
0.5344036162248563,0.8687180286451497,0.12623125708779062,12.309317670867937,0.5530667973305711,0
0.5461698585619797,0.8691804476694304,0.09385706698261087,16.196058339905022,0.5860128520638123,0
0.723106861205472,0.878195154483505,0.11184830465019639,5.120507383050759,0.5694349132801916,0
0.560230374706962,0.8687271471634013,0.11796659609211624,6.506164961288256,0.5598981909176054,0
0.6277770540823956,0.8688942100044176,0.13027366173215046,7.544381880395266,0.5816688308501383,0
0.5122449099894477,0.8683900706282209,0.15864398926004608,3.996235993119053,0.567493254730457,0
0.5093485978291886,0.8684251632118697,0.11887263850500973,2.293886919201589,0.5671318230595573,0
0.52238166836351,0.8686055990510383,0.18674733546546118,0.5753978692706911,0.5705303161102173,1
0.5317137335684284,0.8695278233765223,0.11894945952409049,21.578005769937622,0.5525996611015952,0
0.5127188500811323,0.8685786162013658,0.13835251526962297,4.709392449622443,0.556850394539746,0
0.5048424402904647,0.8685097924504577,0.12114414751181811,2.8022173811190774,0.5613622714254087,0
0.5163236175965936,0.868570200832532,0.13248137498899656,1.5216089423871648,0.5628301445929019,0
0.548076853095831,0.8699224259425976,0.11903801939861718,15.165166712687615,0.5567148499478554,0
0.5583230599146727,0.8688797494989476,0.10939945725089789,27.13180581548469,0.5791424759191877,0
0.4947576852359523,0.8683255374535541,0.13050135909524213,0.7309375119591615,0.5578162018073797,0
0.5224863867652186,0.8687138157676113,0.10603148219002963,10.567558780093165,0.5299691185364437,0
0.5289803727340707,0.8686851507939953,0.12221165593878967,25.302218321813832,0.553673346485855,0
0.55668840621188,0.8687297246775586,0.10658303085117937,15.42683396858582,0.541905016262795,0
0.5349636920266283,0.868671776996492,0.12635563836778732,9.126800041387419,0.5351078420379943,0
0.532891719804803,0.8686178563081105,0.16057545344716947,1.3713928381264042,0.5610868602874437,0
0.48160574003652834,0.8683858437253663,0.1376143389958631,7.359129243720806,0.5512574255317363,1
0.486551020796485,0.8683228135683261,0.17285453888242386,2.330445614927679,0.557693108911685,1
0.518034885563455,0.8685764189167537,0.11071516171033263,16.18776051227761,0.5732309499430913,0
0.5282722884503758,0.8686058291436867,0.138047463924426,4.986082049617734,0.536231618150773,0
0.5320005550380421,0.8686412897369773,0.13564376600960537,5.287079474378217,0.58107925157496,0
0.5278662238517837,0.8685978211951576,0.13091231990280497,16.592869226698895,0.5762978524177167,0
0.5580039931151317,0.868609691419617,0.1233159056671471,6.195395879855158,0.5520475326806067,0
0.559791562794233,0.8686566893404897,0.11312533802177231,7.583762387364241,0.5855829401301403,0
0.4939949305082436,0.8684778240791008,0.14623632740287865,5.123981486518646,0.560047430062996,0
0.5917926057348496,0.8685955261861467,0.14233418678797047,5.311114748218088,0.6013174224415443,0
0.48734882721720973,0.868227123110243,0.15572160421453676,1.1154080323923095,0.5521692994141586,0
0.44944691557258,0.8683296961916737,0.16260133777793628,4.097140143047828,0.5434200296182947,0
0.5207644674480784,0.8685719781308476,0.14300552563755373,6.704171378879277,0.5683049733721687,0
0.5199843473607549,0.8685692247964486,0.1318387872364624,11.515674077255573,0.5440081248711524,0
0.5405107146528842,0.8685554580318899,0.15986943566871492,4.964489963987824,0.6062369599914054,0
0.5887291182328543,0.8686023479625193,0.1456642108234711,7.353762636724074,0.5959897516470137,0
0.5232271350317766,0.8685784126046231,0.1687021186431106,0.6122951724622447,0.5555267344167546,0
0.7443881560880977,0.8689672599257964,0.11433951845274899,19.707045189716965,0.583613033102352,0
0.6056809993183719,0.868669127341132,0.14709435119758832,6.217664718054889,0.5894354780351183,0
0.5450895753737217,0.8686381940632346,0.15719275230787147,6.568801225509827,0.5587257288382853,0
0.4858841151154099,0.8682970615139558,0.16764477017545767,3.15173487430502,0.5617498724009357,1
0.511021340589334,0.8685547301231082,0.11072593230815757,30.728384695472634,0.561012621527227,0
0.4985590701659553,0.8685234563913117,0.14956714697314344,3.332295634458224,0.554951456092845,0
0.5256490182409411,0.8685920424886326,0.13809464311346553,5.600954341796576,0.5677150065366331,0
0.5341585636560386,0.8686053087486753,0.13690045734248374,13.290544347788783,0.574563447624656,0
0.5698208585368684,0.868609459737194,0.1292724757416082,12.492865723325483,0.5563030776907897,0
0.5349785431173747,0.8686945797641964,0.16229668056329308,6.187619759076825,0.5632147758616722,0
0.4905662168269013,0.8684622452695369,0.14366530318440016,4.9116578970795395,0.5673346479519711,0
0.5783928868602713,0.868600214806306,0.14915647114895592,2.2844674111253562,0.5880841884096153,0
0.4840581677785864,0.867655832038608,0.1736071785301395,0.8514138512247394,0.5535682520717824,0
0.5094420552768206,0.8685257575206009,0.16904763649023605,3.0144450229322763,0.5560476896867157,0
0.531624329082205,0.8686101913122509,0.1421424610578923,7.252351594689215,0.5703399391006067,0
0.5121903418205287,0.8685544184157065,0.1326190649431766,9.467807311107842,0.553895312741225,0
0.566058732688815,0.8685764497429463,0.1618657728413303,6.51828521081542,0.5882989390432755,0
0.57774793549617,0.8685958212738324,0.1615903594706423,4.389457289587144,0.5682034592195667,0
0.5639233954819459,0.8688537729615403,0.13686654338627172,1.0943176639880867,0.5624818066751143,0
0.6680665181633397,0.868869079812778,0.1156996539348421,18.45549617031954,0.5482645112420955,0
0.727447078825265,0.8687247021266606,0.14240573460818154,9.548504793876738,0.6634190876535561,0
0.6424701782446193,0.8686473725751687,0.12901174310555114,10.80695199907327,0.5791943502214024,0
0.5463350612909483,0.8686055170623693,0.16359372763843696,4.196688310667742,0.57769027131547,0
0.455345481353358,0.8682256421265561,0.1502420290742519,4.759663483343644,0.5472092866778063,1
0.520357263953842,0.8688009482790133,0.14202247651783187,6.9099516349622645,0.5588383288690885,1
0.5181276359357657,0.8685861313342297,0.10543782567578219,21.031341341258305,0.5628418753245233,0
0.56563396716581,0.8687771874792652,0.1431737998238413,5.492829771627165,0.5672835755457296,0
0.5543163699657706,0.8687693401610107,0.11289543570761419,23.00159031102748,0.557469776099787,0
0.504355222393738,0.8685639287520592,0.14000304415251197,4.249811798253081,0.5724994228318817,0
0.5292243875303534,0.8685849249825727,0.1601651149868536,6.212496709357508,0.5201295874235413,0
0.5605540100062529,0.868653576668312,0.15880319895072215,5.013644646679474,0.5824608185161323,0
0.5114221032578313,0.8686015819239996,0.16571703876685148,5.667925092926201,0.565139848738439,0
0.46998668330641963,0.8676953535551076,0.11454771646890836,4.527492519074961,0.5483079965662866,0
0.580149117299343,0.8689236540483926,0.0963081283883296,43.91058025858424,0.6851421448124723,0
0.5709807074431287,0.8686417555134933,0.14748722498489927,6.818320467298069,0.5793936595954836,0
0.5314243023669887,0.8686496575430739,0.1204999086894919,13.841519280134571,0.5626368389136953,0
0.4892419012047027,0.8679655208342419,0.16283858830580109,1.6376486458240154,0.5206526240354606,0
0.5327082509661203,0.8686583664523179,0.12473819914716623,24.09361396552312,0.5743155189997157,0
0.52751941832596,0.8686167517687621,0.13102631507823229,6.4268176462319175,0.5416054405599907,0
0.516790596616662,0.8685566526295433,0.11717338601696614,9.176904622036927,0.553895527010755,0
0.46337511427777905,0.8676773833204491,0.19462894168118375,4.560706240270918,0.5406170012387876,0
0.5632008843671427,0.868586580474938,0.13516866800725405,11.080456117431734,0.5635527933584104,0
0.5351652024998976,0.868618530178118,0.12206757452912449,11.340480489815752,0.5571680727342223,0
0.5552467920634303,0.8687596791054424,0.12165530238464196,16.195197655677134,0.581263575005936,0
0.663020287067745,0.8687663143694163,0.12792433077920723,11.069257545929482,0.5860791660834469,0
0.5425272981763031,0.8686503005908931,0.11044335470956453,13.047834327485512,0.5791270240270103,0
0.5279593486185816,0.8686007600911673,0.15292164272727812,9.296365954699398,0.5437122619527454,0
0.5473365826590944,0.868638648115953,0.15112261845172956,7.121012835049316,0.5401537062766917,0
0.6211079691074324,0.8688017559260383,0.13694795735072882,8.294428959459813,0.6136016397168347,0
0.5980652856403217,0.8687900235595339,0.10555652828299965,21.131516499262702,0.5506328157028081,0
0.5415223122194456,0.8686011967122207,0.11969114560545657,13.506533348340447,0.5443652346215634,0
0.5158987325725267,0.8685601049837768,0.14338835683604387,3.6589032209140235,0.5520643704915954,0
0.45898547671523904,0.2575490947314963,0.15094529708233376,0.44493777828004016,0.472764199880813,0
0.595579336654952,0.8688564383772386,0.11393414653267837,13.477968743702037,0.5357248120589686,0
0.5473045988934996,0.8688582568897419,0.09772811200144631,59.64886940921673,0.5220822418032154,0
0.5265941324105703,0.8686492751429578,0.14492202709340749,3.6733627554503916,0.5748688392569944,0
0.567902963598584,0.8686350655709729,0.12155523090723502,4.801425700771214,0.5628265136112414,0
0.397668516506222,0.8678119935747143,0.14338941781161785,4.2998974063165285,0.5446046395473787,0
0.5340490822481679,0.8686330403164814,0.13329646772380377,7.146129699820505,0.5364523047044619,0
0.6104379447981501,0.8686665984025277,0.12285854012038429,14.777695943899213,0.6085149837947673,0
0.6013691153272357,0.8689015927606724,0.1104762324420317,6.312912677213977,0.5807982534128864,0
0.5407471395013274,0.8686466458654546,0.1290350873774537,10.357940228358792,0.5549428506808657,0
0.5596384733599343,0.8686619852901329,0.12759634538004413,9.689669142380867,0.5536539785877297,0
0.5452147465472107,0.8686590920701754,0.1088790465760432,17.924635706573138,0.559387649221564,0
0.557753085548479,0.868776379710067,0.10828263484258771,10.700946592520472,0.565749860499229,0
0.5733758846577097,0.8686743780902396,0.10305695973188772,28.168811187896235,0.5920380161662336,0
0.5385438728479933,0.8687466548975823,0.13706517560515966,18.439005029503935,0.574819442377243,0
0.5390960740770491,0.86867644393439,0.15171516677843952,4.813286523965917,0.5599449657771387,0
0.562120394728162,0.8687127955304983,0.1285695186456787,6.712825834229364,0.573002938836169,0
0.5472955642022911,0.8686431584035517,0.14377365314281812,6.8588616712202874,0.5155860716338926,0
0.617464344889604,0.86867651029455,0.11804348536831161,14.181504731964399,0.574277974529238,0
0.5572084991666407,0.8686262755518502,0.12975083186896827,8.336624244481248,0.553660072831962,0
0.6184542340826846,0.8687974369075483,0.12733678784295244,6.822861452585714,0.5724006086003074,0
0.582933735779632,0.8687668547312309,0.136971437550471,5.8235879830235895,0.5773231901298613,0
0.5466711183153207,0.8686473430714114,0.11984601617020467,9.546928543181233,0.5625036939064806,0
0.5207306440288756,0.8689042029232606,0.21171504170118324,7.308245661505458,0.5325118480242746,0
0.6146848725522753,0.8687856784824887,0.12095539010588219,13.82482687122381,0.5577794566629324,0
0.6812840048036678,0.8688336025527986,0.13302097616988004,6.211918845185223,0.6175696689383763,0
0.5723742244579347,0.8687896839875408,0.13610824199124083,4.360775970395855,0.562455384985538,0
0.48558937824920334,0.868387214745872,0.1754221941085841,3.687600948882091,0.5369140829403644,0
0.5030726912100884,0.8685394264605423,0.10175590225007276,20.394855614411018,0.6245863132753039,0
0.5210015783862589,0.8685601998729954,0.1556194679494691,6.057421077044679,0.5488232123316167,0
0.6546603675671326,0.868864631349804,0.11381428872848297,21.665669457513328,0.51608018295146,0
0.57964219450509,0.8687072949591834,0.14051241417337287,3.8996228830691066,0.5836970002969527,0
0.5533283049264374,0.8686245531510267,0.14294516456683157,5.2689033981606705,0.5857927135715787,0
0.5492330537574354,0.8688893275842325,0.14283665404999094,10.365276755538469,0.6022320498924607,0
0.6023571388984313,0.8687776900344087,0.14609077604963874,5.341502103136174,0.562015406782539,0
0.3493047927370547,0.8681788521217153,0.3539696919730173,3.1769841974489923,0.5523174414898606,1
0.4794479783977253,0.8683445142922971,0.10996527183911999,11.840171160993597,0.566055312326844,0
0.597116011784167,0.8689021469903481,0.14142673757510357,8.83052396987288,0.5784327374206114,0
0.5305057318252401,0.868612013300554,0.11129239961891846,25.55371426747245,0.5643025228864941,0
0.5052584743955534,0.868448426885614,0.135052034551123,4.961961902339171,0.5790449186950833,0
0.5287995450183777,0.8685976968690857,0.1615464501498415,6.617690530463712,0.586959170858107,0
0.49046041917626804,0.868445656329235,0.17681300257008167,4.184379299547537,0.5476900543150703,0
0.5153378877946321,0.8686015118846524,0.14028631052259152,7.640485716898581,0.624768736172763,0
0.5894218559583241,0.8687496374882914,0.11051967551379115,11.993165393355959,0.620423565071535,0
0.5422365334850247,0.8688133374584357,0.09600959384048176,62.88910095052314,0.492697599208169,0
0.5552665858075937,0.8686000113099691,0.15095790974252615,6.165239662752588,0.5749960992634694,0
0.5512200447607126,0.8686934656086976,0.11780113325822679,14.141622995141946,0.5753161534074193,0
0.498219922323349,0.8685391428856137,0.09660690234417389,87.11313662066931,0.594803985996458,0
0.5012563882264134,0.868426599178219,0.17512014807442836,1.7711357092512845,0.576264646826131,0
0.5164693030512226,0.8685950151818633,0.12318280646489205,29.5392264676396,0.5492186936140709,0
0.4300459656193553,0.868274874728593,0.13863468553363792,5.063251389082252,0.5551797268933676,0
0.5195944989415343,0.8685674789908967,0.12265830213071517,6.7613534025050965,0.5462287750133477,0
0.49187129058393664,0.8681629245056554,0.1795615255229325,4.822259025825498,0.560032648921116,0
0.526294827431359,0.8685676177444952,0.14981639097833077,8.583648265879106,0.5395449899595574,0
0.537626730389515,0.8686169390635469,0.13126680581764505,7.551691576907872,0.5574157962742564,0
0.5728010791335892,0.8687732569759267,0.11765859482122072,16.781778682627934,0.5718018166434188,0
0.598700158938672,0.8687006873678427,0.1333896556234946,7.4782666907063655,0.5539868414592877,0
0.571343305159147,0.868694581071654,0.1212882621825803,8.948617238444331,0.5750340243231643,0
0.5275580275461027,0.8685926232722233,0.15186806155223678,8.861722943608116,0.5538810269546903,0
0.5343204686711626,0.8686037011440274,0.1500679155928327,7.345696041925692,0.5696036730569993,0
0.5754291316465571,0.8687644717094477,0.1251075793514691,10.51864351589794,0.548628858666376,0
0.5553893864340588,0.8687224687726323,0.10329348435400093,23.344503848964933,0.6423941005629069,0
0.5427724183060719,0.868591163570224,0.1293073966174992,9.612203115145077,0.5614781858152557,0
0.5300919600318283,0.868634159664533,0.13437044221067734,4.443515017658462,0.5798850213138237,0
0.5132606331524007,0.8681998184161137,0.19857028700950977,0.40505275260784185,0.566677421543325,0
0.5582809461432157,0.8687694235596086,0.12496187801097348,6.648940429556501,0.5648220585521296,0
0.5376955454433233,0.8687510749020513,0.0970124777849359,54.428216662392416,0.6219995238598344,0
0.5201935770644937,0.8686295838753905,0.14673815549838373,4.5941888384255245,0.5653752748733486,0
0.5701774359521142,0.868650450470459,0.1270772898156244,5.848547283351307,0.576783074892577,0
0.4917225284845217,0.8683859607024926,0.14454656711978356,5.1700458329554335,0.5652457679185884,0
0.5323894095611238,0.8686140253269804,0.13418523095083293,7.008327500610062,0.5554735836585003,0
0.640016973974007,0.868696748249851,0.10631282343174607,24.558058690579056,0.608440064378834,0
0.5802884411427837,0.8688474740736046,0.1211106266352495,3.6173768027174726,0.5840410983249124,0
0.536080183736611,0.8686265112917103,0.13765021299566335,5.799057688844002,0.5677064598968821,0
0.5770865600131316,0.8686705497320707,0.1246922874421697,9.137732284521514,0.5587336122813393,0
0.5430971608975247,0.8686583248093993,0.11392348909268572,12.264304906110318,0.5766443307672696,0
0.5671335326032573,0.8688397617871996,0.11461339006630837,3.216360316972074,0.5588688189273707,0
0.5436552880664897,0.8686312338872101,0.10847778397295406,18.83632083833436,0.5893671476517809,0
0.522555056586953,0.8686457551405428,0.14431683139185153,5.614506501600618,0.5555254280708793,0
0.5447258060943739,0.8686959869221357,0.16092989404598626,6.156874353519528,0.5666946839121157,0
0.569911811027367,0.868715765684917,0.12587203393667754,6.895897701009742,0.5805907637182267,0
0.545348748389694,0.8686792021146807,0.1380484847168559,7.0810564673775565,0.5507521895175026,0
0.6111288635933866,0.868680885367353,0.11971344286271608,13.928038335656503,0.6206910826070607,0
0.548758975574416,0.8686020520731362,0.13441550060812166,7.902151670479816,0.5576928453344143,0
0.5906177661077767,0.868747840115175,0.12967081310469397,6.411727861065902,0.5640006450871513,0
0.5833984003106483,0.8687824817711306,0.14451058767560426,5.5588713769502105,0.577747450822449,0
0.5552708725890613,0.8686480922107633,0.12250151192597043,6.116140433559333,0.5617708307070596,0
0.5280831147989846,0.8690167127575986,0.19538537477892903,7.582842959147713,0.5778612629804263,0
0.5823660367715217,0.868718831991904,0.11993453014759199,12.403354951363779,0.5611377155865059,0
0.6568736742822906,0.8687978286215442,0.11379201808142346,6.1303726633842945,0.5966259599183483,0
0.571939909774278,0.8687812841432853,0.14313625672022326,5.912827078386126,0.5712952859964497,0
0.4907944503415987,0.8683492034717523,0.16712981295296012,4.478704198670324,0.56769574953338,0
0.496261896162121,0.8685270646150904,0.1132457138221055,6.583681027649344,0.5616049146421727,0
0.524975385686803,0.8685752374440353,0.15157615917453557,6.724056251135646,0.575506915240713,0
0.6229199740806787,0.8687751564794007,0.11206614471708305,20.811670107886147,0.581388958276804,0
0.586851806080095,0.868683857112002,0.14664120622255453,3.9389876438358358,0.559387823614531,0
0.545595587075134,0.8686068333774517,0.16258531268107498,4.500797916309235,0.574585399606251,0
0.6279733077452924,0.8690824517830046,0.1312101075279816,8.3926781028019,0.5775068781725163,0
0.5600803653317697,0.8686909947350939,0.12699729423138947,10.219672329964505,0.5628271783519784,0
0.5297046131055304,0.8686270465045852,0.12035615935286954,19.525733028875436,0.5477089998385439,1
0.4916217349135777,0.8683306782795063,0.1228358618573826,5.074192612429451,0.5729486281885426,0
0.6090295762180693,0.8690212972893844,0.13639937948800585,8.760926618841157,0.576027707702243,0
0.5438465469282346,0.8686528674488293,0.1156552234574047,28.913001175730095,0.578921206146608,0
0.491307633004616,0.8680102994678337,0.1253544969987106,3.6341417752330982,0.555906727191754,0
0.5279330602708731,0.8685768138042,0.15911323837986063,5.8583581697004465,0.542066212397632,0
0.5575970148991553,0.8686773001832567,0.16356871857025834,5.5030405818488095,0.5586466656402806,0
0.5206301695643835,0.8685401135134557,0.17045055270911433,2.8153656606051,0.579468378340729,0
0.5027355467852946,0.868512724016869,0.13106118303353026,9.032910299615256,0.5703242712707254,0
0.6151542134351996,0.8688837566832713,0.10714494343552161,15.713509878269928,0.6084905503889487,0
0.50795996746797,0.8685473882881963,0.12456929600989376,9.958463281608564,0.5554219752358903,0
0.5528689990028033,0.868586794781539,0.1510965662664166,6.286475438980937,0.5684948403973147,0
0.5905605063314027,0.868783738768036,0.10885765225344397,20.421285367311512,0.5765279831474547,0
0.49689044463838633,0.8684811787431833,0.09943954954002994,49.03064197661195,0.6050327942929073,0
0.567085141712124,0.8687506828384967,0.16139679750098365,1.1423018035479808,0.568447236891758,0
0.485821517122868,0.868386678318834,0.12556841690855788,24.30264777000919,0.5300665008514677,0
0.5216514629211727,0.868562618839713,0.12880738392119737,5.781498747030514,0.5707937051963671,0
0.45203605579973666,0.8683555427804294,0.11876188067153019,8.629369518228872,0.567168524762542,0
0.4752363971676994,0.86799343644314,0.19318211425544196,4.865391355554426,0.555211067734744,0
0.539704871912056,0.8686111465772118,0.14238198162912183,10.972619921975799,0.5681901956052297,0
0.526071410310328,0.8685610606141759,0.12631018473472397,7.608841195375118,0.5699121387585944,0
0.5470491132531524,0.868717889158139,0.1206779376669775,15.393137180945054,0.5641954486670467,0
0.6246156246464444,0.868746173635352,0.13067354253965166,7.912634509647845,0.562497980177297,0
0.567360348586188,0.8687033816607054,0.1176914627261449,11.344665952955033,0.5607822879618963,0
0.515609550870129,0.868573679470782,0.15451628510578153,8.37306147385987,0.5548938397366266,0
0.553221418008046,0.8686670584179947,0.1486601122189972,5.563786316369732,0.556454702972817,0
0.5673975339904034,0.868696108003835,0.1405837952670446,7.662671989926389,0.600127202658148,0
0.612152519848734,0.8688240846620073,0.10950863322039633,20.52272721922302,0.567443744818256,0
0.6203994472851226,0.8686638856386274,0.11983542903087374,13.168257065354068,0.5791096093009093,0
0.5366685723226853,0.8686567716945973,0.12955641759690514,5.176020812769959,0.5705695192219641,0
0.5785424057542337,0.8687878733990836,0.16527252040785054,1.015944107638223,0.5784487739478197,0
0.4567113241503127,0.8680163614916191,0.213597622571064,0.2452128019967857,0.5429311157436247,0
0.5611788575906532,0.8688320462158847,0.11953600316081626,14.41832718898411,0.5532026488204748,0
0.5326750472276905,0.8687480119639187,0.09843403034381874,43.62092371067007,0.5119569382382557,0
0.5149551556148474,0.8685508478589363,0.14782001704352393,2.8677016333814955,0.563910802581699,0
0.5713959617797696,0.8686756705948456,0.12413219587930364,7.069614379658041,0.5990607152285364,0
0.5082354164844599,0.868479176894831,0.13807118617753297,5.01044180787426,0.5509424253828724,0
0.4900076189439104,0.8684807043055524,0.1379181831758225,5.519266928011228,0.5584992380985834,0
0.6400508183538484,0.8687090042310683,0.10715649077291851,23.87547560786909,0.5971120855814314,0
0.6444884007271077,0.8690450632837267,0.1101174093462327,5.186208802390082,0.5712207277558267,0
0.5375418552720737,0.8686389264271154,0.13424340069121546,8.184573497255897,0.5656963325042913,0
0.550974259797252,0.8686439544320746,0.12629944308384133,8.661755444657862,0.56276357115851,0
0.6095525026359324,0.8687860832513442,0.10950810735428822,17.2632441253174,0.576231987911043,0
0.5557694318681007,0.8688073797579764,0.12533264389874685,2.491283770206058,0.5715480198667707,0
0.590801820653383,0.8687416680240027,0.11099817805644384,17.392578699359166,0.5713071567455937,0
0.5128330067720127,0.8685705802633943,0.1506933657557237,6.868412129786397,0.5586551026737441,0
0.540098347968843,0.868647815534268,0.15179036349373026,4.300722215741802,0.5667294323084823,0
0.5592952761743066,0.8686801457744221,0.13054746861426444,6.792633149062818,0.5687789881232019,0
0.5361764798080214,0.8686475621151851,0.13894121171562537,6.63129199976422,0.5633080820783793,0
0.6407507313996054,0.8687192378036808,0.11766920591436136,9.815496034153146,0.583737760384678,0
0.5373555735738224,0.8685881798266347,0.13217185171367882,7.8783654336574545,0.5669376337381906,0
0.5607504608745316,0.8687115179959237,0.12405433322229058,6.702123071528037,0.5745847952305813,0
0.5685129203668997,0.8687437599842637,0.13051396142527186,9.062351597597914,0.6051430510564967,0
0.5463486361100666,0.868642997742498,0.12736974305164292,6.5185435455869944,0.5652550738590777,0
0.5306337746437416,0.8690014559973447,0.18472066899393877,7.9911244638765035,0.5816458496916256,0
0.588068054386924,0.8687637724754946,0.11715097736765794,14.215623830673305,0.5951494446883496,0
0.6025175666437297,0.8687290536349764,0.1110856580696712,6.344201631219293,0.59836391561817,0
0.5438212781495344,0.8687399271819319,0.14149868927908277,6.812362898995881,0.5391258514413306,0
0.4984654221542073,0.8685650195847883,0.16272606490816274,4.379535485458138,0.5610630673231359,0
0.5197688917039583,0.8685601261372536,0.1077733896969591,11.016263073555885,0.5956335967607987,0
0.53026178841592,0.868615140035503,0.14601610349198915,6.18964687782612,0.5797525034939737,0
0.608943212864051,0.8687865317893936,0.10999773801625062,21.87324103304575,0.5742250832018504,0
0.57263765199938,0.8686207400646196,0.14853722983029002,3.606439151484066,0.6038650586505584,0
0.5215260257712213,0.8684931722112633,0.16363547551053723,4.330488292182046,0.5811747343261406,0
0.538322928789902,0.868734935829281,0.1314494862758937,7.47983641226364,0.5204169000404284,0
0.5645047953980546,0.868714504984875,0.1281053723062678,5.491747143364322,0.5912714878034663,0
0.7428321095738251,0.8687571444210963,0.15058165671330617,3.588742459978957,0.6053458060795519,0
0.4543315834961373,0.8663106237175846,0.16397478150141112,2.581255700875466,0.547613216008336,1
0.490385590700218,0.8684319541113403,0.1352850468246448,4.869159589662849,0.5460860260397394,0
0.5940194626651544,0.868836518340511,0.1313012447758122,12.419505357065933,0.5608769437283421,0
0.5302364441288393,0.8686317594888013,0.11604041074644073,37.25713527558037,0.5631803418711683,0
0.4981638470072293,0.8675786388500932,0.1242218228909076,2.9666384932706786,0.5542351310655106,0
0.486019068076174,0.8684572335671309,0.18186175711276245,6.192644850845121,0.5719354850685353,0
0.5650737603303567,0.868713083935619,0.15507129127089986,5.8269051908911464,0.5568651691268566,0
0.5531561149748964,0.8685949559302757,0.1363417763524031,4.754953464491603,0.5940404631807242,0
0.42577844464000103,0.8682617575532877,0.129239101391988,9.327017359901069,0.621725775044787,0
0.623444496998967,0.8689635202773186,0.11026944942222773,14.009105599716987,0.5683834491708983,0
0.5343504086114536,0.8685776593150031,0.13936486707147142,12.479397122258069,0.5404088285745913,0
0.5785854776684273,0.8686571785886376,0.14556630972657628,7.112721428529206,0.5694567623360337,0
0.564522823690828,0.8687432962727323,0.1151062840918247,17.760050659540006,0.5807407733950137,0
0.5004214711363614,0.868519328513775,0.09750392265285851,55.842550817809474,0.4318823620841166,0
0.5728404385070133,0.8687716816330607,0.1569144769891042,4.618355991712967,0.574102463161847,0
0.46980619458891804,0.868220932642874,0.12843345181440644,6.675609351510949,0.5318696423119034,0
0.5263861473168353,0.868577052736962,0.13126664883047004,5.592046313901003,0.558172680388585,0
0.5218272607348247,0.8686055821290363,0.11530444679243694,7.285009850789744,0.5765983491588013,0
0.4856640887961207,0.868110017601079,0.1896723175261068,6.172471077556266,0.5705937991423813,0
0.5160628065160237,0.8685781326507701,0.1514359571185927,8.834352077222643,0.5643722207050983,0
0.511590898968365,0.8685072269887916,0.12867114539009342,6.531736616225303,0.562836423089494,0
0.5458363661746569,0.8687168013623053,0.1260516855917679,13.499503144864791,0.5708828044786317,0
0.6096593426254073,0.8687384193060986,0.14290768005812018,13.005583886231772,0.5491265089026229,0
0.5532369873531854,0.8686713146367934,0.12833113018689624,10.87011937180427,0.568589884167239,0
0.5425439975502394,0.8686579762554393,0.15870921621421988,7.8682883898636895,0.5590049536599343,0
0.533956876879884,0.8686134828648177,0.1364937601312683,7.768588228706882,0.5636629764590947,0
0.5989040642710867,0.8687632315469974,0.1438229552595883,7.642365600534985,0.5681128949125643,0
0.6111241950394263,0.8688443302128883,0.10682111348266536,26.039563213681927,0.667747192778236,0
0.644476086051052,0.8686883759749969,0.13740342637059155,9.079979438912925,0.5900743647038686,0
0.5346000621400829,0.8686446315242563,0.1386697008139039,7.022567289432547,0.5455539205951278,0
0.5923890430634239,0.8687593166695936,0.15123418693691373,2.728338515686228,0.6065612984113047,0
0.5497097567900907,0.8686187527052199,0.16088969307712145,0.6296676627420782,0.5852773241029233,0
0.571691675940158,0.8689343404918214,0.11806569672605483,7.978018694112239,0.5491042417926822,0
0.5440532998343617,0.8687908990014833,0.10040419686526009,36.981509107436956,0.546267567066618,0
0.523334883182553,0.8685884491327442,0.14466892099260556,2.6805438630090426,0.5662415881210913,0
0.574973895170004,0.868673613503174,0.11861826132389554,9.911704956354129,0.586774211303635,0
0.448495501900187,0.8680909830394606,0.14628568195525646,2.232745198255574,0.5592612810392503,0
0.5256203586936964,0.8686069912231297,0.1359687621545457,6.60945434629471,0.57221385355698,0
0.6627300656091913,0.8687160863418972,0.10433795540050306,35.01862864807089,0.5938323562419257,0
0.576295344158384,0.8688577230477197,0.1174922813075117,6.667337770344249,0.5889653721486571,0
0.5397352870413403,0.86865819146763,0.13125563627186806,7.95240598918727,0.578888705784672,0
0.5595190579913457,0.8686656006496523,0.1240320609284894,7.809242390789391,0.570774674374281,0
0.5674780706602847,0.8687115787503731,0.11485500832481871,12.375767977779768,0.578662457433423,0
0.5541881239281876,0.868776280221652,0.12608506983506557,4.116231489655248,0.5747154826405799,0
0.5682707494369826,0.8687265418544258,0.13019507255564197,8.398952358602486,0.5583712774596507,0
0.4869689436800367,0.8682770215576082,0.1551497609965202,5.766211611136878,0.5484159577766347,0
0.5233946294799644,0.86856836331414,0.15026785519300653,3.6635588328154296,0.565576249971287,0
0.5515073812656369,0.8686750457807818,0.13865794558583314,7.570256508347248,0.5740225621990753,0
0.5336298818496623,0.8686338919523277,0.13876495160248767,7.27576319519236,0.5657267291987417,0
0.6385985853697673,0.8687362614781334,0.11057418605097534,22.230528930797394,0.6283881017930253,0
0.5520773384058634,0.868606526026806,0.14271751519661746,11.376082466588743,0.5517301237554361,0
0.5707840618643707,0.8687394858360861,0.13019461575128113,5.755972173224006,0.5722871152239156,0
0.5824112459524646,0.8688112648349643,0.13680779242104102,6.8987823882892805,0.5691704195872307,0
0.6120527831436283,0.8687736332939306,0.1330894043185329,9.02924764235276,0.5671944465850877,0
0.527540287792,0.8689211241500286,0.1823055466756129,8.228247669539341,0.5685191977314757,0
0.6010749444256943,0.8687834521683161,0.11923674519228254,12.150406542130627,0.588752815171664,0
0.6029890245149171,0.8687247685426632,0.11455840295504467,5.853753848621447,0.5735005138894179,0
0.5457969166495706,0.8687896741334242,0.1339774641774476,18.675390401210553,0.5778734588069973,0
0.5017270764974673,0.8685394160551368,0.15614115915789353,4.4771383476379265,0.5623074102395004,0
0.5108353288145356,0.8685472099677248,0.1240877822021589,5.717321990906036,0.5646448136733353,0
0.5288816039864667,0.8686076251146139,0.1378598569619073,8.324834900151819,0.5692887545113234,0
0.5412276746090113,0.8686108620994576,0.10684229681510064,25.516083462537377,0.5997623718090936,0
0.5818540740231977,0.8686772777165679,0.15243707795788167,1.8037608485383296,0.578014926159666,0
0.5679743437639703,0.8686712056895289,0.16612298770759704,11.750973545336288,0.5745489977861177,0
0.592055195341719,0.8688068669897794,0.12358490938749073,11.794586499525309,0.5951428613704324,0
0.5775194195478403,0.8687745921348083,0.1334578558582398,5.022133544937453,0.57555406262181,0
0.5728920846580428,0.8686720961668438,0.16775145395682647,14.964819098612477,0.586775586450479,0
0.5286870173508224,0.8686560348012654,0.15652185486306233,2.7144661054793726,0.5775900607404597,1
0.4265996317431153,0.8683776242441646,0.15275709877822374,3.8158559574556565,0.54627071768473,1
0.5105684843867867,0.8685709795634015,0.1306269550114379,4.838079941718228,0.5632702206448904,0
0.6298192235904326,0.8689724487842853,0.12843399268636627,10.871414094139903,0.5825104116855956,0
0.5300521078317533,0.8687006117789423,0.12241253964077163,22.005269833076007,0.561656196006069,0
0.5404848489881897,0.8757940534249863,0.11563348295092762,4.389832415905689,0.5588039065699674,0
0.5176343540409917,0.8685682230180692,0.1672795448180864,6.580239488554096,0.5416783342353116,0
0.5653007954236706,0.8686977239113977,0.1517269281239246,5.644684379938031,0.5745132361732394,0
0.5678440540755103,0.8686216884630794,0.1287506505032476,6.9732963465068485,0.5792573018404327,0
0.5063442765778317,0.868596151493035,0.15735075381704722,5.805445409647875,0.508079597921118,0
0.6370134898837343,0.8690307273142023,0.11295062674590893,13.564387406030654,0.5908145719054777,0
0.5168829363997507,0.8685476407351403,0.13572524927168875,10.553665351352283,0.566014164338592,0
0.5682034368809811,0.8686306166657977,0.139046185959531,8.822082018138069,0.575033975584688,0
0.597491307316596,0.8688308890955666,0.11666629312005448,16.466082035913693,0.596772999328677,0
0.5655757949904324,0.8687548357435927,0.1509072254892839,3.3653771817413447,0.5772702338866044,0
0.504873555083869,0.8685501377767176,0.13010351374416454,5.6218830118811995,0.555096765575505,0
0.5646752475511397,0.8687746496953034,0.1148768027372874,20.215126111546013,0.5824309601504243,0
0.603309026425152,0.8687581867231025,0.17041986754298075,1.5243463269816546,0.5935813250022773,0
0.5250990268222783,0.8685811688583754,0.13344685346667018,6.081579219685591,0.5589610901357753,0
0.554374473927685,0.8686957896812033,0.11017159953156043,12.269390404731858,0.58050616631359,0
0.4842665390651953,0.8677633323961235,0.18320564446418572,8.391396334199102,0.5511902568837851,0
0.520154309386159,0.8685834682479904,0.14407654512105336,10.102287567546895,0.5542727146153573,0
0.5194794948631133,0.8685490535318378,0.13602768753992842,6.493464242730747,0.553388820918653,0
0.5198674491972687,0.868640071355891,0.13100357353140824,11.1789804698784,0.5537962535567403,0
0.601025347522854,0.8687556188201814,0.13916528380087848,11.85464594142852,0.5676712570939787,0
0.5518591412764606,0.8686752260351783,0.11863993977664622,13.865100569927206,0.5874876085784093,0
0.5296223925691763,0.8686326766257603,0.14633541977737044,8.659063000431487,0.5467526097148057,0
0.47524309640921736,0.8683911506089715,0.15840085536152113,5.528547594551681,0.5398110611898973,0
0.6234295627513741,0.8688354463828306,0.11880579259950746,14.744355772359052,0.6128950086964203,0
0.5921821458399443,0.8688138055381934,0.10760010107138313,25.193659928147014,0.56717258195977,0
0.6690053257725529,0.868735578552449,0.1309241567559184,9.300832146919069,0.5760498407947733,0
0.5522545780017044,0.8686854751271733,0.1532174015931293,12.946829803831266,0.5932828598828364,0
0.6032969259396244,0.8687673286071727,0.12739287467782212,2.5509316429630458,0.5982766423621227,0
0.5827142648699476,0.8687191579182634,0.14331678063984946,1.5977303403137635,0.6195416448128354,0
0.5805853466087606,0.8690960676947893,0.13321598959136563,15.777273739688285,0.5892358815158533,0
0.553138268645159,0.8688472625002303,0.09962187781531211,48.32595350285912,0.5723120749911307,0
0.5291544361635867,0.868615441091425,0.14174875761995046,3.6470152035879106,0.563189440632491,0
0.5745806844703637,0.8686694114704269,0.11857376763538313,9.611450781668433,0.5426494472824784,0
0.49989388532679097,0.868528693461282,0.1436176045508831,3.431698183177536,0.561710047490581,0
0.5318732863859796,0.8686144367040717,0.13630725356251594,6.628248447816855,0.5824048463795134,0
0.6743871584789827,0.8687515139517531,0.10468301226603254,37.9775927180172,0.5946114360291327,0
0.581146369440592,0.8689006933769997,0.12076631197112482,7.1478025550985675,0.5817538924585963,0
0.5446754233180483,0.868661806693467,0.133447375146483,6.193131978234417,0.5574844851367067,0
0.5788103966300583,0.8687048592704277,0.12629953199466867,6.407117110460798,0.5662869904270716,0
0.5831254487238057,0.868734532469302,0.12331584858891777,18.767890283218303,0.5673009504887263,0
0.5645500968352594,0.86889725752388,0.12809436664325888,6.823403277030523,0.5712117842095054,0
0.5659283961046363,0.8687529007725606,0.13034185819945032,10.607320124925998,0.572214462869899,0
0.5044272088399413,0.8684767195548314,0.15623360660873606,5.868019754659715,0.5574334867193488,0
0.5011526997079526,0.868440928565334,0.15177812865822435,3.3874898729801384,0.5603593845148284,0
0.5536696654528344,0.8686959366740558,0.1377080272889701,8.456118932472517,0.573621111278302,0
0.5317416453955958,0.8686299116758901,0.15117132437748024,8.807214976962056,0.5684905506627848,0
0.5409743627836964,0.868667776300421,0.103003028043129,23.384551102762284,0.5544095263204687,0
0.5543897043659717,0.8686250906463879,0.16233585603317693,17.25160259497889,0.5798392191062497,0
0.5435693889300177,0.8687174612575302,0.15009221216196786,6.344641848671545,0.6136523407905701,0
0.5733239571087497,0.8687995703877295,0.13274452150578134,11.782113305713029,0.588197266597257,0
0.638048726852122,0.8688163923953446,0.13116453556098212,11.628692204829767,0.5834385263438507,0
0.529976324740015,0.8689510773003457,0.18529485673294024,7.482636287117082,0.5548361332676547,0
0.611041474560626,0.8688074037962291,0.11509605390301991,15.956684156844117,0.5682375438835533,0
0.5602706102265134,0.868637554274005,0.1264685710134865,7.130115928879188,0.6054516019407837,0
0.5482236094652096,0.8688067889940992,0.13088966085619924,9.628931772136879,0.543421670453858,0
0.5004454162696287,0.868533780258813,0.15704825709507977,4.1050564302409995,0.5748164104897601,0
0.5172189011678604,0.8685483079779943,0.13709943339748518,4.188248687496187,0.5641044062173006,0
0.5140441146588693,0.8685818363792367,0.1361436743336183,8.75933843796253,0.5930612383835933,0
0.5604549792244823,0.86868612187287,0.10264773903783603,41.835760180492336,0.5975625626880458,0
0.5531357871649564,0.8686043926814992,0.15603587128065066,3.1490632570780703,0.5612311870087318,0
0.5701261290946831,0.8686468469413297,0.1726016453576675,7.3713755684668545,0.5817221912697671,0
0.5801727674602973,0.8686982835058666,0.12225628394146675,12.897361104175557,0.5639077072338773,0
0.6115060502165033,0.8688527614360306,0.12054423834974064,9.4795610420674,0.5934173122240437,0
0.5475680951810796,0.8686559532709524,0.16711719864161637,29.40167353685175,0.6339552036790496,0
0.4694922165978426,0.8684424480078047,0.1492067345329614,5.511896795394294,0.5528694207244381,1
0.4785785841175647,0.8684652666334913,0.1679137168879662,3.9786338684674187,0.570634265611682,1
0.497997999195079,0.8685477556914044,0.16620975265059204,7.6916514916018155,0.574353103753202,1
0.486963251198385,0.8644081388199331,0.13388440049763742,4.06162559621168,0.5561261036108216,0
0.5982457983128396,0.8688872155354735,0.12210038340486035,11.693426622966259,0.5900423493463599,0
0.564117989117101,0.8686852039051077,0.16134069419577626,7.600412212522899,0.512894878002118,0
0.6206848210169901,0.8687094028086997,0.12785587929840603,9.176783051550172,0.501691489281596,0
0.5667039211877051,0.8687570582343533,0.12772095824219246,17.613964707419246,0.5559713526133959,0
0.5262849566147677,0.8733204703250826,0.11357367666437927,6.080431884114374,0.562221427145059,0
0.52588823084195,0.8685666208179259,0.1841265666116406,5.8078802658212405,0.592840919023636,0
0.5701082267615593,0.868680134927247,0.14955609162571012,5.284391498357019,0.5584499759143423,0
0.5877537843265727,0.8686469968036493,0.12854735740664178,8.047100883287463,0.5812279264154263,0
0.5541277684718663,0.8687987103396283,0.15403705598578646,6.703043206670541,0.5425096536449064,0
0.622942975565009,0.8690859630454847,0.10100435026834866,30.201136090214323,0.6919312748887947,0
0.473545764289203,0.8684316389323069,0.1477824245354489,5.55775377751651,0.5534166349503257,0
0.5795905364346949,0.8686687198021626,0.14996668403923133,9.201385390810286,0.5855068988942539,0
0.604146545739794,0.8688203231623101,0.11679873011171638,19.40025052825317,0.5996303582773196,0
0.5397777661660114,0.868550404883313,0.15005578322566646,2.3781838320451962,0.5857926083959787,0
0.46404985023992534,0.8682245017320739,0.13884692476689756,7.955819103523918,0.5569709902369616,0
0.5673697028287363,0.8688254797232849,0.11319051005077184,10.487401872341342,0.549017296420803,0
0.5994664875296977,0.8687071075735441,0.19176204771345173,1.2102783672169937,0.5809367187385083,0
0.5223940030226456,0.868585295072302,0.13446269393004157,6.26408174178726,0.5657034304431937,0
0.5389596275434666,0.8686748278222627,0.10313220335545532,20.056110181402104,0.5583728335277907,0
0.38164932777746996,0.8634157613244281,0.24806618083124865,9.497346589610626,0.6121524529638304,0
0.5104896055569593,0.868554283958955,0.1503064162364659,8.054624699599264,0.5723824733846964,0
0.5132454562842966,0.8685311234445253,0.13311309169466393,6.56453166605453,0.579268762699349,0
0.536650489985201,0.8687134979319984,0.13358463936394818,11.124230138966805,0.5716886108075824,0
0.63065662554181,0.8687508917500061,0.13241239677352493,11.758344568076932,0.5933175589074217,0
0.4559312646576273,0.8684357073870917,0.13370059646117477,13.48809567908752,0.5666471111224997,0
0.519264309187912,0.8685867299384187,0.15830825564107695,6.467297264266446,0.5584296801245684,0
0.48294418248138166,0.868443339413897,0.15064416679288486,5.0148721111106624,0.5399997910686494,0
0.530234648172506,0.868633845663279,0.16167164038701884,9.845186986126604,0.532836668511543,0
0.61216392686652,0.868783703896927,0.12741619134310259,30.57226616018361,0.6103672699382613,0
0.617890411050945,0.8686996236381509,0.14692238235575864,9.934487080123313,0.5870565789432024,0
0.5325709666770834,0.8686102703948566,0.16208729489306817,10.649523105600355,0.540180014583591,0
0.6174766614661933,0.868785145381657,0.1215780736967114,7.7004418094224505,0.6525290471481896,0
0.5659555736994649,0.8685995704701751,0.16966790794144562,0.7004107217101988,0.566464495048463,0
0.5553872272291114,0.868789275702018,0.1339770500693308,5.2273803385144895,0.5434774678978066,0
0.554572167538632,0.8687980557375514,0.09956794462530703,52.098421269488156,0.5807363742413614,0
0.5352416955450504,0.8686231550073407,0.13615517485681475,4.580821519081473,0.5693433995732521,0
0.574501427511376,0.8686717154661311,0.1206444941277502,8.713209160166256,0.5865742531704207,0
0.534783024070006,0.8686569747987827,0.13804789708139875,4.980844474448337,0.5690931696090548,0
0.5503327973304267,0.8686554066309381,0.1402873120413095,5.506692490344554,0.558528842405674,0
0.6417186551298387,0.868731352271006,0.11161939348932193,23.701449118577408,0.601615656644403,0
0.581696979059437,0.8689012282895033,0.1183861805182515,8.093966260961366,0.5871809884265806,0
0.5467780977853808,0.8686611417657777,0.1334817596607665,6.484181875893675,0.577810763634573,0
0.571294155813754,0.868685937944545,0.132492827340037,5.782002601510536,0.5559968103909821,0
0.5831815609500087,0.8687086998673156,0.11955870701114231,11.137641501197493,0.576113602393937,0
0.5622487694290603,0.8688998129980386,0.12552294621948257,6.922520423316337,0.577559062090927,0
0.6225732340693483,0.8687822521323644,0.1306725122371227,10.915836219664383,0.5632673295412247,0
0.46841197693243236,0.8681189444015223,0.1642576830163455,2.125086654164718,0.5598818474089883,0
0.49535611480326797,0.868362985733659,0.15702121912437683,3.3554858606279923,0.564211027979832,0
0.5853553939809977,0.8687873825669147,0.11965836626746174,9.752030525971705,0.592120103420397,0
0.5191674413125641,0.8685871394212977,0.15418040520748152,7.935113759793863,0.5637302071583573,0
0.5812791260241156,0.86871854456693,0.1051901863794429,20.01373352151149,0.579935437493337,0
0.5454929453704821,0.8686242547088043,0.1634952450492362,7.4628526976646175,0.5423714885897707,0
0.5503166811139256,0.8687568940396156,0.13760256368503834,5.708507242788537,0.5288930945338807,0
0.5645350440641637,0.8687624978874564,0.12801492524159505,9.540278354543899,0.5651811997876484,0
0.655302910468066,0.8688284280595554,0.1311867359206067,14.96408502529985,0.565061551307817,0
0.531989023599339,0.8690125840019317,0.18697097008965172,7.5615602283765435,0.5448268666279094,0
0.6164612660310214,0.8688083824435537,0.12492798218435176,21.716879869375752,0.6154328096008194,0
0.5646360320501803,0.8686396036732393,0.11644694015834633,7.393347009628554,0.5706901673069247,0
0.5351191564532777,0.8687499108831966,0.13672666716763174,6.186922193099856,0.5740240685015271,0
0.513829966311315,0.8685885729578834,0.1604507986898096,4.4602894375855335,0.5418700026104056,0
0.5235751552570317,0.8685526061522734,0.14712994391982578,2.9290018197462127,0.5438355876487097,0
0.6017869510238624,0.8687919345139558,0.10256192989420942,42.89559019773669,0.5898616173737473,0
0.569991101902061,0.8686773259765923,0.16738293664828863,5.331615977751942,0.5888703017108293,0
0.5832731970057016,0.8686761301839131,0.12468205143796386,20.55759244942948,0.5872720328202263,0
0.5996489091381857,0.8688309875118293,0.11172802426388788,10.566882598360127,0.5859437157087827,0
0.4970424175019857,0.868401499950457,0.16638682220440573,3.911666127111607,0.5576715394920128,1
0.5434989567722504,0.8686164351229669,0.1221894324873045,8.946035137923158,0.5447714867692673,0
0.5360003306651208,0.868649269550459,0.12344988916303411,6.626246916231552,0.5856357598166717,0
0.5321899760553723,0.8686164347762819,0.11242633404848683,17.901369133984872,0.5268616300297667,0
0.5437267836696623,0.868657929549976,0.12697550370540744,5.97267083992696,0.5687156382271703,0
0.530008630631383,0.8686040971960889,0.13107235940435757,6.81333534679709,0.5675853172679123,0
0.5116936834137457,0.8685604775528638,0.13084397173906612,5.906841500530873,0.5601433327893997,0
0.537225441128142,0.868726193662952,0.10854245109377543,45.07816130557737,0.5743120003301944,0
0.5227247450123739,0.8686150358566457,0.13631787424952543,11.910579448603023,0.607793719686004,0
0.554215764409454,0.8686610909815259,0.13708840757236154,10.216892844654856,0.5750964911480356,0
0.5166311979561743,0.868470126612522,0.13580633359022903,6.550967246905102,0.5942757158629143,0
0.4953649812553049,0.8684296052328196,0.13302142652615553,35.68382998538404,0.549455670802477,0
0.6317779425123053,0.8688273840859556,0.11240474094854314,15.625331118564825,0.5668616234248343,0
0.5210471951952426,0.8685975871670579,0.13753166835810074,6.399231409683679,0.573547185419819,0
0.523953272303556,0.8685717159413954,0.1771525139149042,6.728713749017738,0.5434814372688227,0
0.5733784966104213,0.8686991006672135,0.11451475179420852,18.33804726196544,0.5786037126851417,0
0.540441271824949,0.868629798036904,0.11833152492891193,11.959429987644596,0.5515725983769256,0
0.5467769408985294,0.8686512282493003,0.1087269371164475,19.8629949716256,0.583654711950079,0
0.5419853686296344,0.8686587867085368,0.11096592239551517,21.772286880607474,0.5497527211748646,0
0.6017115700412453,0.868732803833994,0.12568073246703318,10.05214771602133,0.5614386848898283,0
0.5040132962894224,0.8686635396051576,0.09986792290923197,99.88498172872974,0.5545024929369613,0
0.548754333969849,0.8686691302869316,0.1125133502316964,8.321180134242878,0.6018969616152346,0
0.53637669456281,0.8686388053310979,0.15036729483377284,8.653101727707828,0.554828798716176,0
0.5391131407296786,0.8685913514892077,0.15534437919480604,6.262230316185753,0.5542631674012374,0
0.5392323489653916,0.8686558598621533,0.13130164111146334,6.295846500618748,0.565469855144428,0
0.4787826927568437,0.8683184952360853,0.1037666888791045,29.81010063806548,0.5698412021055167,0
0.4733818087197266,0.8682402430167976,0.1469345295083289,6.047278614883552,0.554969917056748,0
0.4659127081376557,0.8683073234723536,0.14289756965599987,5.174598623834422,0.5534833272703567,0
0.5505049643626537,0.8686339063292069,0.11120500145779409,14.33986432158266,0.5668033104683098,0
0.47384892962394365,0.8684292771579861,0.14350855913400196,2.901013633985023,0.5541833006186456,0
0.5416467817404983,0.8686025472895204,0.13482079689634097,10.849008832013403,0.5659701675975607,0
0.5419897340265873,0.8686351867995964,0.1150521126026373,12.907759737099447,0.5528789857851583,0
0.524607690919483,0.8685871331511441,0.15256621026897393,8.050575700480294,0.5690538422083806,0
0.5656716352283623,0.8686316580936534,0.1285133715449111,10.075182478721581,0.6016830622684796,0
0.5630530832589163,0.868691715168382,0.10039362114730616,36.80140561477781,0.5581378317227345,0
0.5240611809868957,0.8686110125457843,0.13932992543384906,10.444728850288103,0.5680774884836929,0
0.5793365801170113,0.8686468991828123,0.13321740589497408,5.278498861194942,0.5758524744745847,0
0.5797502349292091,0.868685577462135,0.15271755904998377,5.430112201038738,0.5634750677776926,0
0.5538702576546304,0.8686412682591796,0.13063813061069954,6.614034827111957,0.556379365322605,0
0.5603528439837014,0.8686719502991856,0.14543239245235848,8.707989221224052,0.5549855634171706,0
0.43874583958907504,0.8603861159843786,0.1388110367466453,8.003513398651048,0.5303690320904697,1
0.5500302203102408,0.8686608485580489,0.13852976048255963,9.958179643108142,0.5639903994244664,0
0.5167540276034354,0.8686276950179094,0.11107458842622643,9.00293895000981,0.5694431436213986,0
0.5199435674030454,0.8685773209306488,0.11528222443437074,14.115936034453494,0.560651956914592,0
0.6436471462217046,0.8689044121059241,0.10458598769712517,12.060468893526997,0.6105304540339057,0
0.548902406573458,0.8686459361992972,0.11205504160752533,10.525744605870273,0.5713384629861021,0
0.5289030852771894,0.8685809223381814,0.13260735601125517,6.760777517849678,0.5621781675545927,0
0.5222110815583556,0.868743063179313,0.10317522399280131,120.95678664806954,0.6206478371151274,0
0.4945499678697313,0.8683285822110753,0.12528667379504135,49.940801698950764,0.540618356103213,0
0.551509504982949,0.8686474961409907,0.14042964388458815,10.029905286983228,0.560251025399736,0
0.5134773032963097,0.8685434414652463,0.1462008218874105,5.6024932767844025,0.5394444668452393,0
0.52148322448758,0.868774145640972,0.1326644927442194,35.68513843968971,0.5694180795431464,0
0.610177724319414,0.8689537778233206,0.13480964229909936,11.679821510514197,0.5859514919000229,0
0.4286391153370441,0.8683325768724149,0.13480912964880987,13.359637748416423,0.5704515098059884,0
0.5390878159807894,0.8685756789444197,0.17432020983978447,7.4156143991955,0.5660841907361266,0
0.5798019059546716,0.8687139423208711,0.1153377231025049,18.24838621125487,0.5775692451626947,0
0.553758116803959,0.8686442912276197,0.11955835162799651,10.48630571746368,0.564086891149183,0
0.5337706646099196,0.8686217061849034,0.11482208215124919,13.163979443725562,0.5516138083445464,0
0.4786820049334573,0.8684566969766369,0.11009567555458233,26.901842272105263,0.5590081983303024,0
0.5592477514354143,0.8686579980776931,0.13955351301994035,8.567094894462048,0.5438242929093523,0
0.55705629373456,0.868942412294495,0.11177151780045598,16.193833849084164,0.5794308227175167,0
0.5523808273220223,0.8686597223643924,0.12883008502034043,9.865342291432388,0.5844338742720356,0
0.495357553649223,0.8684914572352483,0.1543858161078482,10.650744280872972,0.5568062520920374,0
0.5810256763197846,0.8686786491516356,0.14400340608548448,6.8020274052724625,0.5674507735431786,0
0.533283513475707,0.8686087108277626,0.1434731239809205,6.139379178650386,0.5539541591724206,0
0.5886293251708133,0.8687402286473134,0.13589945266184658,8.009854874707306,0.5623310245441523,0
0.6103827968529193,0.8687159650277824,0.1349365831027779,14.324903031141819,0.5770614243407474,0
0.5542447095923323,0.8686351350263912,0.16484168251848527,5.4968592238809375,0.5471570372318103,0
0.5179972443008144,0.8685229313476732,0.13921087548689393,10.910047462083805,0.5345792636694809,0
0.45094077240450464,0.8682006555531836,0.14943160913761624,6.120955783498819,0.5664857802972336,0
0.48691391823024427,0.8684457996636047,0.14929350242923492,4.250307281732819,0.5567663742495467,0
0.5371102552029696,0.8686164725035304,0.1138684571931327,15.058905400648031,0.570972618471033,0
0.5405062569949738,0.8688825359975857,0.14520255831231776,4.319121172865959,0.5505152052601102,0
0.536979464240955,0.8685811066165744,0.14440156890860348,10.151852562815257,0.5449370145418716,0
0.5561364270875847,0.8686678302187407,0.10715607605195805,18.100049016038696,0.556516928247926,0
0.5280807778687039,0.8685872404950136,0.14990422126324596,7.6617953484702275,0.55537393982451,0
0.5364524727346937,0.8685977023147463,0.13017127716692026,9.105038301054872,0.551645194984109,0
0.6048838069432144,0.8688264787528394,0.13607375526874532,10.384511154282695,0.5350069549473226,0
0.5372558272034323,0.868601942615347,0.15176562151956693,8.249777592730169,0.5508431845729816,0
0.656544609192722,0.8687147779385683,0.12101114643949908,14.246421392114202,0.6130675905923311,0
0.5321548471942633,0.8686033313282633,0.15801405370589544,6.522031035053685,0.555072513496592,0
0.5506446746943751,0.8686385339294297,0.15509722505173384,7.229869124098254,0.55944627051932,0
0.5355512495281546,0.868741445206808,0.11627137208521343,12.344228788324685,0.560470760203577,0
0.4344092146886373,0.8684657139581936,0.17591803268188852,7.4800246038084115,0.5564932671457796,1
0.5977718026626563,0.8688589959236825,0.11743715722569266,23.819002923895788,0.6238304573295593,0
0.5221333099293507,0.8686737348618284,0.13835241647834529,6.068269945547725,0.5639125333765206,0
0.5142699510935357,0.8685913328484897,0.11866280602172159,45.01758134665353,0.575835135719447,0
0.5649826244543744,0.8688144213248398,0.1017992210292042,27.63387833564435,0.5658713518293783,0
0.5454724637570273,0.8687686279952352,0.13819951394110785,33.90000153664175,0.5738236442818834,0
0.648659854734628,0.8690696071870206,0.1049195563845101,33.44308603514148,0.6724222499419553,0
0.5182473238354383,0.8685734173782906,0.14909413494502424,8.747203607530414,0.5617048838457177,0
0.6032015942322734,0.8688890970567936,0.10558934932081576,33.637225923034535,0.6070615884898447,0
0.5334977778850579,0.8686681223214093,0.1414145129132426,7.208948983596278,0.5810407438227063,0
0.5875689224723127,0.8687292599858033,0.1528343723477474,6.797156905605553,0.5682536674895394,0
0.5346585959340037,0.8686532579483477,0.13987323353006734,8.8926521983888,0.5727917871311843,0
0.522138895569601,0.8685922362333393,0.17744132188636905,2.489504175977442,0.549254192804721,0
0.5615926428421624,0.8688053051660244,0.11036664446307509,28.455991092969093,0.5629263815574007,0
0.49582932626817894,0.8683324217882934,0.1343465956098303,27.282515440841355,0.5302264823786113,0
0.6875365861447004,0.8686959440338363,0.1557215194878001,8.578455500222598,0.6654489963420199,0
0.48548194582375537,0.868399365153492,0.10869408909587468,24.45831686838961,0.5592847791777783,0
0.44050736442250366,0.8682664248980067,0.14673913439699837,21.595498499747322,0.5427731409106933,0
0.537908725833376,0.8686154051097303,0.15311373937614323,7.93974677288887,0.5544026628633544,0
0.45001045036105497,0.865352977206975,0.176879488821564,6.452942841033919,0.5400196125841904,0
0.47503016365087064,0.8682735788890114,0.09694837585362202,94.84114820963676,0.5049625080837113,0
0.5739862139781227,0.8686648424773334,0.1263212096097194,15.148507612829864,0.5704307208919056,0
0.6403259567439873,0.8687999138247458,0.1259508912190195,9.704069944007943,0.5336426647270619,0
0.6028950154504947,0.8688570151369753,0.13628440283693455,8.390902987203388,0.589404891278732,0
0.33478942355128066,0.8679508391737762,0.111956863109212,21.751862842557124,0.514659136021172,0
0.5093106389406863,0.868547456399106,0.12328297700031828,13.149005460454546,0.5654163645674496,0
0.4509145184755326,0.8669954260262175,0.0940060051220377,78.48550854188754,0.550233512374823,0
0.4753182836589143,0.8662969281873281,0.10219676897997199,30.72095561131529,0.5449983627247297,0
0.3776334480323773,0.8644453716477684,0.10533015458563956,29.849311618270924,0.5214970981516913,0
0.583892028943419,0.868766513292382,0.11531498214427523,10.750057145836582,0.528646169852925,0
0.521743138107834,0.8685802508333644,0.11048637580544084,14.555131922396873,0.5969396821506378,0
0.5627913370676519,0.8687547644629453,0.12889846743939362,11.696649201552276,0.600657478988971,0
0.5342029867843731,0.868695068678988,0.12064450740088555,19.359027093152648,0.5757038350512166,0
0.578643118684623,0.8687877160323275,0.14512799994198952,33.465551431562524,0.5688729463114967,0
0.588544756022077,0.8687157488306178,0.1284110884560072,16.38190486899164,0.5932754514478223,0
0.5331040198691673,0.8686474295715007,0.11890505838819575,15.823489577453248,0.5634584922233149,0
0.43242179142840137,0.8636136429848094,0.09376156390376762,166.35107701498063,0.48147557159969406,0
0.5801937770012923,0.868688727607983,0.12741526209584564,21.809481805932208,0.6140318480231474,0
0.5284268368014916,0.8686765011988083,0.13034251636483452,19.36594742300045,0.5674308564818618,0
0.5185473880673467,0.8685819863088291,0.12761910156898135,10.070242539680557,0.536655272678109,0
0.5346810220007043,0.8686106485435534,0.12279186838813304,11.908696059300876,0.559705102022105,0
0.4782272392622687,0.8683969328619767,0.10778410534387174,20.617134602707797,0.5351930854858693,0
0.5846635676484707,0.8688068645413253,0.10292718832333486,19.076760757906207,0.5978143690189811,0
0.5290988402741627,0.8685948650132533,0.15849445896608394,6.72134147933061,0.5387983377220381,0
0.609727735021147,0.868833263776231,0.10483356057708516,26.375626188705276,0.6063586301162492,0
0.5905686502913444,0.868786764681922,0.11598480469619489,16.74551047499409,0.5852221091887343,0
0.536538306917845,0.8686089309600479,0.13038741777069515,9.330994590590636,0.560000456662258,0
0.47921528198135305,0.8684412136273859,0.11881706921876957,16.596512224574443,0.583204618881048,0
0.5630157141406134,0.868672741706478,0.12879572070123893,10.745830945494312,0.5880732933294306,0
0.533466301801715,0.8686492683072596,0.1537813977058927,5.658829709796373,0.5649678871952827,0
0.45158765674737494,0.8645184167277854,0.09793110624791423,99.87220499747345,0.5661556871377026,0
0.54826832321187,0.868629283118788,0.13011411538452303,12.28920282987777,0.5748535671417553,0
0.5087403175161443,0.8685378702361634,0.11149905584842573,39.61020030811675,0.5217619209550186,0
0.412548405478174,0.8656508778177052,0.10808714123901524,10.786201788357449,0.43096935766326666,0
0.5124984008083673,0.8685579908862037,0.2075962077052087,7.1217562611100504,0.5782036300955764,0
0.5228793209036957,0.8686215461650658,0.13619078060749087,7.0402703804404405,0.5651868677138834,1
0.6445287967163853,0.8689968040211173,0.12386421686433058,17.7508252517203,0.6223384568499483,0
0.5316507727140177,0.868674884126669,0.12004566162166734,7.190411825972313,0.565150728358765,0
0.5511630094013236,0.8687331402575227,0.11790079005214922,28.15253436128415,0.5625157209307571,0
0.565472119634663,0.8688039119368446,0.1065719686963313,18.879826011038524,0.5764837627623817,0
0.5554366416943863,0.868777609097239,0.10919376203070259,27.851818706531084,0.5654215870917807,0
0.559956739908474,0.8688710896785783,0.12548908563137043,34.345390446297316,0.6268084411077234,0
0.5075499425177806,0.8685582693846854,0.14741308295141112,11.379971902165535,0.5619260839515711,0
0.6614498612705957,0.8690534244087037,0.10509228147834256,30.383522383166603,0.6178044520613276,0
0.527891421688409,0.8686424273407943,0.1423812868915217,5.864771629229303,0.5697836180069683,0
0.5501354636783103,0.8688458775390421,0.12350599941602643,10.365573005385464,0.554287696779423,0
0.5523598346783903,0.8687289396956817,0.13375766064491437,7.5139964096302485,0.5875501711098926,0
0.5268013052176537,0.8685830789890888,0.16818272842081503,2.815876733398554,0.558498329691534,0
0.5629872923771124,0.8687436943031174,0.1073834312403934,30.078659461356356,0.565415798644865,0
0.49600497591352166,0.868380537206226,0.14062988389647524,7.697754225770816,0.550218687633265,0
0.5290499902929627,0.8685948529695066,0.14793128946133166,8.536641975309388,0.5730265617383253,0
0.554401338350231,0.8687467180689215,0.1353768314690062,21.67480466983331,0.5772333615698386,0
0.559837620581097,0.8686521375164863,0.1445472846053467,8.100635847341929,0.566923675098805,0
0.5502199617022937,0.8686492573830308,0.13248028305159126,11.680821043890925,0.5702164285695296,0
0.599619294704791,0.8688964603435916,0.10059723877256592,41.07387790136432,0.6396178998167256,0
0.5970218464877209,0.8689624268427268,0.12046694349674107,6.502295195850571,0.5929406165878097,0
0.5558620601898604,0.8687006852226885,0.12944400964673888,10.169865492103039,0.6053932451180677,0
0.5697393643150637,0.8689527174744464,0.09555061641505784,73.59937050138839,0.5583985996192714,0
0.6425159216372633,0.8694118004028834,0.1131253418068533,19.316875699502678,0.549027202018447,0
0.37041322566051,0.8535015509729217,0.10315305885625514,27.80798656831951,0.5249125671253276,0
0.5786209104268379,0.868778779378264,0.10564335439649915,30.449118713386916,0.5286757672026436,0
0.5248412427004657,0.868573087414731,0.10522204485158938,20.77556046645782,0.5515796935569807,0
0.5825685012696663,0.8687385395233024,0.11209886861918122,18.68575322885378,0.5820244875738606,0
0.5909432849027367,0.8690722527398543,0.1039824657749256,29.393860938838145,0.5961037874171143,0
0.5760683684745246,0.8687357640233091,0.11155410480178607,21.767825562019176,0.5849897057639294,0
0.5686383317858383,0.8686976262024313,0.11838619247531618,18.01667744954968,0.5773298861027084,0
0.6334395638902983,0.869180169068824,0.12137729341981078,31.38357676331311,0.5691794912358903,0
0.464305500147508,0.8623280873427186,0.09303851156001147,148.22247022448389,0.3370079000963397,0
0.5360829387586543,0.868643834999628,0.1073074859373383,10.151855430306743,0.538708408938991,0
0.520938846365658,0.8686058493146863,0.11796659273029424,18.268345931258132,0.5999298971383756,0
0.5214512536770527,0.8685989784854001,0.1446314622563952,9.569882509483412,0.5567462664208034,0
0.5501328848096709,0.8686602305709386,0.11047570090160852,22.688796318249594,0.5757015257022616,0
0.49155595746492636,0.868462375632193,0.12951087902768,9.512737964273446,0.5689244881347356,0
0.6082071211158033,0.86881815272437,0.10784878931568877,12.98212901227861,0.5862430901316661,0
0.559528641454449,0.8686420519894034,0.14425658071234707,7.244417127343296,0.5601751987407383,0
0.571985278360743,0.8686491221516719,0.10503874368488297,58.26508521201537,0.6234620625607831,0
0.5803851305478086,0.8689804033470153,0.11360603317997293,22.96025962569958,0.5682770434964043,0
0.5708914381701473,0.8686582436926281,0.12661470403616185,9.595862322228223,0.5866224846514867,0
0.5862466662962583,0.8687264215517296,0.11664460534458505,14.911824456894648,0.5652772502770698,0
0.5115212240168363,0.8685782489130474,0.14400354192514483,7.961339730994299,0.5701414280472377,0
0.458481176395561,0.8675477996371309,0.11490907059115911,89.08737033766684,0.6769934352207373,0
0.49371205192699597,0.8685293028175848,0.12394206837772963,14.157228862611197,0.5593138100522917,0
0.513291102263559,0.8685655579902124,0.10398193781677212,29.634029221309948,0.5630810371882747,0
0.49562057288047406,0.867954473891695,0.10644267639259357,24.034634660782803,0.525119413729669,0
0.537377753638888,0.8686500296413869,0.11281908082002197,23.044653228620685,0.6578664938795308,0
0.482512776590086,0.868394580846381,0.09860525513698713,60.03238548957492,0.6151633402930606,0
0.536332636666711,0.8688161230801136,0.1295340124438919,9.419935255791284,0.5480973537213957,0
0.6441125708370526,0.8688018046811786,0.1279354238363652,13.81272794432346,0.548037591708907,0
0.5997601062817777,0.8686876925604446,0.13537688787266686,6.41866600829212,0.5440184640458423,0
0.4996531969697437,0.8683044387024611,0.10218609737844107,5.719841330387559,0.5436642108287709,0
0.4184211743154467,0.8649617796300267,0.09436800015013329,127.33601858837106,0.8030425697476047,0
0.5506778780211133,0.8685888208229787,0.10524381708264517,15.153269155265352,0.550939227263385,0
0.243503018014776,0.8664134229369093,0.1234281937953577,18.266875112987954,0.5194891231008604,0
0.4402861502368913,0.8680778687295158,0.10490930657809527,35.36721734416736,0.596064509487012,0
0.462914636882155,0.8674403142289998,0.09497499020210544,125.50556793997491,0.6165569920182553,0
0.510932432548149,0.8684728130108154,0.10387430665625884,30.535718610222666,0.57771090049936,0
0.514945217624051,0.8685830780565994,0.10550247311285921,15.830636143557422,0.5654362890951874,0
0.6637355016979299,0.868914262938108,0.15134848751417332,8.584450613407657,0.5829479662655683,0
0.532639620013145,0.8686042709357258,0.12471549189974622,11.873840836013173,0.5484262723937093,0
0.6483219821030034,0.8687792837859055,0.16491421822566577,7.670181871729248,0.5370336821156644,0
0.6238903317678289,0.8686640022663195,0.12289154940040181,11.779895583914465,0.5839347609106257,0
0.49163841184628504,0.8677810990338147,606666666.7584556,306.74550466663993,0.6197066625427711,0
0.5967419850540227,0.868737476466784,0.1436540060701472,7.668798630735158,0.565498150463923,0
0.47318423911800567,0.8685026046920861,0.18098755195775182,6.062665858543803,0.5779007641289386,0
0.47074909725994035,0.8682556446729627,0.16411706451923672,2.7881714513281746,0.5695788244789043,1
0.5092291709861226,0.8686001735009748,0.14159291774753627,5.878660969190192,0.5609795412982933,0
0.4169355348768847,0.8671438025390813,0.10851004167522509,10.008461742935848,0.5524240728597186,0
0.5374958004795867,0.8686438552790797,0.11904952308523307,26.199200394538952,0.5708878231240563,0
0.5199931049545726,0.868587664377544,0.1367504671240228,6.079134310083789,0.5645304844022877,0
0.5385540058778729,0.8685726532230486,0.13766189630719383,12.106998824391528,0.5673133455632077,0
0.5870658549974493,0.868766764546898,0.11155408632388875,18.905156879074475,0.6152836824658143,0
0.45366535453492335,0.8677618156674193,0.14996789475808062,7.146000754028434,0.5420488296926317,0
0.5717742223120124,0.8688339358023187,0.12062261697036647,26.160081891603983,0.5968027323993234,0
0.5137771012231513,0.8683993342460776,0.11054090925151434,11.824249255065945,0.5600609406085657,0
0.520496710916732,0.8685442733894773,0.14116566299365524,6.428064868126982,0.5727575446439847,0
0.496955600897173,0.8682690061843577,0.15306298503166427,8.019799824581746,0.5723811566584657,0
0.5013934121077986,0.8684316960358517,0.11773491282135705,8.857640167918872,0.567958588117343,0
0.6184328628318073,0.868986220538417,0.10409005603143223,59.69169836587881,0.5983077390832053,0
0.5122075257201377,0.8686077731277946,0.12574757189138316,16.858744484486184,0.5280691623698553,0
0.5781427365579996,0.868847783475143,0.09986843437571881,48.950192558699605,0.5641008518776113,0
0.5606468274696806,0.8686585841923854,0.1439786783015175,9.115608936379807,0.5721789381131797,0
0.46354379659228934,0.8684960454239604,0.14250146920372211,10.041764442826144,0.569996144235173,0
0.5322823799601469,0.86863353275425,0.13741569128613948,48.75104925295196,0.5734468779236837,0
0.5732998399102994,0.8688679516720947,0.09911881453556093,53.598944635873956,0.5283477425658887,0
0.6030841926289336,0.868743561730075,0.12981809297380217,13.234286602836184,0.5805012836090916,0
0.4997224800386073,0.8683873426221607,0.13236588954326015,8.279460411627749,0.5414957915519163,0
0.5396906928253823,0.8684503729071206,0.14457054950297493,5.65045564887968,0.581710213896638,0
0.6634141626592194,0.8687994837705052,0.10695040340998073,28.015634190249738,0.5977322644754239,0
0.771590099270397,0.8690954415327233,0.11322343232683163,22.449768646250448,0.6662181992906483,0
0.5710043203072533,0.8687387883326854,0.11987930911302565,29.37066182414632,0.5985707143356943,0
0.5694984443374537,0.8693429391655041,0.14083260197674638,38.89367551854777,0.5216646719136816,0
0.5399945056800654,0.8686748969001542,0.1497185518095066,9.591019486981734,0.5701081933134197,0
0.636856130952077,0.8689003782326222,0.11572149445828446,22.14073341745807,0.5961411821369423,0
0.5663932289329666,0.8686757476417389,0.1154029319329861,21.305791887578906,0.6140307980744567,0
0.567962911277382,0.8686591841547022,0.10818526502229486,14.986658312118788,0.5764366031002853,0
0.6175870164624516,0.8687545425639187,0.10893301579155494,28.37999332915671,0.5689549670268857,0
0.6268260333865115,0.8688405667929011,0.1100405842202176,21.96232639590782,0.6104634512791887,0
0.5612020552411078,0.868646697354874,0.13227425666808507,9.143278720053939,0.5900343720684716,0
0.649704069921004,0.8688048253246343,0.1409279337554838,9.127685883608159,0.6210119867043483,0
0.604256809761008,0.8687517951690807,0.12455863693197716,5.431863195047644,0.6016386867516244,0
0.566536440614001,0.8686577020285516,0.11670005074602456,11.363494158320785,0.5941853391427551,0
0.5414468446739137,0.8686900800840324,0.09858356660538341,72.93913320664437,0.539240435769406,0
0.445549585101978,0.8645833647621283,0.1263446243167569,16.894839944223225,0.54023672691397,0
0.3825751530367356,0.8680646984827343,0.09732199216156649,74.37673297759596,0.3572067327427257,0
0.34409590703892334,0.867134289373923,0.10025427282360629,33.67813477111995,0.4025672416352384,0
0.21097038000045498,0.863112085079402,0.09850882077615758,62.84602952306156,0.5107466779706457,0
0.5381900122100427,0.8686629777762911,0.0947729348893508,105.0119630972726,0.547126606954144,0
0.5247643338176327,0.8685668900623519,0.144160240980033,4.590306486420625,0.5473890179008957,0
0.5434751665363416,0.8685819387968016,0.13686602226419056,10.756535442417084,0.5714004003584123,0
0.5835961248678699,0.8687365887472659,0.11964673282332816,12.216888311291427,0.5893949024590369,0
0.5477702248902333,0.8687043468173278,0.1153700725086716,13.086784783620262,0.5527155414387434,0
0.5489705283635914,0.8686705508855868,0.12161096757253854,22.488672801737547,0.6155862798251931,0
0.5198808992087233,0.8685652406712446,0.10687462069346328,24.627093183040063,0.5560671347021681,0
0.46826631353228704,0.8683324294730154,0.10076889168107639,42.246911164161574,0.49612238727325164,0
0.672254187369115,0.8688786148280326,0.10154116901368594,46.34209550867404,0.657734510912474,0
0.6339835735483437,0.868602430307427,0.1608472742184191,8.989118610710285,0.6550189457527505,0
0.5323911000985033,0.8685126395053056,0.14689696002598052,11.090331845861096,0.5592238741188853,0
0.5530065247853101,0.8688121173328872,0.12795870937668372,7.108583883427648,0.5406585902167781,0
0.525493336571244,0.8685667467565926,0.1573636558562793,8.183136437365619,0.53231733309974,0
0.555096126654998,0.868598049723276,0.13897674621330716,11.745680442859829,0.4654909037699504,0
0.6958177674231111,0.8688672272653554,0.1122950779226932,28.099705443694244,0.563569062728304,0
0.6509653114968362,0.868717281483971,0.12975032774117376,15.186942837875261,0.6157266955854243,0
0.6002932538928667,0.8686853975415504,0.15703339092296142,8.284012251713078,0.5141446326138134,0
0.5284156548828437,0.8685917591849842,0.1366218282210858,19.40413428411778,0.5803090227238084,0
0.5264862041640944,0.8684802505410544,0.14847543999186613,7.599217997573757,0.5635170565328697,0
0.36096854142155066,0.865719498230843,0.1420953839756587,7.345202059130199,0.5177112632421706,0
0.37226514953350764,0.8682043529418683,0.150030375846628,8.03242355282375,0.44048316327564896,0
0.42904076835006233,0.8682596174237144,0.15043135950799497,7.109218972747863,0.5432669269314706,0
0.5406604921417477,0.8685557311831157,0.1340585812654872,12.779847546287955,0.582305316981708,0
0.5762347291509914,0.868672989016091,0.11996831900654342,19.11901176702807,0.612587837701798,0
0.42240584137566833,0.8653891343212576,0.09657473795726824,70.52677782629102,0.5251158009170953,0
0.4564290393065063,0.8666311459499211,0.09478363432897374,9.971219063005998,0.5452515583100274,0
0.5456123245111396,0.8686389162549499,0.12471549527259086,8.86712343488793,0.5718428581216524,0
0.4949419805928767,0.8685322741971877,0.1350066823062072,13.415627812427381,0.5574330231635067,0
0.4893984209252607,0.8682759476120596,0.15232472203037098,4.714399102750817,0.5553664658747114,0
0.4748154838783673,0.8681300474965784,0.172140560549363,2.1118831196928647,0.577229643523034,0
0.48045749618151373,0.868367678982043,0.14700767787984378,8.521501135609961,0.5371122790656809,0
0.5344035728811306,0.8686605966840987,0.11096583468171684,17.362499556412732,0.5424150442613076,0
0.5032571447292093,0.8684295087839066,0.14980534221786418,27.614977583065254,0.5199817361406653,0
0.47375687073575506,0.8677794640614723,0.14104704175945426,36.84701818471652,0.5821340902219053,0
0.3964239486860417,0.8681118861792957,0.11522756386953421,12.177814757225093,0.5447701242783213,0
0.6600547898760144,0.868948177435532,0.10298133152692192,52.40739188485207,0.5722830597832833,0
0.5339439056426123,0.8686037861908263,0.11418629048302396,11.076382041509614,0.5660326062902837,0
0.5516373640873633,0.8687621279986427,0.10273415326091943,52.18858383828383,0.5897723287470481,0
0.6429852924058154,0.8688801299640251,0.10625828059241083,23.895783520574554,0.607227629091462,0
0.6727521474831324,0.868845603189195,0.12225715974567104,25.538697996968168,0.5819881222419193,0
0.600471329102808,0.8687081968068823,0.11923714987847966,18.438287226987228,0.5641352881707546,0
0.5000681528366634,0.8683971240073026,0.1123931511926662,15.775156279303605,0.5854275419685616,0
0.5083962893041113,0.8684694220481429,0.13419578469679871,3.7492489241639935,0.551035061546162,0
0.593047835880313,0.8689136212585057,0.10303477662006416,38.321768222037136,0.5679645938808756,0
0.568043269656062,0.8686704749019137,0.11742660689225205,17.745512821242112,0.567961844937556,0
0.6435166541707428,0.8689444543403213,0.11300458663649766,25.460380928935468,0.5316110770197584,0
0.6176083784347913,0.8687021502807126,0.1187068171091235,20.892159557832624,0.5808988625149637,0
0.6430422149931917,0.8688092420841097,0.1189827948457111,17.01300554445249,0.5865193532640657,0
0.6884968611416507,0.8689244516127856,0.1138142006266973,24.865138463454333,0.6115332067616114,0
0.6041715027947423,0.868658421428739,0.12798034133708722,7.242394792581928,0.6034750290447394,0
0.5689919283977504,0.8687023716290453,0.11862886651125144,20.166458021626717,0.5254802772912907,0
0.587493475234907,0.8688205744032933,0.13825967753949794,5.2337231454479145,0.6002019233348673,0
0.6511198892886914,0.8689532957782863,0.12833123166101823,10.392240426709211,0.6043399286245433,0
0.5525997565506616,0.868680887149667,0.11394524447715448,13.006111874968324,0.5713330708572993,0
0.5834976062101213,0.8687590787642554,0.10867321017254324,26.66782449696682,0.5540545655735314,0
0.643746379241441,0.8687849421912803,0.11886159001128428,19.53307686474325,0.5994339570540047,0
0.548339837758864,0.8686076609163133,0.14437715009038732,4.731676641882844,0.5731582172859876,0
0.5572023180047017,0.8686230585805784,0.1329977135274285,10.86588803075089,0.5717722812089353,0
0.6206001260498336,0.8687587243363586,0.1179449401117688,21.577905136459453,0.566215236253471,0
0.49450848044995405,0.868496581147031,0.1054272830844526,35.12712207877251,0.5176977413538724,0
0.33812029485454104,0.8676792460254994,0.11038885964998901,13.100391896068826,0.5587883988507144,0
0.5438741599570772,0.8685832890068893,0.10583782853473474,21.01554061781878,0.5810943130448673,0
0.5502875066523497,0.8687531621049033,0.10228216131279715,16.871341382525667,0.538190047268465,0
0.5308190577004259,0.8686046494822484,0.11176076285439336,21.775081509695763,0.5366101199637253,0
0.5949610678666449,0.8686330021272269,0.11394515247785982,23.766687530979937,0.5164608433360076,0
0.42763878521634396,0.8620472854428777,0.1242218152744516,9.75946648380685,0.5153837250998503,0
0.5543625914254996,0.868568443581519,0.18715963439530311,6.733134218311396,0.6011878510270493,0
0.5124893922645577,0.8683361917736643,0.15006833507766051,6.117210150045902,0.5698249853771357,0
0.5396926442153014,0.868582053317176,0.17078494028536417,2.8077926253329886,0.5625457945909279,0
0.5471370660842786,0.8685757429245126,0.15208310283946094,3.241902250938209,0.5753795597014717,0
0.5567788499844253,0.8686782989362477,0.131529435883628,5.950163408538722,0.5655791651539853,0
0.47303623283202195,0.86813064227325,0.13903550855582553,6.484067440004936,0.5277278759656806,0
0.45569726851764164,0.868301419388373,0.09924722331502767,52.7936423925368,0.5160444617898456,0
0.49285414708117337,0.8683822243180032,0.13378094450762823,8.57808300786973,0.5408425786340544,0
0.525117589713499,0.8686071546008242,0.1134969074261775,19.187682805743577,0.551684365223165,0
0.5436870777705607,0.86857293604334,0.13994422385217928,9.89192060615322,0.5842979612792846,0
0.6054314972727807,0.86858142650237,0.13039965098150405,21.221711398419544,0.5642438555383017,0
0.5069342311012464,0.868523402290131,0.09872292470371924,37.581819096408985,0.511752567958815,0
0.29228815220046633,0.8680185786305007,0.13599221064954928,11.30804508210423,0.4914528557076833,1
0.47838552772755766,0.8682917691523803,0.14299226715041513,6.725295481620442,0.5659702192197281,0
0.5078924937885919,0.86852543740458,0.11085716346167453,5.830383393649341,0.5632812026073459,0
0.5475774272196636,0.8686070146271986,0.11241485023079094,28.946732707534768,0.588097147142733,0
0.5001515990392004,0.8684941041225747,0.14796715450435627,6.988147089239634,0.5793864993941616,0
0.5938793064606434,0.8687791658590441,0.1322054436712927,14.417639494931327,0.590986827060778,0
0.6426298642336494,0.8690014594354487,0.1030671447378022,39.366458049408074,0.6145351275640497,0
0.4669746901153096,0.868118394375963,0.12779927676005132,12.291851746380628,0.5701297328118954,0
0.570961066488166,0.8688632059064103,0.13106068003442647,10.579679974146003,0.5802106869226596,0
0.521592146190001,0.8684724780753603,0.12437856008908595,8.42116274451221,0.5616567864438721,0
0.5478276757918964,0.86863087518753,0.1488595036746532,7.266559355774224,0.5646867901885813,0
0.5308420923601677,0.8686494472697323,0.10865103137707904,15.524058434658855,0.5701907274632313,0
0.5271984974335969,0.8685287323076171,0.11983536386883974,10.62268088088517,0.5656605629224654,0
0.5517282039221336,0.8687852599583287,0.10135840705456163,41.906234483037395,0.5574396699933201,0
0.49083502577406396,0.8685548163392479,0.1357835420018553,10.575241727462418,0.5764146134322157,0
0.5768590638129331,0.8687158535078733,0.11315830643746379,19.45467958512195,0.6028819978840824,0
0.555927414510609,0.8686043845614689,0.1372055205653844,12.450427555662456,0.5907738643876553,0
0.4497942440479463,0.8684798997372633,0.1199455423821361,16.937173995889093,0.5704255636245986,0
0.5324750574806997,0.8686891324954172,0.11880591958820647,18.429757722489665,0.5743365978504483,0
0.5262308374007986,0.8686344250326318,0.10097241264898847,39.62522175821413,0.5704150173014263,0
0.6357391455256667,0.8688801177935909,0.11133538136714642,20.42209519127312,0.616924869508816,0
0.5986678207913093,0.8687991869979367,0.14142623967494675,8.509360866219929,0.5706907678135527,0
0.5682117748111071,0.8687068903477924,0.1398720929531577,10.34949200427164,0.5936224512192027,0
0.6084897164649811,0.8686762821249151,0.1053620769897234,30.83685030214818,0.5269275013843687,0
0.6794663665755459,0.8690450604162754,0.107059065227943,26.125147482839537,0.6512982068276144,0
0.5479784012587391,0.8686770907660103,0.10930239692542953,20.10958145848035,0.591442299676661,0
0.596138288474823,0.869330213446447,0.09858354630218175,66.72355516920669,0.6817734342929903,0
0.5181472492010397,0.8685658798749364,0.15481366021878787,11.96772149289926,0.5581651569766337,0
0.5178696346622447,0.8685679217660214,0.11556772971692032,27.75373711793854,0.6040248557004834,0
0.5856549325643917,0.8687261782299244,0.116777069005968,22.160509640320374,0.5864579055234773,0
0.5383631397304273,0.8686308856006516,0.12373021357667986,23.180720785398368,0.5846931884067207,0
0.6827571378382634,0.8688287968607201,0.13450873234156482,13.884643374511661,0.6170773847171033,0
0.639572906606959,0.8688642895762313,0.11930399904880727,14.308322306813624,0.6150897502329536,0
0.5832374577091607,0.8687022907579557,0.1312894268701491,19.0233770600698,0.5916130032425023,0
0.38852487726581436,0.8679610108316734,0.10212150471591867,32.464094357280615,0.505144348100002,0
0.577282378661957,0.8686926725256834,0.15070618119441645,8.662342526631887,0.5745116612896549,0
0.5691769995808259,0.8686840191407522,0.10366976771543814,28.544430893019,0.6336348359199967,0
0.5211082009832047,0.868591214621446,0.10555701270941377,20.940505819115074,0.5910706051915797,0
0.4770280056679586,0.8684071030726496,0.10820645636578709,32.916297636297536,0.5397265669448927,0
0.5686084346530446,0.8686484012284637,0.10555657835100297,36.242078987480795,0.6610172899125043,0
0.5420366211765884,0.8687038098507117,0.09644692895990796,76.83713974814695,0.5816146272956426,0
0.49157253997862904,0.8684105660966223,0.1656615327372639,4.4709847168221275,0.556993455315644,0
0.47418251341094936,0.8683750371020981,0.16141208629269113,6.476199665704447,0.5571359104908103,0
0.576730876057763,0.8686731376689033,0.11410991336111108,17.249136790640296,0.62146901646854,0
0.6534502857375127,0.8689047329625156,0.11812175893475046,11.925236753946564,0.5950365828075563,0
0.6422682182552274,0.8688239925118951,0.11841968841267547,21.39995541251746,0.6498298476017047,0
0.5168892645697613,0.8685518977703853,0.10417641909750201,28.00793401565837,0.5984828493584367,0
0.5787969378727366,0.868736778632853,0.10618293001439987,36.96990098842535,0.5146001603218596,0
0.6102075504187937,0.8686074401828527,0.14272855554922179,8.769855177448,0.5371971813872721,0
0.60454716106806,0.868986604248818,0.1291369204363441,11.58030837146011,0.5992830764558698,0
0.5696456748897637,0.8687435597080597,0.1348784943084597,13.356553422244543,0.588599185855236,0
0.5490855575240697,0.8685919977813364,0.1319759301483616,13.712325749070175,0.5310586759913111,0
0.620823036852919,0.868696060593305,0.12650135046170494,10.162666937264227,0.6214149252413153,0
0.572705716181001,0.8686609683240553,0.11093299169175268,23.70605859473066,0.545785965143426,0
0.5586567449078742,0.8686728914704321,0.11482212123436086,24.586802400340158,0.605336556608026,0
0.534406622372457,0.8685892877608524,0.161218040566778,8.380176673454294,0.5964801794020896,0
0.498905094563721,0.8684562383474557,0.1329055598432076,7.032901874159252,0.595836917546827,0
0.5803797863143844,0.8687207012388977,0.12879673309903386,10.234343472880921,0.595899082829442,0
0.538932486855165,0.8685960426775763,0.13571315073437382,9.411353656669874,0.5590162214005063,0
0.6249190485760859,0.8687220357363653,0.1297506859879306,15.523881398181262,0.5884890882901733,0
0.415524333009267,0.868339698773153,0.14270434605238294,7.863483446284985,0.49876173880829927,0
0.5024309098740763,0.8685267055278993,0.16024963228623168,13.329586835740404,0.6043397541556703,0
0.7626680411075486,0.8689252277175133,0.10792509159351966,36.7403132226676,0.6825546686931551,0
0.5643241821932418,0.8686197983848256,0.1226026359292043,13.624375085563964,0.595425129873721,0
0.572760079471126,0.8688822642539734,0.14078445360641118,8.676941728816036,0.5661049159713647,0
0.5954950333414484,0.8687396514852296,0.1021963297011762,42.04138374609688,0.6107795900268487,0
0.6069688517294874,0.8687249502717016,0.1048659995157405,33.19423579358655,0.6209866285147566,0
0.6365600637196406,0.8687296148219045,0.13468136135192887,13.376869450692242,0.5455092004346592,0
0.475328636064944,0.8683689633764784,0.13975509533346284,5.454529413872121,0.5246162278339647,0
0.6544900915591997,0.8687887272598372,0.12417768596554167,16.865752042694098,0.668736314218207,0
0.599070804977246,0.8690023465579987,0.0950178049195764,113.67402131770778,0.439975271247659,0
0.7504555828780269,0.8687895853909297,0.11771275941261013,20.216969061317638,0.6945685060806811,0
0.5858232232335022,0.868814621542452,0.1369008344573302,2.239800359167319,0.5825514817690004,0
0.6715566682595299,0.868831751896079,0.1254111013579607,16.162259930971256,0.6250715022344817,0
0.6975463169402275,0.8689371892548202,0.1286266265022436,14.000913220800806,0.620929429975087,0
0.5958794535672657,0.8686977626570593,0.12884124029215135,15.139913390173474,0.5784011907942425,0
0.515200042049094,0.8685718317666291,0.10681038063645006,36.69502676515997,0.5683853445550052,0
0.5471780387973489,0.868644704767935,0.16950269662193407,8.284225408329345,0.594599486919677,0
0.672472883912988,0.8689502734216262,0.10386366306035982,44.89019604668561,0.6317960009364133,0
0.5311644540914956,0.8683323686270926,0.10356218851657116,26.658495467971985,0.5687939149514264,0
0.552984320411679,0.868657740454327,0.1322635208722839,11.70732626336505,0.5781326970192863,0
0.369766189710065,0.86805943610328,0.10630174736005664,35.997758453764966,0.5809655344269773,0
0.9134226161063305,0.8689247639269505,0.10983440580811316,25.410180814182905,0.5649557868415159,0
0.615201308961402,0.868596364134088,0.1711562068396667,7.653048758616348,0.5307894844714293,0
0.46946401122080933,0.8682896905076544,0.11364998275374487,9.580489137513586,0.5188668655387264,0
0.47521072070281534,0.8684589122526263,0.11729424890892247,18.53002131489626,0.525847552832544,0
0.5269604492219797,0.8685424842310839,0.12428914906077833,14.678193254507445,0.5753085104380457,0
0.6361086325727897,0.8687106376089554,0.1274269049751262,16.353572769969777,0.6358629888538122,0
0.41579317157629037,0.8683351408056833,0.13282550778035995,12.832306675608658,0.574040839587352,0
0.08814286168579487,0.8410210915868809,0.12769810364555537,13.74973096305242,0.2845081650684403,0
0.40034984701349363,0.8673701603306486,0.12488300480351454,6.106339519464276,0.5364249082738127,0
0.403822524616819,0.8683269830650193,0.13196479011166734,12.6842813651234,0.5419360421717697,0
0.5351107354540873,0.8688279232046717,0.09721506221098834,58.18956861678238,0.7168819328353996,0
0.5549746616550304,0.8686574692928545,0.14213099869192888,6.396423338238613,0.5614464030455223,0
0.5230497715180488,0.8685684512578654,0.14248987449659803,11.73099150368755,0.5610927976339504,0
0.47608570839267134,0.868141537471845,0.14555404586476664,7.718165461054159,0.5734311086648026,0
0.5279327759995454,0.868449619567373,0.12295919102599338,22.81288188771781,0.5470328387553614,0
0.5519944805178816,0.868649103693877,0.12883057937790823,12.655365760862836,0.592225568349807,0
0.5240129136269026,0.8685940914812716,0.13755496605829529,9.101245459321731,0.567835447373074,0
0.47671883233855733,0.8682343173109454,0.16367933234282264,5.573144874524201,0.565314257066321,0
0.58600365524052,0.8690042316782587,0.11869571963640473,27.160007505531677,0.6686136682557063,0
0.34667275847521434,0.8673067875501373,0.10495226549459057,58.869820970879736,0.5442934065638276,0
0.6228372103412401,0.8689082465699883,0.10324994083540417,41.83094742029716,0.5853765441202227,0
0.5489463537143623,0.8686951611707058,0.12138833342631287,8.991784673567077,0.5922877201314677,0
0.5240925887357953,0.8686875607325731,0.10506033917447605,51.199050858251866,0.564908076850735,0
0.5372751224311539,0.8686326405489814,0.1129288115628902,17.96480587803054,0.5731984331226406,0
0.5682022782430787,0.868683575274125,0.12365178221402402,17.43908586114842,0.5901466785657674,0
0.5728173568851583,0.8687076774823762,0.13531913179950683,9.26769962882934,0.5881492394509847,0
0.6234074865297757,0.8689036545885814,0.12032238931350876,17.853995649889782,0.580771322790501,0
0.5684616834407867,0.8687081467743646,0.13411572689570644,19.80982488714651,0.58749865879739,0
0.46501630357886464,0.8682496959680642,0.11933635724420993,10.4051523705867,0.5253892704095414,0
0.6305285640416967,0.8688668693339716,0.11090026882796149,28.724246569609946,0.617433850580555,0
0.5928713543769303,0.868862129409215,0.12292587075210938,12.050013678636818,0.5744242245367857,0
0.5519533269973179,0.8686256822268993,0.11996793125731697,19.105437821873846,0.5849014832392719,0
0.5513179768799034,0.8686886109424944,0.1253766562052228,15.528908459720208,0.5701524235291977,0
0.6798077219198779,0.869158793135012,0.10300299214548166,38.23684495626877,0.6261184512899737,0
0.6560754943532977,0.8689579753547957,0.1457367626887268,4.808205849016496,0.6019315086606273,0
0.5954772532961398,0.8687146328730394,0.119525327749955,20.842104841846854,0.581769043117537,0
0.575848327716021,0.8687323192363486,0.12934140695549953,9.99969197404723,0.5983523280219699,0
0.6326220544061857,0.8689711339377784,0.12139991238026947,11.500970496996299,0.5863947400596173,0
0.5493188550356366,0.8686242205006164,0.12746120933254718,6.650183197325639,0.5730251654920703,0
0.6446762881461803,0.8688454132521369,0.10844544686995439,33.147160479716774,0.6398296321248467,0
0.6559386612685972,0.8688152865770243,0.11587504132491366,19.29517844666423,0.5972138400993696,0
0.474516720555257,0.8680033856572044,0.16527199492532071,8.047960812726647,0.551850265369557,0
0.5945340705665466,0.8686905633992209,0.12853551252263165,15.382987880589766,0.6082999202521829,0
0.6552105657900673,0.8687791039847856,0.12622012171355787,18.881871540814483,0.603092954056808,0
0.573972782465601,0.8686871499514988,0.11230613465012733,27.936999912616322,0.6224951343101277,0
0.5798856330770538,0.868665965457498,0.1211106188380265,16.394376923170167,0.6298392110560717,0
0.6734719709624167,0.8688268713464723,0.11611717313975183,20.563497114450303,0.6180817445395957,0
0.5709151845592997,0.868752476282002,0.13330817225559619,9.94528408423028,0.5890175530278069,0
0.7435955544712404,0.8688969247365458,0.11829778376595017,20.84338658222956,0.6215039738710204,0
0.5178676031098557,0.8685645572651307,0.15551357969932073,7.833583260496652,0.5434627932366091,0
0.5554751047013387,0.8686290849410323,0.13157548737870192,6.955804319812673,0.584021614463881,0
0.467043366008885,0.8685176271848144,0.14958102470568546,9.932989068626235,0.5423917308812933,0
0.576354088374964,0.8686883183900097,0.14879764454301195,7.098689346793678,0.5728333037434986,0
0.5117465624095904,0.8684909858829379,0.16203124260819676,4.449066752355928,0.565223655398961,0
0.6004572756886289,0.8687617529036168,0.16287924807407497,4.702664324283365,0.5913231485655293,0
0.4782224708450297,0.868458280718439,0.1042405532009029,23.936469630081998,0.5887931966634933,0
0.5534869628913036,0.8686445889496337,0.12667085772169218,10.724511107040298,0.5805906542949423,0
0.5266499799617791,0.8685861531409883,0.1122293613094006,21.58683795977148,0.596285141978533,0
0.5376867469971264,0.8685862684036053,0.12091048024807033,17.365165508135483,0.5865249937644853,0
0.571942135059587,0.8686646494978696,0.13395476558699554,13.32905370288643,0.5698886802568046,0
0.5009395287459193,0.8685460364820387,0.13774338142323958,11.815722743851829,0.5823317490690699,0
0.5426966241266024,0.8685694857365154,0.16327068241142947,8.54443805663862,0.524043726789759,0
0.5840371041120976,0.8686122770497867,0.10481239690634957,21.858699546870085,0.5403955769281253,0
0.33632129710923264,0.8647867901040454,0.13456700406750705,4.065616162896761,0.522948002928289,1
0.5530802648252373,0.8687010288926773,0.12590549700092749,11.524633738712343,0.5635092382764461,0
0.38207545029574635,0.8665286113908269,0.11412066144023868,4.425086561920723,0.557123643603728,0
0.5668517687835161,0.868871695149872,0.1093676309486344,24.985178119977178,0.56667089461963,0
0.6178110621311017,0.868878023845438,0.12761863608119953,7.919727715383863,0.5875575060725363,0
0.6261259622995377,0.8688527262047656,0.11059590594782903,18.79416503309659,0.6058613291303879,0
0.664844454485462,0.8690776931009053,0.10224990628014345,28.49509438337829,0.6179943453396713,0
0.5623269902752246,0.8686607456635004,0.1111397386816406,20.910220804066714,0.5945445144966173,0
0.5677166366311287,0.8688443912791387,0.13244623228575025,17.196999226121477,0.6016716268109926,0
0.54959796952275,0.8686535065501753,0.13197704689050324,12.683222660736543,0.5661518423795219,0
0.5675523081809516,0.868674637079465,0.1521597686510928,6.314968622886781,0.572480899215699,0
0.5109025829967844,0.8685509935636407,0.09606271768013787,29.894238552852936,0.5217420224792529,0
0.5520903176783469,0.8686079776584089,0.1247595060491621,9.609323340228705,0.5792730326111837,0
0.576475545135652,0.868832189615197,0.10028603576048188,41.37809611334703,0.6593668383844086,0
0.486514993734765,0.8685071456923547,0.13529628800258578,12.693528673216314,0.5459475806320494,0
0.5913931104711346,0.8687579317589641,0.10596681714802697,24.482528714350536,0.573031049963551,0
0.6086197887609117,0.8688483928761744,0.13739277375398706,28.93567999581491,0.6132405322850163,0
0.5219888813576407,0.8685731812477003,0.14057111348558352,10.150193416997098,0.5796166281713689,0
0.5268067520844166,0.868652606583689,0.11894941955698483,16.007243372175612,0.5650153775156274,0
0.5267791262464313,0.8686691033819347,0.1122955379279497,22.186644379595883,0.5814311939996978,0
0.6499038119781467,0.8689055623783446,0.10434867599205,30.77174287774459,0.616474370182233,0
0.611849348820646,0.8688340567620952,0.13639993449504997,6.884395901008651,0.618618176816463,0
0.588943261864621,0.8688369688702666,0.1317815549020935,10.94405089001348,0.5805512257825204,0
0.6339938553658476,0.8686756501799383,0.1247940105066474,23.291355071316033,0.5699861172776738,0
0.6804220504855923,0.8691196108099141,0.10276648856286412,33.55554788274568,0.624737983712263,0
0.541938823380863,0.8686509802469123,0.10563187782711227,26.956398193566415,0.5781359047129092,0
0.5807506274537407,0.8692800658576614,0.0997824268559262,48.9774329259596,0.592014287589882,0
0.5419730746152537,0.868653028730965,0.1409147816319899,13.171360638230583,0.5757518474485713,0
0.5379565465802835,0.8686401961542843,0.10959535610280857,21.851027147032298,0.5019993054688063,0
0.5766728986213666,0.8687382895215934,0.110704577957073,26.540090994657007,0.6028873731194174,0
0.6080855252862211,0.8688731317214534,0.12303703114446873,12.423611055065782,0.6018883191618544,0
0.654419933504446,0.8688076738806579,0.13060456631922868,13.426863941261207,0.5742377917123976,0
0.6162974429758167,0.868877914069246,0.10778360527671722,15.432295468921897,0.5574248849684587,0
0.5709233657532337,0.8688223851577567,0.10793606050354547,23.541139378991332,0.57290533480423,0
0.4792134331654923,0.8682769364726283,0.09655304521291518,65.55239923579059,0.61676107196703,0
0.571317842826649,0.8686668757559083,0.12479344735186891,4.230834551432162,0.5614668343190959,0
0.5808499192968131,0.8687564728895424,0.10665845983790569,21.7028639933696,0.5782834474956083,0
0.567585501127057,0.8688295416227488,0.10236805469376707,25.86494657885636,0.5712625145909834,0
0.563237336694562,0.8686279497341357,0.12220109575355641,20.26520595029343,0.636521045423094,0
0.5202356127199387,0.868542110068878,0.09698028089968123,74.24878886839215,0.5002528639970807,0
0.5454730353237006,0.8687306108484343,0.102378705639381,37.6605977739744,0.6004477435065277,0
0.5341681271942053,0.8686021988824836,0.1753373165799114,3.9798188648227986,0.5722330984472767,0
0.5044568812022007,0.868511407984458,0.1621417284750008,5.212637615650607,0.5730605807645427,0
0.588714648265645,0.868758537704864,0.10877075730084873,26.01087935228101,0.6197773221115703,0
0.6756086820619203,0.8689797241319962,0.10456439583830013,28.527818493160684,0.6495187342982063,0
0.6984288682763472,0.8690072439177964,0.1080981999592933,33.35208326437458,0.6859452187355933,0
0.571764741602089,0.8686822787940646,0.10447841358177419,29.39908999149479,0.5876884203592186,0
0.5831133405862551,0.8687848930916213,0.09890426619057575,73.94848756796235,0.5412414421835257,0
0.589048153428913,0.8686016024879982,0.16224065680871838,7.48053628418457,0.5217629298811167,0
0.6194105228475429,0.8689889825645224,0.12205648700299039,14.324289488810317,0.5996655059414363,0
0.598404745473584,0.8688499225735153,0.13085529438773605,16.379930731141595,0.6075752933565737,0
0.5200896511158383,0.8685668731591409,0.13598042654728412,14.528831396394835,0.5721917064176644,0
0.4689983945322537,0.8683523381273247,0.15307671864013397,7.032963726818112,0.5187979787972473,0
0.592898690162458,0.868713350930669,0.10774053554794993,27.965970507209963,0.5717848290417691,0
0.5086344228056777,0.868564298355227,0.11219689536594424,27.45858067088765,0.5393421963624854,0
0.6114559182952727,0.868691273768341,0.14562771935286867,10.517507719342245,0.573855544864031,0
0.5431830962287301,0.8686731668979336,0.12263559763227379,20.6657914746445,0.5889279624209397,0
0.5969675674814833,0.8687463280645584,0.12731401696340344,9.030073875739951,0.5806505184535183,0
0.578639308992681,0.8687473069417013,0.1639193726516315,5.503091170059567,0.6022798334262087,0
0.5387990436824297,0.868624850491801,0.133135825267907,14.654197449123716,0.6314355867797686,0
0.47408543418996835,0.8684869556967684,0.1658212615512795,5.976542614376606,0.588566667900491,0
0.5444416538491296,0.8686050759806684,0.15947752212585578,11.12107412226276,0.5110028870864546,0
0.7216860083719417,0.8689924351726873,0.10103657485060902,62.37237951988057,0.7377253927689457,0
0.5792403757110497,0.8686380325710864,0.13241190519359372,11.688108418250367,0.5740213141401397,0
0.6079455688947233,0.8690544617373847,0.13677328747857187,6.806412500964404,0.6006163678752673,0
0.5703084359143403,0.868679917965829,0.10564337284573817,28.71149907111577,0.5099436405069766,0
0.6010769874193633,0.8686378051789087,0.1064532724666562,35.172249299240235,0.6496572183452237,0
0.609600673618245,0.8687204595278116,0.14568752207236033,7.418810083191852,0.566848337905883,0
0.6543903101211177,0.8689414257589737,0.15983939580265782,6.3919016800984725,0.5525692523365493,0
0.7361278813816261,0.8688923270873756,0.11729403999316813,22.03332046724367,0.6707559206558243,0
0.6052492823226401,0.8689928779544523,0.10074722135621937,50.168429101926954,0.695830032583558,0
0.586243364847741,0.8686728643876697,0.11550154621600488,23.571407615378856,0.629455729611855,0
0.5988362631261367,0.8689380136667579,0.11133535953404043,4.574385816161353,0.5862416277948587,0
0.6887614505147477,0.8688568564497223,0.1174265434166404,20.277703525329834,0.613925633773493,0
0.7045798921443446,0.8688604439166338,0.1097799003985343,28.316554779679024,0.660232180992533,0
0.5419723500767006,0.8686429432762092,0.1415098567306104,11.764094957167371,0.5543574383528164,0
0.5784976124359174,0.8686213490122237,0.16801509206590381,9.196142957945318,0.7169202143108077,0
0.584047674592809,0.8687192665005834,0.12026716738833541,18.93289754901807,0.600009803686747,0
0.62703271375369,0.8689307033987124,0.12184455696325835,26.179518656814746,0.614350976550989,0
0.6759484565184154,0.8690111776607198,0.09509259845360986,60.17967653881992,0.6348156491500081,0
0.543371514574415,0.8685889568534367,0.12165540804285496,18.580136239378763,0.5762384059377044,0
0.6693840028827717,0.8687184879750637,0.11992428417696122,17.37607499358928,0.489614414739032,0
0.7035537314016976,0.8689005279362747,0.09986828803394647,60.84311209910068,0.6786321054478922,0
0.5867223870852364,0.8686309016466517,0.1536512464078338,8.401802745147487,0.5732379370407824,0
0.7947260168608606,0.870537375761105,0.10201393311807637,33.19052538959869,0.6323579290782694,0
0.5979028572307666,0.868699141298814,0.1178785370519007,20.124214484934857,0.6138804888386747,0
0.6494368277677615,0.868769699373814,0.1221227028810092,17.30192697615825,0.6438640332812523,0
0.5680520855654904,0.8686346131580174,0.13281384727410886,14.528613588374052,0.6006961042595997,0
0.545413106734649,0.8685957810294527,0.13161002743843475,13.612136543128734,0.6116252857593113,0
0.5266348911122343,0.868573004991946,0.14635968133505659,10.92938331210484,0.568744039743282,0
0.5321507926027834,0.8685301772166131,0.14111805589208484,8.528654869104802,0.6057461433920609,0
0.5611209519576054,0.8686193926887,0.11951374717791476,19.443643894592018,0.6724260538076826,0
0.17419551308328732,0.8680857506435972,0.18167196138609656,5.637439535999159,0.35985574744299303,0
0.45704204974570833,0.8676497609901136,0.09749316111762457,16.058809880953007,0.292494359545687,0
0.552552994116985,0.8686436958839353,0.13534284928433718,6.026883549728038,0.5794964533632124,0
0.48585378450727806,0.868476126243947,0.13118668447921603,22.590946955656133,0.584762459886635,0
0.584291939329465,0.8687171294290924,0.1334006871493869,8.026962119210356,0.589044872287587,0
0.6025410938311596,0.8688301635377197,0.09327190638541948,71.02117072049637,0.655551259015104,0
0.550271684667867,0.8686312135098087,0.13835197222846116,15.945290093542182,0.599520399889988,0
0.5521819049045907,0.8686846023541067,0.14330514453712037,15.032156476530407,0.5673326993616676,0
0.556883785275633,0.8686234525398683,0.15576116222668074,7.4289707911746925,0.5747665256200314,0
0.609513098854579,0.8689435608668518,0.11622651427722658,18.828256328980302,0.5235595606560556,0
0.2791381168564297,0.8673302012593694,0.10841262805424723,63.531906398260844,0.6772905638646461,0
0.6353130312751717,0.868879170447086,0.10388532208949426,38.0317441220745,0.5823021880388033,0
0.6057697657708151,0.8688396003571274,0.11539233425186209,9.982043162107985,0.5691660228804917,0
0.5417995308123003,0.8687867705147019,0.10470435961350479,54.46225183987616,0.5679583811386549,0
0.5339054977742156,0.8686291231772211,0.1107910810843701,21.525733948357843,0.5287658991068219,0
0.5515012397127513,0.8686402244129893,0.12094391207272531,14.204245715137644,0.5527572752544003,0
0.5477719678707543,0.8686298422205102,0.13848263582558173,8.094713487848539,0.5531913479076661,0
0.5745896021518567,0.868755144868238,0.13368937977934417,13.226077808518285,0.5769604343454486,0
0.6110173120929714,0.8688306847743686,0.12470443202873277,17.270890912482855,0.611072331870373,0
0.46411513560222034,0.8682078078571124,0.11371563268391716,11.641419394848581,0.5448448947517487,0
0.6353173433427637,0.868903515814354,0.10985577658913907,27.16139897718066,0.6311570480766413,0
0.6175220483974141,0.8688786517480573,0.12208990879288173,8.762630990973625,0.5849819650462387,0
0.586400872450738,0.8686796107491563,0.11761408052088033,21.17246900978989,0.5848593955845874,0
0.524968245376066,0.8685418301468953,0.11166275373680536,23.950721316071377,0.5312925075767333,0
0.6907270637539747,0.8692067317305311,0.10089715235519181,39.79335355661437,0.6196852125881827,0
0.6599151012748673,0.868927878873035,0.1454439040838969,9.753472735074391,0.6056182014480566,0
0.6101571731531359,0.8687435678849077,0.12712181243564782,20.954855654254345,0.5819208497633864,0
0.5946787392970624,0.8687844526812173,0.12658040909404794,10.768887980344276,0.5727874669022797,0
0.6713048503438886,0.8690518779720313,0.10808760897756471,17.258593973777423,0.5951934049534456,0
0.6031235045407705,0.8687273550403186,0.12473771155733239,7.997239349952545,0.5747430533759873,0
0.5952717009741381,0.868750576807634,0.10855363328882188,30.54824991194069,0.5787619119087951,0
0.7369114545250409,0.8689277832511894,0.11321231852116853,24.68477111338915,0.6294121892687623,0
0.49738926507006703,0.868236891436654,0.17742701055595952,3.9159094911381342,0.5549654940575927,0
0.5222901121748803,0.8685669957307899,0.12052300392422173,16.858811878193062,0.549589513126864,0
0.6293002031804927,0.8687548778827799,0.11971307635138795,17.870938391737955,0.6137269939799433,0
0.628433492090525,0.8688072100328466,0.1094974722897019,30.643005853353618,0.6152638233915423,0
0.593699378130744,0.8687175782466566,0.11283022703365107,22.58293659266077,0.594874353982798,0
0.64056648441899,0.868797101928848,0.11483227855429233,22.31066311241808,0.5744137628781457,0
0.59867545253589,0.8688726201181627,0.10721049816329893,32.209487987790965,0.6265213827160087,0
0.6874147774556985,0.868911051700718,0.11342004089353579,26.521840363286643,0.6067971228261176,0
0.453903330202897,0.8684820323709017,0.16751454009761604,7.318607186461852,0.5337801271531147,0
0.5392105557717957,0.8685916275440003,0.11960219843802944,14.663748325157359,0.6009816044218484,0
0.5251419129177837,0.8685612050932794,0.14208333484720914,11.438233194782947,0.5317746601741801,0
0.5777215731206703,0.8686981286317107,0.13905875040568239,7.415402423103306,0.5895857517620103,0
0.5365948379179634,0.8685788362554053,0.15974580154506338,4.721446278997484,0.5749037072957014,0
0.6051366142847231,0.8687883221821947,0.12837675081103603,6.432702378614646,0.5802322721062633,0
0.5670088222127446,0.8686549553539223,0.10506050186462439,24.80638903035561,0.5843151877596541,0
0.6025246463266319,0.8687465522535193,0.12747199616631977,11.005341659879397,0.5940361761001963,0
0.5196736524983857,0.8685592297691489,0.11153231631714704,20.91382159587419,0.5510968574770857,0
0.5048714787403613,0.8685069638631994,0.12395376561712353,16.21124866974804,0.5499482821842697,0
0.5414311876388184,0.868629883138785,0.13887075208300959,11.192248356527172,0.5421558110648196,0
0.548210716730696,0.8685668813220633,0.16218555709443427,7.663582075251231,0.49661748678922496,0
0.5456993226969373,0.8685772282618637,0.14993087724060303,12.664590912039106,0.554374308097849,0
0.479254484082357,0.8685167147728766,0.11334421345265931,12.01635973124006,0.557522308222281,0
0.5101928492949938,0.8683487180695447,0.15182799250347798,5.064506642851869,0.5607541901475287,1
0.11201601665033734,0.8681888270073502,0.16543272166255799,7.760953925171417,0.5189881509622987,1
0.5189825722262243,0.8685636695678757,0.15015567305737287,9.026760138234497,0.5840901532872746,1
0.19190609353979368,0.8673662274064421,0.11672184644590596,17.637397738430753,0.625389966110669,1
0.5024538475735764,0.8685509620685329,0.15833511267299957,6.900930138781987,0.5365186333376494,1
0.5391393256752509,0.8686491139204252,0.12044468374418987,9.183969738398835,0.5722842398817953,0
0.42317379729710963,0.866760075694743,0.11836446239379443,4.644320409623106,0.5589144791286603,0
0.558103840904037,0.8687270772466363,0.11006290393665417,9.440042204574747,0.5409682990256149,0
0.5852051646305899,0.8688321578785493,0.11845290011403244,10.943364363312439,0.5776650694331597,0
0.6348210495489003,0.8689014282912234,0.10962778268759422,19.572725363087482,0.6245111220992243,0
0.6453906844760143,0.8690155125928946,0.1025513584242765,24.753860469840195,0.5906964135175726,0
0.5907164708796196,0.868790929681944,0.10831496772181605,28.501112241600758,0.6169357790278269,0
0.5642146620992906,0.8688843250979064,0.12700983886152833,19.393174343391014,0.579012585882153,0
0.510203477646427,0.8683426290353019,0.14146281090781151,7.376694028348293,0.5906542254593923,0
0.5572692720907143,0.8686459851446453,0.1543999762841197,6.500319465580212,0.5658166140273123,0
0.4526445728608233,0.8682295883928317,0.10178812962099247,18.387200960733626,0.5452910103606903,0
0.556730082831468,0.8686323929978923,0.12032241719128144,12.035912517840968,0.586276246293169,0
0.5560956661318386,0.8687461283783281,0.1131137943989134,15.537640695385642,0.5667836825458593,0
0.3848853870948387,0.868246289497503,0.13551556528984152,14.392493462834814,0.521526481708252,0
0.567869650082518,0.8688281870732141,0.10909569257667362,9.904907265942613,0.5366781812773024,0
0.484100029592852,0.8682728921023225,0.14845096066966865,3.6645330348380254,0.5266151485434046,0
0.40165007102232964,0.8684012614584747,0.12606279417062433,11.42593432115627,0.4750885093232,0
0.529745723818596,0.8686556316014377,0.12992035566471175,43.1269544230199,0.5877305471916957,0
0.5517005512260947,0.868720716407945,0.10669118106597751,31.816836601144946,0.5463502125712324,0
0.6500829531283967,0.8689128437680878,0.10345450139990588,31.212452259590027,0.6206048577653837,0
0.5700635005675573,0.8686982088582641,0.13984842833601172,11.091537694980584,0.563279840460138,0
0.5801520941603807,0.8687571615762993,0.13571412597797147,7.624295451971516,0.587354185357056,0
0.6036768498510917,0.868652545514903,0.11462408740947701,26.854357672929645,0.6144334124527693,0
0.7114903661180357,0.869120682620709,0.10249734599226507,34.11777569637595,0.612248471824147,0
0.5703553705876266,0.8687223772863916,0.10455367264988351,31.410744574583163,0.6034569648339133,0
0.5780147819075393,0.8692491558635203,0.09835885715538577,56.43679150503396,0.598339215458198,0
0.5396516012126686,0.8686505263921189,0.13447322981977203,7.265411092212749,0.5640088789068493,0
0.5644382213998774,0.868704568416728,0.11254619752699724,19.607298058001867,0.6019292749573021,0
0.6424905751624946,0.8688369413353813,0.11292869716614419,25.640245001492833,0.6765930788380423,0
0.5520076401233289,0.8686741640382293,0.12691835953454983,14.262376556406174,0.5802921465951444,0
0.661575132581382,0.8688199207000143,0.12805992844122635,15.363264608150129,0.5972668470174446,0
0.621793166479752,0.8689419777621713,0.1091938355961896,15.301161823294146,0.591844478650189,0
0.5726125665148243,0.868817126089949,0.10890077930293292,23.703277801839565,0.6426623739164556,0
0.5097798686235273,0.868555053618982,0.10092958099013784,31.26587365111946,0.5078186176960223,0
0.537213179045847,0.8684860104706836,0.1283655182283374,4.301460244252509,0.5835128996740884,0
0.561171587315133,0.8686661343016714,0.10145527632051167,35.07173672589069,0.64150701219447,0
0.5808253442848189,0.8689379427831131,0.0983270154769189,61.48228672464322,0.6801089135635777,0
0.5788877059669956,0.8687774754995736,0.12440091197981384,6.144714573130133,0.5579804714459374,0
0.6098812160095063,0.8687136865220507,0.11005165980692307,33.28578265928611,0.613198322156967,0
0.4163514486349767,0.8682514212300441,0.10588039821177919,31.09845438581604,0.487744513852351,0
0.5828621562793174,0.8688399834704583,0.09679894911471272,75.19425283727041,0.6628192428465259,0
0.559042430883457,0.868666598585412,0.16876382932621828,4.1232013599503015,0.5739821538917601,0
0.4642631650447823,0.8684392786879176,0.16154750852193248,4.536081687707048,0.5653757908292399,0
0.578802128216002,0.868704920243344,0.11264475593542937,18.597038988027,0.565304026429164,0
0.6296253611647374,0.8689366188890766,0.10332576150413797,31.995431563654538,0.6103141994128424,0
0.660323889795052,0.8689928062995204,0.10634555462403823,37.246590006385595,0.640130870312075,0
0.6060924348886007,0.8687617621440767,0.09949355760938833,45.030322780354155,0.6147358738272723,0
0.5078246158041534,0.868535588456662,0.09800582171713003,83.94472009060716,0.6001639775681377,0
0.5128711959749147,0.868554822694933,0.15453962749726877,8.10868488703618,0.5560955719803377,0
0.6031499577465277,0.8689400176128417,0.12434578512917577,13.202164226828558,0.6002415723804927,0
0.582031808138599,0.868780421570173,0.11825382767134528,24.052078635365596,0.6014616165689269,0
0.5205627005094536,0.8685835455964326,0.13759102521623856,13.40001308636778,0.5502148351674766,0
0.5299483702512743,0.8685645897248763,0.14065431372824105,6.0687408410002,0.543264080475228,0
0.5943779374801944,0.8686907899404988,0.10754597744793006,27.577868114212926,0.57798377208853,0
0.57648061313296,0.8686851446513529,0.10248669078760847,47.83288479295123,0.5164127937910076,0
0.60761125834828,0.8686954791702716,0.1168649878504832,19.841810026951695,0.5541110714326073,0
0.5642093918308196,0.868726819683447,0.12804887554296307,14.330922175249443,0.537668815017054,0
0.581713054094955,0.8687193727625816,0.11438348118281927,13.143452066022487,0.61041863505657,0
0.5790153571069,0.868737940084777,0.13681985041588296,6.7751614687103885,0.5755353855272484,0
0.49787782560949506,0.8685752040768012,0.12385246243427901,19.144141203943512,0.5254326401045907,0
0.6022517834654467,0.8686318056823343,0.1429800468512079,8.988873224266415,0.5851288512479841,0
0.5311112983221693,0.868573664298085,0.16119201733281638,6.271191428231821,0.548440260432121,0
0.6458567662101936,0.868934650943087,0.10196033931776148,55.65050694152593,0.5913749380513527,0
0.6392277455212336,0.868683898115579,0.12993234903100265,12.136106690295987,0.6210540930049829,0
0.5460964390509516,0.868594911858317,0.14578481934414433,5.493788554120557,0.5597177540087697,0
0.6047685729039426,0.8687864415408186,0.11579835824635658,20.659217132167036,0.6209432727330413,0
0.5668075583900652,0.8686019751150953,0.11161927277455426,28.407506263593227,0.5809953130807853,0
0.5858031090482226,0.8687283272268506,0.1580940680310758,4.93036995209864,0.576593617688007,0
0.681220971518341,0.8689048062983269,0.10498462759632025,40.83626525119899,0.7276688116355384,0
0.6316537753415704,0.869044105997881,0.09548653544608333,108.82774497904578,0.6047031781989687,0
0.5185930164670923,0.8685719949419249,0.10153047833684535,53.218955418064006,0.527372605686792,0
0.6329234412395727,0.8690703815162389,0.10761064252079543,7.254197586408785,0.607910734864464,0
0.6968316841909553,0.8689287726707636,0.1126659706573636,25.84066566621111,0.657021092262439,0
0.6048641310664847,0.8687212912328294,0.1144047304047645,25.58869838936714,0.6079171202573167,0
0.5651959500765014,0.8686621641001087,0.12072237578732524,21.022141422843013,0.564302955203646,0
0.64591377444932,0.8686548102496943,0.13653917888735576,11.925712860875183,0.471551736835097,0
0.4465945771787094,0.8684467617146691,0.1265242727621336,14.941796423136726,0.4631141606298363,0
0.6243191924689276,0.8688797391665927,0.11280800811015453,30.581793761997424,0.6776973354826282,0
0.6482828573991043,0.8690030496793152,0.09782448461497152,37.7884591653857,0.5759244538067333,0
0.5721558617598287,0.8686909575852116,0.11646903291100352,16.434741484398543,0.5982589595244451,0
0.566344967208179,0.8686396267228439,0.1023791292994818,47.623042733884354,0.7468191740789566,0
0.6332286650179534,0.8688833123614423,0.09809172575452531,78.02588586077485,0.71860978512469,0
0.5219734057244088,0.8685660294614544,0.13581843995562995,12.294373969921187,0.5414576358900787,0
0.7184456072236133,0.8724629694807041,0.10059674076439007,43.31507695894454,0.6930754057837293,0
0.5380438616765929,0.8686274533201277,0.12210039992518534,18.57951759697596,0.6082977277266853,0
0.6908440087799823,0.8688314361128798,0.11390184072879433,23.38637773596593,0.644123729626475,0
0.6131595338523207,0.8687876144562731,0.1080007301947828,25.570908553860583,0.5865396419224587,0
0.7108891251467956,0.8687521372813937,0.1514247612227434,10.366129674309864,0.6074105633174423,0
0.6795775812405119,0.8687408134854521,0.14177303039840733,12.388670371355328,0.7125904389068514,0
0.6353637854266636,0.8686632002141484,0.1576311835257914,6.786794620900646,0.5714762372803264,0
0.5510722340749847,0.8686166434451387,0.11391229677469665,22.428649264958064,0.5795338757535456,0
0.6887043452240403,0.869037694013174,0.1198132077728395,12.185099426205769,0.5517086901909477,0
0.6067400558056746,0.8686327582520054,0.11975742727598833,20.61677407928528,0.6147808920467783,0
0.53634303840522,0.8685852657470957,0.19980593366893226,7.230792226639531,0.5642445925346377,0
0.6120339996282366,0.8687674140506827,0.14006127189259346,10.368304731879197,0.5535306142956057,0
0.6273030146435986,0.8688111105575483,0.12896623515646366,14.337549731854642,0.6299512509446333,0
0.21675095407908965,0.865403591790208,0.31469484594137137,4.4637585622476115,0.6076648730766766,0
0.6857700323453407,0.8688565878719063,0.10275585262310183,39.47564024668817,0.5986731278660024,0
0.48307074474027495,0.8681991268322508,0.09851934705658753,12.16416109105832,0.557553793326243,0
0.5523079449292904,0.8686404269431683,0.13607432954729712,7.692012822626072,0.5625933475147921,0
0.5174310653368304,0.8685488669129254,0.10203521796431426,19.854897144755043,0.5591990362099047,0
0.5847828071590623,0.868702907056078,0.1248495054977199,9.191762697614575,0.586164973306898,0
0.5970911824992003,0.86899127925862,0.09283615284780204,116.35597452603498,0.7051849170599397,0
0.573312857336192,0.8686718032261878,0.13268725701255213,16.241911477485424,0.5753739410166667,0
0.5310072003415279,0.8686630038758146,0.13164442171633198,18.934424269701033,0.5521344625839381,0
0.5703870505140619,0.8687166289976896,0.15222110602796887,10.23002277386216,0.600810362562853,0
0.601749446929582,0.8688780866493616,0.12176674093747462,21.262905647604295,0.6223261642927086,0
0.44002820419796,0.8677265860814803,0.10254072426793316,57.72719685289448,0.7159563206556608,0
0.6367658794318614,0.8688469887107554,0.10908554030498685,23.849177015231877,0.5812486753383617,0
0.6250387525165426,0.868910820972325,0.13715818899872348,7.553644913665555,0.577927502175367,0
0.5473258666177047,0.8687706503040528,0.10646386400832113,43.16608837763961,0.5620842111983837,0
0.5546639420973504,0.8686721076395351,0.1128958325370677,18.079590727571023,0.625467366681964,0
0.534680051938602,0.868614969227969,0.11323455435518143,18.876289987889106,0.5701098249775893,0
0.591376077792354,0.8686939976511754,0.11645749006632361,16.117356091550196,0.5991606365023503,0
0.588612379678958,0.8687990763936017,0.14241737868228663,16.286218702890647,0.5862188971030841,0
0.6241888647765403,0.8688756568186152,0.12403252041789886,18.23554869618742,0.5882185251471007,0
0.5178241480553077,0.8685640065916287,0.0970871853709544,39.86522473281902,0.572576986467896,0
0.610485696561659,0.8688627578758957,0.11043267875199357,25.873584905804485,0.6333370945392387,0
0.596352701439229,0.8688420343941955,0.1345203135639246,11.563386354271982,0.5733208946564744,0
0.5615621545499193,0.86865858882744,0.11384705111407613,25.28637720606808,0.599558346154235,0
0.541647771694341,0.8686608796134393,0.10344383822828153,40.68895216056562,0.5528771614045169,0
0.6257707143725537,0.8691947912779611,0.13287162080449524,55.40722292712254,0.6271412200020478,0
0.6542804498734319,0.8688929089998737,0.14915704953223777,7.584106227234973,0.6057926927902165,0
0.6343176751195206,0.8688230296395957,0.10573993976817607,41.05626304581678,0.6338681402439926,0
0.5933688044715267,0.868768018084071,0.1255011770085555,11.002705389295224,0.593454864651121,0
0.6294050581929459,0.8690044250332724,0.11209883281632622,11.673651823143986,0.6014494362001727,0
0.6196368757684704,0.8687667053423075,0.11298287521143595,18.59023329560823,0.6236850782102445,0
0.7317849552024286,0.8689327894992283,0.11085631533022657,26.49362858612767,0.61937569358562,0
0.5448114677425093,0.8685633842285775,0.1503922944756228,5.797184340794637,0.569165608230522,0
0.5338228605104041,0.86858875404193,0.12488347328276735,15.125604477737996,0.645109283737633,0
0.610792632545156,0.8687238017544656,0.12370690821814441,16.129872930820063,0.581695914250678,0
0.62854779881705,0.868806722470013,0.10608605561423083,36.89533525312569,0.5823481139707967,0
0.5642070343847884,0.8686939760809153,0.10802250477801184,24.930801318012684,0.6315073397833947,0
0.6002333510348276,0.8687365007264477,0.10329342830526093,40.49866948373883,0.5903198222633003,0
0.5900669166551734,0.8688440453264349,0.10095080086613141,35.77087097705705,0.5699267132412253,0
0.676019750502938,0.8688896549369817,0.10859696260974598,31.203897774186835,0.6176821763364487,0
0.5365423341482409,0.8685851225834956,0.14162849286264342,11.337791373398204,0.5288854777457274,0
0.5215777669071243,0.8684859374496007,0.11803280159367767,13.53030902671821,0.5759886140531071,0
0.5139011972394933,0.8685483057847526,0.1271217783214195,18.09363746328231,0.611927139458314,0
0.573068242929999,0.868716208651442,0.14509307791095485,9.335088654238811,0.5875302517769421,0
0.5454442815615184,0.8686013397178987,0.1579083701830014,5.81890358868149,0.5597686763197294,0
0.6010658928039256,0.8688001360342922,0.13861191422862554,6.275617599121522,0.6084225656816767,0
0.5862707136796748,0.8687201479453229,0.10495279278037971,26.459586195825633,0.6120354996634424,0
0.5549335048743237,0.868666013391097,0.1201236114479734,14.116117351906084,0.6063160226903527,0
0.5244203871027343,0.8685630474146092,0.11133573118179226,22.854121373544224,0.5862971428473376,0
0.5272920185034413,0.8686066808966283,0.11962501871983078,20.379260343972565,0.5578604216005714,0
0.5493628230458406,0.8686384328160021,0.12489458129286977,18.144059807046506,0.5467647561409483,0
0.45916993183123433,0.8685254109094354,0.17556913137229843,6.867595280152937,0.5444815538881399,0
0.45529103066868304,0.868518824886126,0.1603830813751071,10.626716000863949,0.5268097227818317,0
0.5486041819370157,0.8685779080335964,0.10501689115367326,19.049481423128547,0.6069250125998323,0
0.24648807510566564,0.8667179170355492,0.1360276378003914,5.080252691007586,0.5319911608052036,1
0.4897503500650327,0.8683890570484335,0.11520542420347563,12.115873597373659,0.5689447626210616,0
0.4426284039931134,0.8678637958174483,0.11640331497282223,3.7978771544342047,0.5650063660483277,0
0.516056635560291,0.8683356440810113,0.10200288569572526,28.957234530521596,0.5879466367297673,0
0.5508936014054236,0.868717716046477,0.13824754285763466,7.790539843205442,0.57412919500152,0
0.589906277447957,0.8687004848835845,0.1093024155157552,17.07079655688992,0.5918519421906914,0
0.641812917129012,0.8689697932763796,0.10271257071819935,21.590382463040154,0.6548146582030934,0
0.5799605400558617,0.868806034003191,0.10469376841353317,34.415553622197145,0.6075251245111569,0
0.5463886763829113,0.8686218791331567,0.10612891637213247,11.743391811431609,0.5730700947246133,0
0.4902194068261107,0.8681334955653313,0.14309984683057317,5.221313382561638,0.5350614967500597,0
0.5286610795920671,0.8685761644469707,0.1510965929405466,8.1792052751079,0.5693013137133837,0
0.4255993541045863,0.8675953928755654,0.09551877781183161,63.282460748602695,0.6425930210323623,0
0.5577971885393557,0.8686349279256914,0.11753684576403445,14.766031460873348,0.60261078305653,0
0.540301940807571,0.868647724268394,0.10699382030802551,18.15682228052858,0.5751076924460653,0
0.37675682213313727,0.8680713335627637,0.143738231988144,12.024418756526659,0.5105038522561046,0
0.512940131507344,0.8685882512493787,0.10643149375444816,8.901530723436213,0.5863306674755647,0
0.3944682101558113,0.867360429256299,0.18287809637555805,2.877135765733832,0.5421342747282349,0
0.44442899640470795,0.8684372600777864,0.13279160845964758,9.766771721974004,0.5376969201721163,0
0.4905779620112443,0.8683673852653747,0.1455672655311259,5.343142071029779,0.5394194354224338,0
0.5339410883662191,0.8686208383968342,0.10001842077311161,62.418987978495494,0.5937454517607467,0
0.6122859716178544,0.8688121228662072,0.09958950912220642,39.328284784605856,0.6051921793343654,0
0.5382692675721553,0.8685606640061382,0.13950574763937332,12.816385745658891,0.5910178784913873,0
0.5616570567788131,0.868628530199615,0.13850498228889596,16.652933760451845,0.6011728598523807,0
0.575816178796971,0.868635704665286,0.11013866646460226,23.358167951765218,0.5898862979172748,0
0.6178656050388417,0.868910442349863,0.1066366557345713,19.56997337790374,0.5977461448507028,0
0.5323164762971797,0.8686330731945174,0.10828272611881502,27.728223320565487,0.6095011392546282,0
0.5446745217944563,0.868934634761709,0.10972581271461357,27.793068172024654,0.55519280026122,0
0.5264194638272787,0.8685987483618941,0.13784822607496253,8.560151597178631,0.5716911290652608,0
0.5145517522682493,0.8685557485094444,0.1010906943054027,32.37255031859114,0.47923951210945637,0
0.5526867458114703,0.86877370691662,0.10162701825448218,29.341055765308976,0.582125257259796,0
0.5159258726996554,0.8684203185187772,0.1133001666329454,31.02535564040963,0.5502470491720243,0
0.5793587522382047,0.8687254937812195,0.1209108753381938,15.793616885328293,0.6208571972393903,0
0.5650925265616387,0.8687252813719236,0.10847769746059373,15.250198600040633,0.5788006529279243,0
0.5306708308816113,0.868661939197541,0.10367014174181693,33.28225767744026,0.6197933692457677,0
0.5357348785126547,0.8686103529858776,0.10570765016055905,25.453511710764648,0.5679798180908896,0
0.499762341105529,0.8682837180487061,0.1281166428433871,4.927131720499527,0.5922679964618243,0
0.5655005916168633,0.868649220485331,0.09887202827125008,49.12968226447577,0.5761516343251196,0
0.52766087943615,0.8687330561101426,0.09614786836298063,71.8699662119666,0.4932158673965534,0
0.5690599809387186,0.868734827931272,0.12464831188647245,8.877169045147733,0.572197941453758,0
0.5518852489044587,0.8686395526506927,0.11132523543111661,30.519277850090816,0.623000917927806,0
0.4277454160810707,0.86820913829248,0.10426234695643827,33.46566689981217,0.5825917351710449,0
0.38032585755919196,0.8682844590361327,0.10162709294865953,50.24342285223904,0.5517908673157224,0
0.6108378072824163,0.8688027704004181,0.10208915935937,41.15513062549802,0.621890933759178,0
0.5315343183151646,0.8685565371429487,0.169685381648475,3.18090421294866,0.5661247948150984,0
0.424414906787794,0.868298339921857,0.18620410093818995,3.682103957107835,0.5855730469908637,0
0.5237289031744671,0.8685532051091903,0.09716205375568256,58.24901422597214,0.5808525667477419,0
0.5838053321635767,0.8687946465033507,0.10154125669882628,32.84880509002295,0.5952375013565323,0
0.6224029341395964,0.8689116119963121,0.11152072156152414,27.85455851586176,0.6237472539134513,0
0.523529081462581,0.8685482331823534,0.09679880282364306,57.79917471548193,0.5370764987984133,0
0.5605943427600644,0.868705755373704,0.11381421010593362,29.434581129804023,0.5453978970928447,0
0.440274446915684,0.8681007017464647,0.10463965414366139,40.04337774529381,0.7402305787166976,0
0.4166387018917143,0.8684606159514171,0.15489047539452538,7.2564868892978245,0.6261706125790326,0
0.6048449706403137,0.8689194641339887,0.1191380475294604,16.702945116243384,0.63359247539064,0
0.5714045681278133,0.8687378708543104,0.11419747591864643,27.9306027202295,0.6441016265978451,0
0.4686493133232997,0.8684309906610542,0.16465624944460436,7.899811570946356,0.5380839022847274,0
0.5639919109057954,0.868621298157913,0.11026954589660405,21.64380347641436,0.6133633071464564,0
0.529822854124037,0.8685974338929766,0.11068237890470113,24.417067927698803,0.5323738052661247,0
0.5530944791005837,0.8686670292874314,0.12630971881486516,13.889693914023113,0.622004672466027,0
0.538319917277558,0.8685730462227824,0.1099107097701621,9.848271605850684,0.5481733284667477,0
0.5584971657981374,0.8686350160732598,0.12476051913034374,8.33375704607332,0.5832467198768333,0
0.5085447481005944,0.8686115130156827,0.10485530836273387,39.65315866937527,0.5689207702201777,0
0.5292483706094057,0.8685563200393719,0.1372991784940731,8.373302495071705,0.5543254625006023,0
0.43444895758916163,0.868312014476685,0.1748757795782893,4.545761267384564,0.5658554333650669,0
0.6134430220373659,0.8688411562386352,0.107794640891908,60.09213820570385,0.635032102595262,0
0.626213202423694,0.868654253153274,0.12742677187121754,12.413973669549387,0.571425460055374,0
0.4867448358530706,0.8678357272537083,0.16123176934083736,2.9141775136441144,0.5704191519093946,0
0.561208743814837,0.8686979109298477,0.13800027620848207,11.795656063759735,0.5655917765972477,0
0.538287781846246,0.8685557833159185,0.09907545960526747,68.07986059559478,0.5867609020227184,0
0.594333326815318,0.8687767734766526,0.15771111169573648,9.018987885797095,0.5673033221142026,0
0.602327740102958,0.8687930029383594,0.10502802651908803,38.66306157757472,0.5621844847080363,0
0.635155681243558,0.8689886388305169,0.10046834261489467,50.830526971971054,0.6587255011918024,0
0.44275494905923596,0.8683174393775723,0.09890426545869042,70.7047949904914,0.51498979918807,0
0.5695909825407486,0.8689119948721965,0.1048230674916182,5.466839275160433,0.5547406143384159,0
0.5985122559818467,0.8687728893527836,0.10894410981647706,27.364319699981735,0.6454685791843574,0
0.5384683140237586,0.8685954338604355,0.10237914906920047,46.848789151725526,0.5545770277544589,0
0.5535756384221493,0.8686275825849856,0.10739438859677315,37.12613055364689,0.6185301020781581,0
0.5644349262687176,0.868595861182563,0.11063897569643699,20.92569769191272,0.505811168208985,0
0.5442005384503853,0.8685692996765694,0.1084343363401386,30.322241391690856,0.6426831660990987,0
0.5707799371292529,0.8687241361644181,0.10373440820621917,46.934278458107435,0.7012891884012656,0
0.6221385226377576,0.8688466508259519,0.10346571968438861,18.091451373824597,0.6533304621455109,0
0.5629844129673486,0.8686455727575787,0.12291480112189164,16.58962261710946,0.5973971722304073,0
0.347473181232278,0.8679405691879363,0.10173416925644174,52.12086976486124,0.387700934465895,0
0.529079475468672,0.8685596015031377,0.09764281193906621,80.7198539707636,0.621325561086591,0
0.451487140955974,0.8684318866744277,0.12121033088487426,14.55994757144742,0.5380496703654281,0
0.6187205178191726,0.8699291065031941,0.10390708658064364,6.104012075865956,0.4476853658423967,0
0.586811464072691,0.8687391946336596,0.10961711315385926,29.66088279995504,0.5961167392115083,0
0.6496176417299504,0.8687917842433297,0.11394529751458382,23.11605729337394,0.625068973149482,0
0.7045729446803083,0.8687469483367137,0.13326260764492506,14.496281053132241,0.5716821026396973,0
0.5841355925306696,0.8686662502885394,0.13992078030621874,13.763722299230915,0.5656876415946671,0
0.5376271537297367,0.8685648994050044,0.15885877417652938,6.4433945163716775,0.5407810432116297,0
0.571570047147484,0.8686242659574553,0.1232606812465097,16.941027927299224,0.625949957916602,0
0.6724916363907657,0.8689632007100664,0.10626926473755294,18.491666911955154,0.6016587905629224,0
0.6474152160305157,0.868718094783969,0.11969118202335956,22.370457112338546,0.6744487065410399,0
0.4583913370364963,0.8649820232204736,0.22783803987299778,0.4816622368410696,0.5294757375235141,0
0.5447523647522823,0.8685984435489468,0.1674549032596343,8.498354313480629,0.5686458059145111,0
0.564506588360011,0.8686894076805186,0.1412005647038526,10.22439216058762,0.625745888981983,0
0.36053604770989,0.8652596624653915,0.1410217694661461,4.529953543495666,0.49334787645878236,0
0.5485504901846859,0.8685879947608623,0.12195584891639503,17.503744690491605,0.5844337720206173,0
0.5762494690712944,0.8681007308274887,0.1913130998468381,4.80607339007927,0.3039519339593569,0
0.3836493976874977,0.8684281922866627,0.14002682563100563,8.366437641322012,0.42390855836587366,0
0.6604411899845716,0.8688108539422813,0.10815237912886637,26.854422762053847,0.6374602086905257,0
0.577820555937823,0.8687093401674003,0.09958951083067341,67.55296953676802,0.6692985369676824,0
0.5788775947839747,0.8686865593063656,0.11488734106957403,32.29969731410843,0.5940002309039587,0
0.4366045291016884,0.8683911242242427,0.136936317632663,8.213903297810303,0.5355360638407239,0
0.5654143132823334,0.8686414968005008,0.13109562465029242,14.56803553173499,0.524971954217649,0
0.5959737240168991,0.8686106579530343,0.12571406158967421,23.35818454204692,0.5703091373746659,0
0.35382284214784104,0.8678092615748477,0.10686393898662568,17.256324455545986,0.564442572707785,0
0.42901416196480097,0.8674528091284444,0.09952547648410986,5.131233439312044,0.5210562770180817,0
0.5287462620460758,0.8685948223853854,0.14225061614308845,6.590938120865416,0.5667947136911881,0
0.471464951050947,0.8682979607583347,0.10367016012051293,19.73094766227407,0.5827220135752387,0
0.507462868798657,0.8684441508380419,0.13539956990311394,7.909690769247531,0.597987673044139,0
0.5900440153994797,0.8691148008756387,0.09351672340907835,111.28546072487617,0.6779742763029096,0
0.47147644590816995,0.8684168226218003,0.12939849740113246,18.282154282793794,0.5696731296652661,0
0.5130085335351704,0.8685555206622934,0.12726891703147258,8.188083486687947,0.555575250094577,0
0.54354763398117,0.8686243479645093,0.14140285774181752,8.877752072831566,0.573130091816492,0
0.5407819456754898,0.8684230268737286,0.1225019691095006,18.098840721093932,0.604559808432628,0
0.4398333183179643,0.867983004647376,0.1003506234585302,76.46201665819868,0.5044643402841087,0
0.618192559037562,0.8687992157572446,0.10355200503615236,36.25251810879002,0.6483843707252593,0
0.5783594871348394,0.8687893628119646,0.15780407979249414,6.119138062494489,0.5773024608973937,0
0.535586006693746,0.8687145489852671,0.1052655125936122,48.57997050683057,0.569371981619977,0
0.5123009610551446,0.8685522906588408,0.1052760540386158,23.557522935082016,0.5254556339600643,0
0.51898357184535,0.8685636655622394,0.10233617654228551,32.80736367546493,0.6201723879322784,0
0.5442062030050843,0.8686072542573111,0.1080224463638715,18.998387640391663,0.5567973024581486,0
0.5510861260750757,0.8685870641647021,0.14353384802258676,11.812846517498665,0.5910466415478247,0
0.5785010311646116,0.8687785070904818,0.12867122309558177,9.247190628384924,0.5796777148160297,0
0.3970079432079154,0.867839600544964,0.09663890739617577,46.75831450175061,0.5893383311485291,0
0.5789577480762373,0.868779088302717,0.1078380285343848,28.062124189436737,0.5836519672910127,0
0.5575095336682747,0.8687073585727857,0.13070791501530551,11.595858132749832,0.5941060031585564,0
0.5305777139709029,0.8686067223566623,0.11147773647131416,26.789756976858886,0.5448522768261489,0
0.5133334679922067,0.868540559504608,0.1007688663847424,50.04801308114575,0.5766223998490957,0
0.554458196371033,0.8688340093314947,0.13137000163568555,60.64597954570118,0.5822831050343417,0
0.6477373467320936,0.8688271409133433,0.14656716906909972,10.93379909403826,0.6112305455344953,0
0.536907880174334,0.8686397088084971,0.10083261139418746,60.05590219988655,0.5829134543288216,0
0.5724734197192594,0.8686802208657093,0.12954520303577782,11.927386982625086,0.6120328039545707,0
0.620243145044877,0.868916293350661,0.11649039413784108,20.025472257790938,0.5811220930175277,0
0.5876818591322149,0.8687090702115343,0.10807648648847994,20.93144983292023,0.5491798352924651,0
0.6506996288259029,0.8688169911480267,0.11428442880480665,19.89769112100463,0.6258149614826171,0
0.5052438393045287,0.8682985207410997,0.15166496553193035,4.427189606897737,0.5673551511476184,0
0.4975202084962356,0.8685068751490114,0.10678868995548436,28.387196169355004,0.448105291510085,0
0.5863843596357844,0.8686500410070943,0.11921484757077112,17.73244315833144,0.5421937311623524,0
0.5864263034798557,0.8686873849035477,0.10699379665622884,34.92304412680289,0.6152351381060667,0
0.5203422559821167,0.8685914049249313,0.11030188355954011,20.63792150527957,0.5601393113983729,0
0.5593656316966523,0.8686404039259278,0.11078000100494763,26.25190873851043,0.6442653815493173,0
0.580029641277974,0.8687696510273722,0.09783507207836017,38.750924723758686,0.617000821280603,0
0.590583183344538,0.8687725755872666,0.10769713117792817,29.61460104463365,0.5770447783811843,0
0.47085495064349864,0.8685072159432607,0.1514130627069593,10.625845175897409,0.5548182349123487,0
0.5702889080599945,0.8686596079916648,0.11595185440788973,11.127474314453817,0.5713653179086831,0
0.487169322019908,0.8685135937917154,0.11055156541291233,38.20846426478789,0.6036269977605563,0
0.5455659251516504,0.8685902465473697,0.14526137695268213,9.424748437029308,0.5907801335486713,0
0.4908836441393964,0.868472801025471,0.15629722905457671,5.251706704550273,0.5743068017621333,0
0.5765799562671873,0.8686869936089344,0.14328184286666884,6.669040988057752,0.5781978572255587,0
0.5222144814310117,0.8685739391361086,0.10177763612769784,38.007132447983466,0.6018571921286276,0
0.5123503806193973,0.86846281239097,0.12203356131649036,16.033407571386352,0.5520721754946877,0
0.460054267121234,0.8683953636643512,0.10334700644058652,34.29961544432952,0.5657030180693924,0
0.5097893444135954,0.8684969309969809,0.11261233762182837,28.537700136337055,0.5800603441650026,0
0.5375440133499799,0.8686135181810557,0.11730530279699457,15.91557552953414,0.5990802365237754,0
0.5197269511828676,0.868552719548858,0.13491283844340154,11.579339270287589,0.7236399629215717,0
0.2750446186036933,0.8684192454802777,0.21550513944135338,5.358536578466421,0.5581241649820526,0
0.4921399261063057,0.8685153754405156,0.11220803353104032,11.599276037069847,0.551785720344936,0
0.49990024987890863,0.867728696058991,0.18810983544138624,0.8582856081051985,0.5548514530700662,1
0.5167869017135507,0.8685626299649579,0.11312543623988697,9.441767547457731,0.5632888862415174,0
0.5049982097414567,0.8685444869597001,0.11204443940282204,2.1584640289248127,0.5470831250354656,0
0.5533064554091024,0.868605744030377,0.1063021376223831,16.23485332950557,0.5942621409073227,0
0.5469136379668553,0.8687377139753854,0.14117743588176368,5.7989598621631595,0.5695800617250183,0
0.59063439777128,0.8687522251479637,0.10994318184866843,15.538181937911975,0.587940588073981,0
0.625844295481487,0.868965238849321,0.10528679542716612,15.98843829949379,0.5883835894281447,0
0.5874310711247663,0.8688426342121636,0.10351924161886554,40.2264371622247,0.6326098618703074,0
0.5457328850595333,0.8686082502856154,0.11161928733951128,28.61731591779591,0.5703006160670087,0
0.49216441165234764,0.8680361896150873,0.14331635449310234,4.255429045813432,0.5580263973687031,0
0.5433705914993713,0.8686421276631746,0.14773327294674674,7.918796761249262,0.5866863088603134,0
0.5300368781669587,0.8687825894403343,0.0943681029976426,64.66256702010656,0.5872291335578014,0
0.5564638733849807,0.868660811332064,0.11572142068337248,14.561586401269249,0.6012805776382006,0
0.5692681789168187,0.8687057832735731,0.11704094329587755,15.79314650429669,0.640365427314897,0
0.36117983416018035,0.8680011209971513,0.13497108437479874,9.904384442001309,0.5505317204140919,0
0.5196124530356471,0.8686460769033054,0.11691957935136772,14.820836607646424,0.5747418606754203,0
0.45427108008382633,0.8679670838573443,0.17586686350771363,4.422816345296978,0.5586566019776193,0
0.5408415350540307,0.868583922997462,0.15423113467668112,6.477870889484615,0.5341151721389583,0
0.4893158752355589,0.868373058719508,0.12312710232439118,14.550648734154707,0.5682491246847231,0
0.5327502557002364,0.8686426676827003,0.10448854948744934,41.5379376891682,0.6034573655534138,0
0.5966234669962677,0.8687760183991844,0.1081094408550614,18.877127082837916,0.5631004511720245,0
0.5433745759851067,0.8684733558973763,0.13909424018341388,13.764719936460278,0.5792858719842083,0
0.6271681062698861,0.8687377995337227,0.10484421681343543,42.48995824319647,0.612743970151457,0
0.6757282240141693,0.8690843164112237,0.10943270820731588,18.55180750790409,0.643650072254828,0
0.5461907776559064,0.8686979300648586,0.1064426685358499,28.431253461869353,0.6066717560007047,0
0.5371778663496712,0.8689377168425784,0.1108997678503597,21.711887713081115,0.572546324251522,0
0.522587717870845,0.8685768087137017,0.1353772319160007,7.9997865556191385,0.5601400122046251,0
0.519458715785999,0.8685889992528919,0.1076647257053855,20.837724555407767,0.5636220393528126,0
0.5436811844401944,0.8687123321043607,0.10212147493568531,31.416529779034466,0.5861672407580106,0
0.4983255036835493,0.868312027368466,0.11024727457938459,12.187948529753756,0.5531023044737536,0
0.5818842350574934,0.8687417582704503,0.1310379946950644,13.198033532164416,0.6115246690319397,0
0.568504046619946,0.8687301735803242,0.1095303265996377,16.384349071200507,0.5951222605732807,0
0.590829532372131,0.8688550065614254,0.10896577585142843,26.885605070294957,0.6770951127941053,0
0.557781730510585,0.8686290998371664,0.09967537515447768,56.655068973139905,0.5865628452084337,0
0.5181575888061787,0.868404605529025,0.1276975193564892,6.796262686629529,0.5441329742380047,0
0.5496959868156054,0.8686190919279922,0.10646426864161058,20.869698772259508,0.5847977747657632,0
0.558664104953005,0.8688871772055436,0.0969482867421877,61.17830922945853,0.6217790082456306,0
0.5491464254911587,0.8687095122059594,0.1345197800284528,7.1122772299414025,0.5705529868200463,0
0.5342454303632663,0.8686098248143027,0.10543770747411486,39.17456885542286,0.5362894262459584,0
0.4864536633842693,0.868441226822898,0.10688570256732739,24.39559332060656,0.433389656446719,0
0.5194850265167946,0.8685721797781705,0.1104327548923059,28.90891595401751,0.580515590739585,0
0.5904366244427517,0.8688441597510256,0.09906489721335654,65.46156423658094,0.7594653986297774,0
0.5041920282147564,0.8684418337838903,0.17367056303463824,3.769799159066966,0.555760587875331,0
0.42602041667987867,0.8681819641845321,0.2248053021207734,3.656888726661522,0.5529157551259654,0
0.482423037613835,0.8684397477852638,0.10451024101052374,33.45856459551978,0.6052037896088127,0
0.5753303138950767,0.8687859248533014,0.10623705626558526,27.789991918827027,0.5562476381379146,0
0.5720203180181087,0.8688507667959436,0.10758905639580603,31.96344377543739,0.585728927094665,0
0.4591544359527133,0.8682172335204957,0.09753568704248237,50.01020866671694,0.470345719976907,0
0.5621100699786233,0.8687345100698227,0.11798877456352308,23.32928017928301,0.627368521203772,0
0.5218842140644083,0.8686068784255534,0.10791390428850356,32.11060450557759,0.569043418777906,0
0.6016576128985717,0.868629984156367,0.14727706211135477,10.203729192692055,0.5521379831335658,0
0.5672242897889069,0.8687516699733168,0.11524928583197956,19.189955148789537,0.5810229114123553,0
0.5576930778409114,0.8687216573285409,0.10994357244827924,47.51924562236237,0.5889458322135123,0
0.4951956829946937,0.8685134327138151,0.17471159586892857,7.780724772400121,0.5749550210132056,0
0.5860904735382414,0.8686687565694621,0.11060619272546988,22.811325810831647,0.5704863773949147,0
0.5373587967272057,0.868610047941527,0.12723457764496696,18.009236388700597,0.6001003523592537,0
0.5178187180277664,0.8685725035840081,0.12289186751251364,18.36509295944154,0.5708780404240347,0
0.5152563901086173,0.8684661212195093,0.11719463284264871,12.96399528764751,0.5841390516053456,0
0.5430367708480397,0.8685525909869,0.12191085935584149,9.356061843652853,0.5660492242240973,0
0.50081614030793,0.8686116555186301,0.10501703119065126,40.42715558425798,0.532298297701724,0
0.5067983392369736,0.8685267742528574,0.14862349101953473,7.591427882357449,0.6070704923348247,0
0.3825441054175367,0.868059891214759,0.1770864351867757,5.2541972134941535,0.6009416121852901,0
0.561014429028124,0.8687441653638244,0.10924780145869732,24.81486595162975,0.495793515076977,0
0.5774333549589495,0.8686145155197066,0.12454705554428193,13.839934638313661,0.5642891041931747,0
0.5305379804781477,0.8681616578994381,0.15763118416288405,3.734779438565589,0.5721678794164059,0
0.597213257788675,0.868719314573681,0.12283680993084357,15.859680953131386,0.5913598617226893,0
0.471919932929481,0.8682250835777551,0.09361217183461361,173.00514143560756,0.4984268123643223,0
0.5156971925422333,0.8685622783543128,0.14939417866055216,5.7687346992165836,0.5568704728032173,0
0.5760987735517786,0.8687346544696043,0.10551348318922399,32.55403889846738,0.565551789847897,0
0.6079216450175017,0.8688537839063507,0.09999708922951034,63.13433031723159,0.6824487301008304,0
0.4411372591099673,0.8682572873875093,0.10273374874667131,49.6663913678826,0.526779589520954,0
0.5109855471649946,0.8684244024757376,0.10878101146991653,10.218937340072847,0.5562555397852537,0
0.5581283549631489,0.8686873875367617,0.11286307412393588,22.23299856917824,0.566164249142145,0
0.5251222249176206,0.8685771959189227,0.10249725977309972,48.89184785627981,0.587635496397947,0
0.5602118070121703,0.8686418928587326,0.11504054630897241,25.979837069809808,0.5782454746602651,0
0.644588233219081,0.8686774254616244,0.12628790107686141,14.462329747141617,0.5929110559302614,0
0.546365012763859,0.8685745027502407,0.12607379456935014,14.874062347762695,0.5267446656040363,0
0.5724708511352189,0.8688383046329834,0.10171330808353159,55.79190636657369,0.5689470077158777,0
0.5872574434875086,0.8687154076647206,0.09742910168856071,39.89880054860198,0.5936097561358576,0
0.5799274691021643,0.8687072666259836,0.1290917754185201,13.148051134132187,0.5791061753579226,0
0.3949458575148614,0.8681800876087009,0.10054356121989194,52.65651000196295,0.4638795253383483,0
0.5350788370994214,0.8686108829316431,0.1017022006135252,41.931667365673746,0.5407829350282803,0
0.5128667291594456,0.8690939250222613,0.10462907861970148,8.316361051103602,0.5823356106597773,0
0.660218113013718,0.8688792276068273,0.11293948674889513,26.822570079467262,0.657608507798655,0
0.6283944410312278,0.8688280396024917,0.10783807653018279,35.901907100115274,0.6747486993625177,0
0.6951506620203624,0.8687838535698003,0.143016583191665,12.583996572081624,0.5822274760828413,0
0.5748597952809473,0.8686303545718613,0.1410931782083252,10.968910915534014,0.5367420492662623,0
0.6489274767680816,0.868636692591959,0.12702006631017218,12.823718288490694,0.593465409351749,0
0.5954400895347159,0.8686702399299576,0.1364932325544885,12.387913688435605,0.64902368336501,0
0.5745163755207253,0.8687434586457984,0.09689487248742613,59.16901502491436,0.6958686315188191,0
0.524409375851767,0.8685931618201607,0.11673307503630274,20.272923365521315,0.466672453161921,0
0.48710586285312335,0.8681973902577069,0.1735576429390997,2.4518841314039337,0.5657258298934237,0
0.553978623323436,0.8686187631829766,0.15429680018878808,9.439321451535568,0.581162233902427,0
0.5668525496458073,0.8687182062528382,0.13748494823300697,10.617401502101592,0.567338933511281,0
0.4890825402527357,0.8684382706681223,0.12385347045619395,13.048741914687577,0.5678125210525754,0
0.5466062415586267,0.8685881436121315,0.1301368602380571,10.511150881268145,0.5659384110408506,0
0.5693490313701703,0.8686760146414914,0.13336681562488154,9.349241681659908,0.6219801889476587,0
0.7179256945542024,0.8689041993738917,0.13181657160644952,14.47679477950336,0.757129480693512,0
0.5451136905553543,0.8685807227012163,0.1429335292202368,9.032507581886136,0.5651483965089723,0
0.598071546989676,0.8687485293654117,0.11020431368768092,27.9092043658933,0.6803870681997624,0
0.5937379545040787,0.8687643237944199,0.10473669772174414,43.02106051734124,0.615542221532731,0
0.5814091109504427,0.8686983725961767,0.11929281151011682,22.141040167783743,0.5582964514530183,0
0.5139060632610456,0.8685632929579383,0.1506055066825882,7.913380437534547,0.5390412838109092,0
0.6243908666872103,0.8686339356720517,0.14239358486755896,10.680751658382283,0.550402721758251,0
0.5716640703439052,0.868622882960364,0.1247934993355599,16.178516291016578,0.6012653091417031,0
0.5691772055902174,0.8685943704714867,0.13736903992959806,14.099675911827703,0.573951502715102,0
0.5622930403886467,0.8686504638087896,0.11170666167688996,19.39502962536545,0.6053504043929697,0
0.5192593132015767,0.8685354107473886,0.1184307634173996,21.529414488359315,0.594964489993335,0
0.5899419363744043,0.8685820437101862,0.1315188271867502,20.10445929527514,0.6395085200572413,0
0.42795958569292264,0.8683086890361075,0.13349341113749427,7.500555126943454,0.5616093047421954,0
0.5310326863632757,0.8685698584972936,0.10329329923333426,37.87535733002991,0.5654602333375273,0
0.47342732772858304,0.8681157543166186,0.10887851893753808,4.491437736515083,0.5545730857809937,0
0.49602675285870995,0.8684659186934356,0.14258573975128627,6.465402138759313,0.5556917381884293,0
0.5057544519610576,0.8685741546524697,0.09850888374253591,46.52412585219369,0.5900427083326453,0
0.47278263425228406,0.8682895777416654,0.13745008066349165,7.706281971938204,0.5463534952866037,0
0.5703665938913254,0.8690645763205366,0.0943681010753416,91.27228154095361,0.626675917389197,0
0.519459291029202,0.8685682851379474,0.13434609852532883,15.751136679593788,0.5624882184737511,0
0.5130330002536754,0.8685764518789,0.12005631827466297,10.404037693221985,0.575501839614331,0
0.3941430126538523,0.8672843362710659,0.1313922908796838,6.758584347870794,0.4939249831556293,0
0.5176242571523987,0.8681474304742163,0.11573204829242915,10.671013095298589,0.534284716495693,0
0.42836365176036034,0.8678828493347094,0.0997077890282687,58.81126857481368,0.36977051310591397,0
0.610248061488752,0.8688132359780004,0.10918269384882383,26.705579668918354,0.6115140432204283,0
0.5237996328872333,0.8686029004209571,0.1491077247137996,7.0403146280321875,0.5624772856170107,0
0.5431750665213914,0.8687388680168194,0.10845558604486387,41.80245276970337,0.6012296050110323,0
0.4990552660434064,0.8685016492831527,0.10929134451876377,21.00115872416135,0.571795506804331,0
0.5306401626099527,0.8686288773933276,0.10429505182952076,27.45166911626883,0.543805809702259,0
0.5477093531303303,0.8686195943510627,0.11462460017880814,16.393853385891045,0.575228062030125,0
0.5598472336890069,0.8686437080245798,0.13831739341628732,11.320861283487963,0.5927598371293183,0
0.500349896676882,0.8684729427038866,0.12166703174321558,8.22785775120816,0.5259088578799159,0
0.43126820725261833,0.8678540110985947,0.09615852345961828,47.533980532297704,0.464517289615279,0
0.5838461748786674,0.8688182124362284,0.10986731874602301,26.068948278356324,0.5956844510836894,0
0.5116589550648833,0.8685236330859466,0.13635327395687624,7.731719617594314,0.5747252011691836,0
0.514510019678472,0.868569330132951,0.11489800348065467,23.15620457862956,0.5704464518038846,0
0.503035951824588,0.868464981827083,0.10161687785388539,37.97848552667403,0.5770154651949326,0
0.534966994157298,0.8687063420405347,0.12574764460373886,12.27159087928987,0.56325610039034,0
0.615655947487757,0.8687806114121456,0.1432564612116327,8.497641714517501,0.6227194417316116,0
0.559807285227537,0.8686876201729244,0.10957378316497984,33.14251456340926,0.5839981915064333,0
0.5796708632145879,0.8687601778500861,0.12343976515931164,13.667752055668526,0.5973249130319387,0
0.5903891271609777,0.868842467880255,0.1224791885434946,11.760835039210667,0.6011765522486847,0
0.567255268803201,0.8687457978212717,0.11203330139865227,16.36180682287668,0.583840990572925,0
0.6473501751560677,0.8688130108363126,0.11862945882019295,17.066182662944637,0.5891154173895342,0
0.46880689284593063,0.8679895400414046,0.15806708783741993,3.6698424468550055,0.5660507646938914,0
0.4447158820292043,0.8683511800967003,0.11331083068856333,21.6538546972971,0.5668263677588733,0
0.57515166145006,0.8686712672302667,0.11733854272443085,19.363763922471456,0.6173891643660833,0
0.5687368152264126,0.86868100541238,0.1071560261559034,34.977740186922645,0.5799237865290691,0
0.5159696077546316,0.8685643441043917,0.11868443374953563,12.98728974611648,0.5513334918056559,0
0.5592811209216694,0.8686811591231752,0.10712374406995036,34.33617758053817,0.595619764972276,0
0.6020964432852883,0.8688632901816313,0.10152002562851603,30.539545016340806,0.5721692049057087,0
0.5889011408895867,0.868772175221873,0.11050864614828304,26.657979875866463,0.5919686885653543,0
0.49491882918918567,0.8685313364815047,0.15055520130336206,10.552260074242382,0.557412329068735,0
0.5412362160868227,0.8685863023859787,0.11042166644470185,16.370871880103053,0.5849548881451807,0
0.5095530149320759,0.868543334884516,0.12953415483083855,14.24127803101258,0.525148398097723,0
0.551656411363027,0.8686029859528873,0.14222673762807778,6.9937692263006666,0.5699725179839293,0
0.5495188996257759,0.8686138171700937,0.15833526715589288,5.959001292346608,0.5636643317613413,0
0.557697257211553,0.8685679613229488,0.14059547265074537,7.147270036320345,0.5667775748985977,0
0.44925018096920066,0.8682883547189854,0.10207805086428323,39.33471157521303,0.5711994959707913,0
0.5548206443468123,0.868693496994288,0.12061150283623673,13.26290135744916,0.5805592011887284,0
0.44508731391632,0.8683225264456227,0.11021506226942852,24.818546276419138,0.570221081180577,0
0.46917682789538934,0.868375102792013,0.1182314650801027,19.684659604207695,0.5776241278754924,0
0.5438103355284171,0.8686363300441724,0.1156991533893173,18.933644403549568,0.582218393200455,0
0.596457352371326,0.868588809425998,0.13868227377593698,10.704273991766577,0.5080802977681868,0
0.6173556727408106,0.868610751614156,0.13544610032003104,11.378474121490157,0.5630881273417083,0
0.5877953733143473,0.8686054053804964,0.13448449164040302,7.690304065171258,0.5237284974692573,0
0.4087456409906917,0.8683992117055617,0.1700964211532975,3.3615389709514782,0.5797743181574233,1
0.5657809947019673,0.8686626390324014,0.15464544714860914,8.797056537218168,0.6073868490657409,0
0.4866381972687887,0.8685979698621223,0.1315304623790313,9.738664021837739,0.5687143323859867,0
0.5456417837185726,0.8685948460137617,0.1480048956733093,7.736026566698077,0.5260754792448981,0
0.5782717722665787,0.8686476593026909,0.1286946053285193,7.598712352930356,0.5558497826784466,0
0.6023379410840918,0.8686651224054237,0.16492845328129024,8.274858065927246,0.5795378420004247,0
0.542215722809124,0.86862189552811,0.14554185955413276,16.00406629102285,0.5758235928244737,0
0.5501863668796366,0.8686444101775327,0.134983177103326,6.181880445289442,0.5586956790151573,0
0.5548831748946877,0.8686098751394367,0.14220133730115028,11.050815927168172,0.5770211981926683,0
0.568163991980344,0.8685991398133153,0.13520247785720277,11.468064761745078,0.580233919230147,0
0.6506836462507146,0.8688247980897273,0.10582626316915317,33.1118139379654,0.6144776465882577,0
0.4815532331561447,0.8684599991548975,0.13672622852813296,6.561919585526519,0.5463025755702147,0
0.482598178449885,0.8684928723864292,0.13227377435355625,6.273187115922296,0.5764472565481246,0
0.439579516306825,0.868365212679581,0.14090307264936514,10.704483575816754,0.5060982968931301,0
0.5555115030172444,0.8686444417947153,0.12349479437161164,10.808240028127054,0.5666701229842049,0
0.6116632706950254,0.868687804741476,0.12085531462294696,14.354262438546952,0.618499479907305,0
0.5894381686316607,0.8686626932933791,0.14446149600890212,9.016843309448301,0.6021189379350883,0
0.6341467181872217,0.8686680269694858,0.1205118836462243,14.41812698124987,0.5583089774432813,0
0.6094526382450707,0.8686735817856474,0.12421069505597482,13.11451358353859,0.603587642912335,0
0.5749881508304,0.8686295047298463,0.14114037169998975,8.613216087668999,0.5746570879017867,0
0.5384165430354253,0.8686343675867353,0.11135798863507744,19.619252940711036,0.5798059246593444,0
0.638972557938916,0.8688090213244709,0.12345032121556589,11.05085481133502,0.5621740940667267,0
0.5585709383562683,0.868628571119828,0.11939237213828928,20.26456849259243,0.594200522702817,0
0.47098827600338566,0.8684811331621297,0.14960531233568064,8.345136486392974,0.542180564697133,0
0.5036707919475266,0.8685407654462183,0.12675035536388535,21.778384618400406,0.567266399405092,0
0.5490926472590018,0.868753493205188,0.10623695452251726,17.51238775188553,0.555958108713844,0
0.5495928714025501,0.8686143161659063,0.13047971626237503,7.551132737626973,0.5864097862618634,0
0.5445529185868699,0.8685809459614,0.15005467382221715,7.443039709298266,0.5829580083192106,0
0.5743526217146863,0.8687054811430649,0.12137713760541545,10.013954946413527,0.5746173850812227,0
0.5696793764660396,0.8686026211215002,0.12620902283218044,9.6713805275283,0.5442708066322887,0
0.5858359771695837,0.8688772774405313,0.10619362596654551,38.40327872124609,0.632985034247869,0
0.5940450959357944,0.8688037783225777,0.11410950520507294,18.8011606369953,0.5517858203538967,0
0.538778569480177,0.8685652641027097,0.15009157237968873,7.4345049879110165,0.5679744669719401,0
0.5665694707188756,0.868621382938362,0.14761006353985442,11.43178490949682,0.557121073263116,0
0.5566985172157783,0.8686252574505153,0.12866069304550196,14.923694578517727,0.5870064146102076,0
0.5787465014384456,0.8687161840432104,0.11410997529359107,15.924098077831472,0.6245913632000347,0
0.6008018060971904,0.8686207863162246,0.14697151842276246,8.499508337986903,0.5562604211633789,0
0.6689245004394647,0.8688878684176813,0.10737232971364796,19.004865309560035,0.5530432786755353,0
0.552654700710943,0.8685994076177166,0.1289100648602254,14.399156325620408,0.5570896181417587,0
0.556378823561528,0.8686292329387024,0.15634994756721388,7.7837713332381915,0.548898968901099,0
0.5547382326851693,0.8685851990703309,0.15580097435730902,9.749477579837796,0.5298988032966814,0
0.5596444864867695,0.8686287258236823,0.1173825254424628,17.17370523041137,0.5953993958820623,0
0.5644852377162236,0.8686607672168446,0.12038949228924983,21.6113474869744,0.5767485142229899,0
0.7913893483781776,0.8689933133811003,0.12805994813819768,9.497497446174119,0.6254475951009026,0
0.592799380977134,0.8689425589279524,0.10853227639377462,67.73153105392903,0.6804303744565896,0
0.580494010952962,0.868597484950078,0.23985400221797928,4.366965152506418,0.718841448181066,0
0.5291130097251933,0.8685938013562824,0.1327682790304654,12.647301344470947,0.5402719735789544,0
0.5297539611036983,0.8685843101530878,0.16380827620961802,5.708283382712796,0.5657991260907144,0
0.544584577552666,0.8685904763377469,0.15116003512878928,8.872629896509393,0.59442603929734,0
0.5270981285375403,0.8685648821932744,0.14825255578419552,9.176525783867085,0.5679066134817926,0
0.5318583031345107,0.8685867351365214,0.1488706748495365,7.363877053522858,0.5344803769348446,0
0.586857252264705,0.8687800810619767,0.1458705197594419,6.038436337944989,0.578472075727043,0
0.56262498883497,0.8686091718822087,0.12969352544003868,12.439685209591408,0.571941161400806,0
0.6042779799508513,0.8686180057668264,0.1571530418233145,8.473999005037447,0.5197683170526516,0
0.5571670659991983,0.8686102737533968,0.13372325889605652,11.839228388917535,0.6157010559295594,0
0.532779685350645,0.8685674561858988,0.1593939512355613,8.231712335016146,0.5031886432277214,0
0.6521645846420583,0.8688505406697377,0.11101995537542457,28.696939367532604,0.6025761135759663,0
0.6247643785943627,0.86872448662103,0.12891017632502175,10.598018037498301,0.5930638886909884,0
0.592137287896911,0.8686747908192656,0.15491587160790518,6.776938594028399,0.568573618775796,0
0.5620026432465233,0.868636479177845,0.137158774464979,11.310897798693999,0.5252309774578287,0
0.5636835938260859,0.8686952369255736,0.12480454004749368,14.15929748564637,0.5281935886100303,0
0.6547757345074223,0.8689005482191733,0.12315955481394582,12.930921323984718,0.5756600030450344,0
0.5449091607385963,0.8685682819935256,0.15775075277685283,8.631007711847367,0.52891851531291,0
0.5669336080468513,0.8686740925394206,0.12257982519056897,16.78036634008713,0.5616692642613653,0
0.6035627566329417,0.8686453893480532,0.1613829329820563,8.060235500095152,0.5804873878911759,0
0.585500437280428,0.8687428284134681,0.12854723232040344,13.785877463269044,0.5440017106139966,0
0.5260766594722347,0.8685996419050707,0.1480906526421719,7.847716100988215,0.5394195786562794,0
0.487948345690482,0.868487525424286,0.12370732110498288,13.264320672480608,0.47058390938581,0
0.604308124861275,0.868698233672466,0.14393092041616046,9.034140836249675,0.5942297832889184,0
0.5612455327368843,0.8686229771617873,0.1258046489536571,14.934789511538598,0.5351425005145739,0
0.6021255121487883,0.8686864243379743,0.14894482720657465,9.286800020474091,0.5792384141429587,0
0.5539971284566624,0.8685688486786116,0.14221356520138256,8.602263595931415,0.5432314091303463,0
0.495151965486037,0.8684908411802881,0.13617904728306943,12.781221597844707,0.562186278914539,0
0.5854718836848077,0.8689144589253219,0.1392230227783462,7.665078856273225,0.5755433637828711,0
0.6253407830521126,0.8688360549678853,0.12358484666140006,11.233253518612727,0.5751937905796779,0
0.47440309564287436,0.8684279056472931,0.1402395696049031,7.952787600014808,0.5924585372140313,0
0.590465873851535,0.8686464186741526,0.1503922709428678,8.407818585894391,0.592099937840859,0
0.5263609605679413,0.8685744556870163,0.1166228381573647,13.20576646083155,0.5628619473152897,0
0.4265832205543007,0.8679510200763451,0.130524712672228,11.82966598239041,0.49454055128245833,0
0.5254980501867843,0.8685623985366323,0.1258598386891078,7.954050636617494,0.548581457496295,0
0.5988641100581263,0.868736511563701,0.10597789648233737,26.74287128615163,0.5807663068287243,0
0.5083966873250113,0.8685209578528537,0.18301097627371452,6.0179736412559475,0.533819373821635,0
0.43677770971417,0.8683356535592089,0.13954175213298556,6.083592032485663,0.554103523984207,0
0.4859843166039303,0.8685312256953376,0.1783263978436068,6.835546722691521,0.5553572479170577,1
0.5839887495651798,0.8687692617887306,0.13211364194887462,7.922765582518085,0.5581435508823404,0
0.5513725706007127,0.8686091224013729,0.14229761918807804,9.386328355820924,0.5577643378140893,0
0.47207055914055096,0.8684028395384461,0.13566798167235686,2.4938231700320443,0.5625717246377809,0
0.570815129579377,0.8686315283315125,0.14505596366779094,9.091522700279562,0.5837725495799093,0
0.5450502429793314,0.8685998465164904,0.1415691714722809,12.181898443965279,0.5748225122378853,0
0.5136574117219089,0.868565084393684,0.13248072173738376,10.487007607748549,0.5780090628732973,0
0.5353483742616666,0.8685846154144455,0.13869299943997745,12.654177621939708,0.5351061028015017,0
0.46641708357896833,0.8685082872464586,0.1464803908933662,8.930335853688472,0.5422131064788833,0
0.5300080663881289,0.8685997191730758,0.14417136639224998,7.917130054371816,0.5739630137697643,0
0.5291108912231434,0.8685710553575884,0.16132843350179535,8.485756958447348,0.5487355473966372,0
0.5556201172621187,0.8686541699614704,0.14161781850992958,7.321054136921201,0.5606982762706963,0
0.4135129341974653,0.8684038159509807,0.12358488825761173,12.759707996455761,0.5767200192273637,0
0.4815455113761864,0.8684869494266146,0.13302046823936856,12.299740950124917,0.5394077107095557,0
0.46924042369786373,0.868474053488717,0.1378017776997331,8.343086660320784,0.5739076933248074,0
0.5639659108926903,0.868645278429712,0.13498224681776205,12.984590962142134,0.5814844850104904,0
0.5299908547988316,0.8685958665129029,0.13710006882372464,7.973953394331546,0.563250540526636,0
0.5189703849951027,0.8685684355838426,0.14330562656286283,7.650505985446015,0.5671372728156586,0
0.5833667226964376,0.868738154695031,0.10429509392835244,26.628881060124268,0.5798059077138941,0
0.5439635250750684,0.868587126117851,0.15478790004465523,9.416428497594502,0.560757674373508,0
0.5417958881447067,0.8686065292983081,0.14459594664443806,6.187153845456671,0.563469882155633,0
0.60538818306668,0.868944045112286,0.11655644052491056,9.69070561724158,0.573890755791138,0
0.6044165472073684,0.8688815521000427,0.10607533562891457,23.31486485184695,0.583899692166124,0
0.5716758572786557,0.8687544757904847,0.11009512550539917,27.65318124901452,0.6210709505452464,0
0.539719745385889,0.868588225758354,0.15151265998522057,8.871930026929748,0.5706852250174427,0
0.5185677476302503,0.8685873337334099,0.11610621123554306,12.566791507259452,0.5585910109895263,0
0.572771805029495,0.8687791396738246,0.12183395123580605,20.148320753732868,0.5790145882858023,0
0.4507182375346394,0.86844423182629,0.12041184969997941,11.10553002243624,0.5398631775569104,0
0.5216927516549781,0.8685539954634756,0.17484241638038497,7.3192814446534396,0.5367403836410772,0
0.537894968098608,0.868652090768422,0.11931442602872554,9.641463506294839,0.5861875256235,0
0.469237629840259,0.8685064919589559,0.14779476616667644,8.674401274833835,0.5909507673049194,0
0.6891035550265494,0.8718790817574127,0.11394527861783647,62.59574998713634,0.6028071196702367,0
0.571801469488167,0.868826519538178,0.12829728417917222,11.00815206575857,0.585131218604804,0
0.5436555874556276,0.8685741540424011,0.14941951926167765,10.04081293728595,0.5558007902730603,0
0.5093803797353119,0.8685619709121939,0.15619240212390031,10.712221745991807,0.5742702049733673,0
0.5096220714461577,0.8685489909492311,0.1572328813271289,8.331747678546936,0.5564413718102686,0
0.5963062204616256,0.8687989829866393,0.1034328957366671,28.52915802580039,0.6021784607440136,0
0.40638378858753194,0.8684163816153161,0.17312601704095018,6.418570119912507,0.5411658353649976,0
0.5144023662753043,0.868587485616378,0.11192452340052465,15.172704206630893,0.55295364105126,0
0.5748215456328893,0.8686629166479253,0.1497174272988003,7.748447488722878,0.559855198756721,0
0.5349725041681878,0.8685947265336197,0.1571127885400877,8.138082036443654,0.5750628312609484,0
0.5227654170016414,0.868565989383043,0.1799879954354674,8.96123137337364,0.5222375408261857,0
0.5808585864720642,0.868716610507177,0.12161090403520187,12.839450631216303,0.5846263378070944,0
0.5209519724421457,0.8685815631284527,0.14112927454691945,8.526221071274687,0.5565840399231017,0
0.6457075862562807,0.8688468262107986,0.10294881746642122,31.112761710011902,0.6494557107721194,0
0.5561222960853699,0.8687992469727229,0.10442438412461347,44.79131089025804,0.6235744839958196,0
0.6313904090851673,0.8686855524186964,0.13641201989370258,18.496264522067108,0.6012757877639135,0
0.700724946054363,0.8687752796982077,0.11764662528969803,19.51578339687552,0.5965058099982566,0
0.5480037981348854,0.8686026403042683,0.13486724103898173,9.211433414164539,0.478312088930647,0
0.5496469469192445,0.8685764334625911,0.14336552399535646,9.5381684578924,0.5607514393589886,0
0.5238362445620327,0.8685881469801627,0.1293184846727068,14.7056348813029,0.5640861142579586,0
0.5811565557701924,0.868706908904652,0.1402635653185458,11.824239379169793,0.5805174652268743,0
0.5550837443017064,0.8686231973340753,0.17632154902875463,7.0609074177650655,0.5045956355612143,0
0.5662774649196957,0.868662400165695,0.12880731431714937,9.950876815667277,0.5641395742688357,0
0.5308989906971213,0.8685818783831972,0.13630719267495625,10.155579306634603,0.5934129425853576,0
0.5516615772767477,0.8686454006393053,0.1247267475676916,14.431630784919573,0.5894824475291603,0
0.642679162753413,0.8687196453103643,0.11659001597763087,22.88149611805172,0.6513399404542063,0
0.5476837744655746,0.8686130535976657,0.14207048866051938,10.621231871217327,0.5319587814073357,0
0.5901343196001013,0.8686379025029852,0.14449895518380285,9.55003161927857,0.5872155344980503,0
0.6049092500661247,0.8686832856636643,0.15212057558510098,10.584005990554946,0.5605741801803533,0
0.5807777272896638,0.868632312266694,0.13526140683367277,12.804661991463844,0.5113204057385003,0
0.6041598184376067,0.868801431533178,0.12052211214860642,21.771452403270874,0.6008976532001816,0
0.536568323106812,0.8685605775362307,0.17012827356165272,7.455210065803857,0.5254969975089631,0
0.7641957635539726,0.868791178595079,0.1301035432510432,11.309201912563594,0.5759804495460846,0
0.5926160849107319,0.8686703157506147,0.1632140362987343,8.353252471514262,0.5870321311242658,0
0.5441591164869587,0.8686191212745501,0.12284754414162789,19.304605413206268,0.5761999404690094,0
0.5749208044500316,0.8686899410337593,0.1298753044273974,14.137665966158233,0.5682980592998604,0
0.537692913657014,0.868601705474059,0.12379680022286516,17.767978303136758,0.6044803811282436,0
0.553534696451286,0.8686600625776647,0.14585784020229484,9.638689339220964,0.5805729492932843,0
0.38447310083547664,0.8680109509023781,0.13982550920782064,8.733395234263284,0.48212031864781735,0
0.52308488324453,0.8685662200834443,0.14213048228962535,6.663172930243412,0.537653035818536,0
0.5747223930627777,0.8686233934986863,0.1567716656170359,9.179555858882035,0.5633409233581713,0
0.5143984194150021,0.8685557515018244,0.15190414060775803,9.774233632498534,0.5854660845914733,0
0.43137099051281563,0.8684431070718963,0.287517806903761,9.376246996235771,0.5753035082756414,0
0.534132602329014,0.8686508574639954,0.1178017827071226,14.929532352296413,0.5860064531670163,0
0.5865019772969884,0.8687355679083316,0.13861086046388424,17.71091714676209,0.5680102774088424,0
0.5148496626018113,0.8685598342916726,0.10570798693133487,32.231559865169075,0.5666957085296873,0
0.5084268639552024,0.868547273601792,0.14494683863634714,17.281114532778428,0.5659724455642364,0
0.5018604047935886,0.8685422870653682,0.1328483384253917,14.36850923800452,0.6593939250806137,0
0.5982903788298783,0.8687901477952865,0.10739451988199117,37.486273638120956,0.594825452861136,0
0.6213334698918334,0.8688459758430906,0.1159413128548671,21.05578103914707,0.5599282468164133,0
0.5248246782443646,0.8685979587915664,0.12814999705293734,7.667266983139302,0.5682249891396813,0
0.6081431092383833,0.8686821791977154,0.13341187203609553,12.720382818441326,0.5752717739757064,0
0.5318041257544124,0.8686070662086883,0.1470695481484853,9.012773242202982,0.5679232846925176,0
0.5414502491710177,0.8686861671600283,0.10859708962269428,16.519222000494764,0.48501105761417634,0
0.473950007612141,0.868523588406211,0.17783674050430442,8.354781129716555,0.555242282586434,0
0.6960763843805227,0.8690584215098601,0.11379256967814726,29.945296424243466,0.645583762379522,0
0.5306607099170223,0.8685830474045223,0.16241985236478687,8.397491873233106,0.5383801988250387,0
0.5964640788576431,0.8687938677589487,0.1251976228850889,12.868477188175296,0.6070617613168846,0
0.537364294348896,0.8685896556698207,0.15015471635780656,7.186743626007264,0.5804442570156186,0
0.566127601130127,0.8687260663849959,0.14686196343744554,9.870812205235907,0.651137629690536,0
0.4914021214375917,0.8685079446162968,0.1540242945919674,14.210533252842417,0.5168383248301517,0
0.6146260001137124,0.868773020544635,0.11463568675922291,25.358394911647782,0.6139154126396497,0
0.46864728820455337,0.868458485001649,0.1584683929984023,9.885514309398797,0.5629450826814227,0
0.4400410077572327,0.8679455023494334,0.14609128405951122,6.43141031993337,0.6240227091768911,0
0.5502501171677779,0.8686221321750663,0.13473956282791236,12.035162555741026,0.5826480139996341,0
0.5365344089119374,0.8687311793591439,0.10723181792178449,17.10195636205322,0.512418019016453,0
0.6305726309541243,0.8688847289106293,0.1147777600148688,17.53005641712537,0.5717318856627523,0
0.5803722867305263,0.8686086198490567,0.14228507811595928,7.843308620490293,0.5677361534180417,0
0.561988021729881,0.8686088151792523,0.1355039766648594,13.380520069543119,0.5216555813832247,0
0.6139986175074287,0.8687682887181656,0.11323408120024026,21.656388683425572,0.6083622781533257,0
0.6365128602748866,0.8687997681891743,0.12556847579666022,25.031804925404256,0.556403120944319,0
0.701005161071392,0.8689179149791922,0.11942575702088458,17.30963555278614,0.6150462099573987,0
0.5568666092570588,0.868620081759687,0.12289248234235645,11.70628301219657,0.6473896999566381,0
0.57024695944555,0.8686454555161682,0.12348377399374184,11.273555434398357,0.589467377557402,0
0.5552991771305277,0.868650567765444,0.14057163566801636,8.231810530668598,0.561054633933492,0
0.5342037586385883,0.868605909205324,0.14172383719144852,8.84329070968067,0.571590462931987,0
0.5181969429264482,0.8685703615112242,0.14940472703862498,7.524928598970007,0.5569518849521197,0
0.6425399708880163,0.8686692181755514,0.13198862237682266,14.225230494378605,0.5846285102333296,0
0.44829013462693795,0.8685306840723787,0.17568733014113078,5.266269623254167,0.535702211922792,0
0.42937909468562135,0.868296223471182,0.16445857533844252,8.925603524137955,0.5577524005558384,1
0.5703285185874777,0.8687955154824266,0.12729128434690173,16.75699003571841,0.5750389828695254,0
0.55041219279244,0.8686134439686212,0.13436948082880937,9.665436062661435,0.5739065678021676,0
0.512336089234101,0.8685146696290277,0.13015971650127614,1.4509490510030156,0.5424382706249663,0
0.5630945414752186,0.868634421320043,0.1481783849977584,8.444921001198557,0.5794091977905363,0
0.537640328423354,0.8685891620719103,0.15051812691707986,8.122845746829828,0.5798217737255554,0
0.4793617604834057,0.8685246746210148,0.13071807681252215,10.778140044646516,0.5485477874765087,0
0.5559627533198483,0.8686168108944856,0.12615287919684542,10.793102020516534,0.5518482387430094,0
0.3345889959702683,0.8683460008474686,0.18266758174978417,5.366757632979665,0.552919274621516,0
0.5394992416235246,0.8686013537385633,0.139612252065582,8.464481941877246,0.5308698744589263,0
0.5435038355116056,0.8685798670112533,0.15240039443133857,9.447239330550396,0.5628042415064164,0
0.5455427241782149,0.8686086179474181,0.15279407597808498,6.666704600469982,0.5573302476288801,0
0.434717877736408,0.8682803497955153,0.1136722260983994,17.453586394428868,0.548710654647052,0
0.4895985938204707,0.86854729565508,0.13284896892904183,12.144863287708754,0.5580598282288627,0
0.4296991884653723,0.8683997353877749,0.14183230359677346,7.774460633581893,0.515691719830289,0
0.5654153089876653,0.8686506058169746,0.13415013526239428,11.493886796469205,0.5835758755614143,0
0.5080955703486834,0.8685596246991961,0.12414388810352021,11.413415883836596,0.5676338540413304,0
0.5195649218631117,0.8685687855462246,0.1449829688136104,7.660769194690863,0.5576056813864774,0
0.54663612226389,0.8686436837884269,0.10722071658021474,18.658048716871843,0.5536274118402703,0
0.5420866378012626,0.8685838267964127,0.15593004949537995,9.044920293475293,0.542890815919541,0
0.589059063556772,0.8686589832591519,0.12968185056723358,7.3766823514909,0.590809302741385,0
0.5897735305582189,0.868976788250817,0.10495226117161789,13.967146995176037,0.5443928421016143,0
0.6049534405678351,0.8688818130789974,0.10262660351822776,27.976174145286574,0.5706736524846633,0
0.5951639876620424,0.8688295487529009,0.10626931405603528,37.47263024991166,0.5486669106255659,0
0.5473905114299277,0.8686025230004524,0.139140935380321,11.929764148825484,0.5798989030658177,0
0.5101366875903857,0.8685588994555843,0.10716720923935284,16.025707100572273,0.5584916087576169,0
0.5765962745425323,0.8687794684607194,0.11856277174480567,16.46592594459818,0.5451069379735207,0
0.44457142283157136,0.8683762664962796,0.1367853844485061,7.101198708651232,0.5408947765112947,0
0.5226191022009563,0.8685595950724646,0.18702782210085686,7.282921255231755,0.5244890745752103,0
0.570322844754241,0.8687275083496767,0.11397860753546145,11.743690817855082,0.5770463905256235,0
0.4158314281028794,0.8684185466576214,0.14774551725707996,7.601297736198164,0.5707269376736697,0
0.7028055518857249,0.8732298583056197,0.09508197192033624,26.368935792480357,0.5580630861368767,0
0.5674647871369504,0.8688333786058697,0.12980742972061232,11.385946408528278,0.5831865798328798,0
0.5272562564702653,0.8685644868449364,0.1380955469916405,12.883863146208364,0.6234197538838187,0
0.526187138690038,0.8686043744946791,0.1448748483011729,15.62404337154186,0.5578029875506306,0
0.4878331580806523,0.8685273737880519,0.16612250780917123,8.212240064421037,0.5694979046654264,0
0.5971916756702499,0.8688214130824407,0.1053947894373769,25.80587616778784,0.582710230692243,0
0.4374851981226267,0.8683621623139793,0.1724414757606889,5.562247025103536,0.551889226577223,0
0.5126208193301793,0.8686437221164337,0.1136059644643276,17.722963646770772,0.5433365491980756,0
0.5826202230168593,0.8686777119600116,0.14574829100372125,10.663092611440353,0.611197041537058,0
0.526540045361256,0.8685757336839898,0.16069708306961508,7.262384368257988,0.5425780175164067,0
0.5292627103745677,0.8685711018651276,0.16918306172709519,9.945987753143735,0.5870367810247079,0
0.6280058761489123,0.8688017435893066,0.11456939612309712,14.993561315749131,0.5838187055434529,0
0.5299708804808826,0.8686093134019804,0.13718152867650338,10.586758293009721,0.561410225646417,0
0.5284632848912083,0.8686082645846169,0.10264788705941737,28.396848990241033,0.5379385993395412,0
0.529958949773259,0.8687029240477709,0.10513571305818135,38.47947965784227,0.5033565841560897,0
0.5979839609923543,0.868634551124785,0.13282512035078217,15.29711705215598,0.5652566478239457,0
0.701096346188514,0.8688007523646619,0.11589727321732783,18.874075600628583,0.5916208993969317,0
0.5329290168539903,0.868599407036347,0.1119352536697103,14.855222695139236,0.5882971957010543,0
0.5674625890964407,0.868585850081311,0.14692246719271895,9.837714275176857,0.5911742608969416,0
0.6734841239242823,0.8687640585493587,0.13774239311372727,11.549409356280647,0.5913808681095197,0
0.5322104300372811,0.8686114591891897,0.12575918657985607,13.509999895558646,0.5529992847009931,0
0.5591058181306083,0.8686167839744104,0.175903906324446,8.047263371130477,0.5747153019316754,0
0.5482887489132774,0.868641233125103,0.14148701862343568,8.45105750977461,0.598983555338589,0
0.46804455096152536,0.868464007623199,0.13560978671941035,8.823656896066119,0.5396062367187496,0
0.5427480391315976,0.8686512735552746,0.1164903241854861,19.03695748666079,0.5463557599851318,0
0.658382554115968,0.868761224120882,0.11829772855931882,13.00901528967881,0.5946376115500364,0
0.530312650856206,0.868601120774076,0.12940919871676226,9.631541338364618,0.5189667369916413,0
0.5528533141320949,0.868601799459071,0.13567922706966018,10.974346689778647,0.5611246195458673,0
0.6152315124496462,0.8686866589401201,0.13544715216467568,11.619050047518465,0.5529870020119797,0
0.5731380417116321,0.8686217593481693,0.14514166127238515,10.101643130728188,0.5767482239789984,0
0.6026599935736243,0.868834165485052,0.11804435434967057,20.69605632354736,0.5517567590159663,0
0.523895156543256,0.8685568224542947,0.18500267158396522,7.895132082165076,0.521817237613837,0
0.722175680308256,0.8687669518705476,0.11304852248080825,25.242974946279876,0.665147616908408,0
0.617606847415662,0.8687166993098874,0.13739138533917364,14.646206354873563,0.5617744283404846,0
0.6247424605053203,0.86865041858253,0.14504374546062868,11.959596088626688,0.6525805156783063,0
0.646042896745759,0.8689917870833144,0.12093274139825753,9.904614983236469,0.6067064654910533,0
0.5839281827382803,0.8686520250138333,0.12350653291622656,16.290279606888596,0.5392340640329727,0
0.5763971295754521,0.868754331702974,0.12370778732685465,12.07004241604745,0.5480448523376314,0
0.5508362536104899,0.8686614912411911,0.1382471671756962,14.528234779224585,0.569720229758627,0
0.5377644638411256,0.8686256486198239,0.13663296594969576,12.269114242779082,0.544174394657186,0
0.5172940660012744,0.8685660697771099,0.1413557309354783,6.549398109348942,0.571515766278813,0
0.5760948815346246,0.868637034641144,0.1338043579184351,10.121302277582094,0.573737902287674,0
0.502967306847647,0.8685527880130545,0.1401215949030796,11.675900992900472,0.5924092822456076,0
0.4540401078785807,0.8684752894938814,0.488560594334898,8.942611098467603,0.5309579791083843,0
0.561546611709285,0.8687319231303197,0.11334374775324785,19.865183100936843,0.5853067630061094,0
0.599811163582025,0.868756511500699,0.13465963552283675,11.6464152647235,0.581573396506534,0
0.453692871601334,0.8684563981902884,0.09864813803441645,77.69603439204758,0.6473910593454647,0
0.5075839182267103,0.8685521315123687,0.1358524364341053,19.176020785238197,0.5666020385751444,0
0.6429866244435659,0.8687322820625173,0.13207881621144935,16.047910792913072,0.6612875102071007,0
0.597938557305,0.8687391371734456,0.12333858515804041,15.754353493091829,0.48645245813470467,0
0.6548760677367217,0.868864458125089,0.10944346684587151,19.003250950121757,0.6169952497350341,0
0.524056636350822,0.8685910706707967,0.1274267754865542,7.761475243688116,0.5421281251892613,0
0.6014483523067006,0.8686753784939908,0.13232081565057083,13.231936064154736,0.564028249275709,0
0.549228359472462,0.8686319276355617,0.14617602521364484,7.583039271477958,0.5589338684464856,0
0.6105859469377707,0.8688462768320703,0.10745913860800453,19.893596054091784,0.6043312629982446,0
0.44882281241847305,0.8684823135011133,0.16701147036057987,9.157842026511222,0.5776537436032687,0
0.6489015931703225,0.8689947667882754,0.11405533804326717,28.5583364249999,0.5262597713964347,0
0.5311881688143286,0.8685807180657302,0.1624347641496675,8.617048390974126,0.5714554175537266,0
0.5895031303543954,0.8687561221114359,0.11436112258387839,17.715466702756874,0.5844495938512774,0
0.468302005808572,0.8684740377041383,0.14528613784122843,8.147111640409749,0.5582910225812133,0
0.5545583762749037,0.8686759009610431,0.1380129925737241,20.48156240893452,0.531907674201169,0
0.506466608149983,0.8685350307275032,0.13384943829007243,11.021701983259506,0.6145459948888691,0
0.644806671866899,0.8688223862961938,0.1114991090357594,22.27389579373048,0.6333951014401141,0
0.45744073829158266,0.8684180791123636,0.16537507965916579,6.634728294329053,0.560959754743244,0
0.537559359076571,0.868692904461874,0.10936759654782474,16.928399598470374,0.5277150013600417,0
0.5331625261228816,0.8685901723955665,0.13272172966168863,10.933352557532329,0.5732992927477026,0
0.5223249297274853,0.8686224348814177,0.09963257006835136,37.96827047422739,0.5707294934335483,0
0.6535654034195814,0.8689313910066514,0.11121556858270974,23.515506085804226,0.6389852718933127,0
0.569986724643884,0.8686318693453677,0.136492671703385,9.638166759541384,0.572438829096842,0
0.523891743745173,0.8685667105244509,0.12502925951313026,13.597316406572352,0.5871859693815095,0
0.6324621582317606,0.8688209897629348,0.10699430891632633,24.826991476747953,0.588343811717821,0
0.6884867758972666,0.868897961534756,0.1270771598795441,22.108346535066485,0.563509849205365,0
0.6769640188901526,0.8689022471047747,0.119148714929265,16.55269271733778,0.6178200586831416,0
0.6396636337029137,0.8687603304657053,0.12300385228094977,10.956172792096122,0.5974093714273304,0
0.575684915877605,0.8686535782839983,0.12624284000098154,10.828546613902231,0.5921743695006584,0
0.5883439253211874,0.8686913598529663,0.12765307822262636,10.086639036882975,0.5795402097899583,0
0.5167138975656748,0.8685674256729904,0.1385758348071612,9.054463540306813,0.5591731111133367,0
0.5281863180182806,0.8685952967153256,0.145980757842739,8.608756538243117,0.579048981714459,0
0.6342777093157983,0.8686629008670597,0.1466761930166132,10.622723727937123,0.5930594016487784,0
0.5111577602648627,0.868553925890177,0.1620449808548788,5.615487739509839,0.55037523675261,0
0.5153284047724841,0.8685623509985906,0.14077278921808203,4.756440631119746,0.5230679153715393,1
0.42092600458313895,0.8684119973472123,0.1698069165299764,7.927093375863284,0.5073043820211437,1
0.537055845699278,0.868697018568518,0.1311528762319197,6.487332364588912,0.5549258984779181,0
0.5451023813958393,0.8686025105682047,0.14389391253884556,6.789035982325888,0.5302508067705071,0
0.508861818893524,0.8685195755326967,0.10937809565591333,6.186684962750913,0.5569818509929271,0
0.5568210702105373,0.8686368431289354,0.140239027194221,8.069750620471492,0.574348224672461,0
0.5531294318082883,0.8685937304259936,0.1461385046177018,9.89246543794328,0.564679690634313,0
0.5149093633927547,0.8685595734059657,0.13259577960787472,12.535632124617091,0.5838186356693761,0
0.5227411860536194,0.868568851521926,0.1711890996073596,7.135063139367156,0.5112847628084277,0
0.5425486052391,0.8685972507596847,0.14903364644029948,7.545513540645586,0.5520642565248847,0
0.5419832878361049,0.8685784044854397,0.15504607907595006,8.943223960683103,0.5719570280796763,0
0.554759953660169,0.8686054491255754,0.1420239271450933,8.460780922580183,0.5605786570413,0
0.40632938830423565,0.8682394440880907,0.12640015841739474,9.631708202236,0.5316636647986773,0
0.5550559565087096,0.8686343904101563,0.12863775792385523,14.05329774782513,0.562754248565425,0
0.5090664499496756,0.8685486000949426,0.13883489167819765,7.966116880060158,0.5766098013936717,0
0.5942552032662514,0.868693875553583,0.12786717058182667,12.129681794424112,0.5516079869473793,0
0.5349268884862446,0.8686041834606703,0.11986829795426453,9.641538578559713,0.5406838164821276,0
0.5372865444208251,0.868589396038656,0.14820233988895978,7.347651907757215,0.5475268131339006,0
0.54474007903888,0.8686575903440804,0.1057615724384201,19.94774898971461,0.5287252259244387,0
0.5524076730961537,0.8685804199129444,0.16314574633458592,9.017819053587713,0.5834115198675817,0
0.6410912269257474,0.8687460625458853,0.12597264163460525,7.835212756274977,0.5582923464846457,0
0.5989424681343504,0.8690313911759707,0.106831725062995,9.928289493333743,0.5686047254115947,0
0.5960438665089544,0.8688665496549314,0.1079028523557995,16.210665321708557,0.583937320641869,0
0.6021556205358747,0.8688828310381104,0.10870515679497343,30.550876142654314,0.6199500929218537,0
0.5677661650536004,0.8686244549704619,0.13976565386534068,11.59201206860316,0.589456310389547,0
0.5159020605836907,0.8685858579464204,0.10802242520092552,16.03344465450662,0.5805230846426017,0
0.611128017948645,0.8688353740053336,0.11403268129592715,23.586302965167587,0.580677221431318,0
0.3672089309734073,0.867306134309124,0.1037885116388989,11.112643061678297,0.6187643321494357,0
0.5214927526294497,0.8685564437003176,0.17764819383075806,7.39190667401106,0.5450868054687482,0
0.623539863116803,0.8688012904502628,0.11088958492987722,18.192056342678963,0.6106513556494427,0
0.5083204568502531,0.8685623620081224,0.12447924177135067,12.018815875795514,0.5907465469254735,0
0.6622130468328153,0.87127337037201,0.09706601708625551,7.89426908490674,0.530989801980598,0
0.5618634402684496,0.8688117797133924,0.12506348125129124,12.993283916291675,0.5270051461076107,0
0.5579175649240781,0.8686863519842474,0.1189824142455923,12.234589844884203,0.5760217321166997,0
0.526929576869965,0.8686104531851376,0.13578358313733163,17.054682194334102,0.5819698260371697,0
0.5382989071706947,0.8685918517028419,0.15193175373880277,12.123166162365683,0.558804013374374,0
0.603795612214015,0.8687974062111357,0.11073706523983338,16.85619682067536,0.563153032471207,0
0.4775060587830193,0.8685673923326803,0.1500927743688227,10.827780938007376,0.5914587284965483,0
0.5251650225496786,0.8686262746124677,0.10722075482562639,24.119184643283457,0.5845754912623367,0
0.5692935411369641,0.8686684398721963,0.13666800801872478,7.350773391717195,0.5291102354266597,0
0.4019548489279206,0.8683659312619163,0.16787085149113634,5.775843516361803,0.5605635794960616,0
0.528467355078584,0.8685705810573753,0.16995911975086478,8.240425474756849,0.5724423788358026,0
0.612566292440583,0.868781399381207,0.11206655145564488,14.34915780689007,0.5973786289359543,0
0.49202357001061126,0.8685499843391414,0.12521990228831711,18.107348308926788,0.5251074391804886,0
0.46847814297396434,0.8684585530118856,0.10957364310816149,16.02871507553242,0.5178589858836247,0
0.5159022651670776,0.8686426909813076,0.11228432464321259,53.76945936409146,0.5475557496114063,0
0.6251678047689361,0.8686539039940336,0.13756768962114366,10.91135512277657,0.5747384588596267,0
0.701761158004708,0.8688123827631887,0.11915981494374177,17.07810097470629,0.6395478121252026,0
0.5600502435447267,0.8686281793768037,0.12002303133462333,7.8786052806283,0.565156763435339,0
0.5597524164842963,0.8685808977575099,0.15809602341661108,8.525475936050755,0.5279974633348034,0
0.5561167226930891,0.8686452074002573,0.11128127615325202,24.262300591214323,0.5992016224702993,0
0.5375599768900078,0.8686201593255053,0.12743860095356147,14.040778694470653,0.5662025054397093,0
0.5834268569377751,0.8686350233165657,0.1554481467878318,9.248009158048722,0.572859986075253,0
0.5519928283711754,0.8686419362354453,0.14270492886445207,7.945951525260536,0.5521014435238557,0
0.5548164368415947,0.8686128552762047,0.1347042731458366,12.419233449122823,0.5824470217628177,0
0.557401501216531,0.8687010839935182,0.11732752983956711,18.52940306803184,0.5993694095693574,0
0.6349050845440777,0.8687916337544023,0.1072858870197889,28.83967415321665,0.6739784247940793,0
0.6155533906863077,0.8687069024134096,0.11584214645707351,15.675243848323333,0.6141999104634177,0
0.6214984058412076,0.8687691759808969,0.11409890928311893,33.485726755662874,0.631641783981272,0
0.5921886054885244,0.8686416464927472,0.13740354149260958,12.366069876352888,0.59412888196473,0
0.5479090133071488,0.868706298393617,0.11255729837476498,20.51812153231437,0.61788600604371,0
0.5197334727903913,0.868554050265452,0.18296880357683568,7.790847006377136,0.5522207915609753,0
0.6452814410927084,0.8688238025582123,0.10634470280009728,35.2178719265137,0.707833184123055,0
0.5621979883032303,0.86867512860721,0.11084607757566876,19.003385844372232,0.6257616336274404,0
0.628393600850821,0.8686925217587483,0.13018256498711225,16.876114561442332,0.6251449245806924,0
0.5640248394758697,0.8688466522841817,0.10924822204135314,30.522150141534457,0.5080563518483143,0
0.5883612972603693,0.8686557064478277,0.1099102376601413,21.75640648326015,0.5386435141586969,0
0.609157788993597,0.8688062150394799,0.11149947067740552,14.632438762839111,0.59166249444014,0
0.546611134941263,0.8686542611255956,0.13794264556104932,11.71353220549556,0.5530478776054126,0
0.5690288872222383,0.8686532795131213,0.12607440256532526,16.6888770981827,0.6576478601812196,0
0.5590526784649027,0.8686517193308644,0.13627228861919896,6.591932106023396,0.5653389163053563,0
0.6483629433712367,0.868752991556294,0.17449929428740885,5.947235968343079,0.526787009468578,0
0.49842003180866606,0.8658850964121947,0.1693509362202262,7.921225772269439,0.5703674212391666,0
0.5346576272362067,0.868561921812205,0.1982152150469169,5.310451451994218,0.5825442676283946,0
0.5566791234476337,0.8685952342612441,0.19641095994595867,7.2043138851600865,0.6025348255591446,0
0.517153454532707,0.8685622458677681,0.13807081896959084,6.890120921647938,0.56289017207091,0
0.566050668679024,0.8686336155916763,0.14092798661655512,9.004463394748914,0.5336841309701136,0
0.5139969574062934,0.8685728106026787,0.13025185474756903,14.315360505714565,0.5570782174511737,0
0.4623599581151927,0.8685030449981906,0.2035734480709824,11.267412488579655,0.5889239263626287,0
0.5599371139253967,0.8687264404857861,0.11454762508907036,18.253177142507543,0.5852549777553437,0
0.5906657586494056,0.8687391124345231,0.12480513061710514,16.60410389179957,0.6396857720237511,0
0.5221454967155837,0.868580694376785,0.09588090808217553,127.58993560798815,0.513579539365614,0
0.494475367487196,0.8685306910075963,0.1271667269889884,6.334847807631061,0.583731827786675,0
0.5873793748131796,0.8687793278626293,0.11488782379854383,28.23360690052283,0.5734266339186519,0
0.588475891523061,0.868760323105925,0.12314937559036536,42.31004934377512,0.703809723636823,0
0.6092867224852236,0.868797322371781,0.11404374347281994,15.24303683042471,0.5723071555931526,0
0.513821821964627,0.8685678333037637,0.12707675859044096,8.076153103237917,0.574625386230191,0
0.5982185913982511,0.8686851357009501,0.13136998608091988,14.52768783035397,0.593500394894118,0
0.5562121226934343,0.8686358231880771,0.135447109254598,8.018334425856015,0.567156562447766,0
0.5652104143835603,0.868748464331691,0.11238250181002428,10.99585627057408,0.5521915041437623,0
0.5627525153748357,0.868596560245061,0.14567680412618148,12.616215225336019,0.616493653008949,0
0.6529362081090827,0.8689796250599963,0.11038886677925634,36.83537500483176,0.5889719097057854,0
0.5289774105791523,0.8685663089661987,0.1476846486989457,8.83019070180676,0.5361142395677406,0
0.6029110562748997,0.8687952217006677,0.1122955382123267,21.295977102946715,0.590345549358163,0
0.4662793517324843,0.8684644531714669,0.13376997779987193,10.507432992717076,0.520590603300828,0
0.569779186425444,0.8686599335823367,0.13249187986178373,12.89999015844965,0.571968764948799,0
0.5180786362143266,0.8685691451523176,0.11701924114283146,18.307038653058136,0.5863345825872054,0
0.6661129589006674,0.8688604086569224,0.11202218277180549,23.46712707673228,0.6250890058590357,0
0.49610964845521305,0.8684987055019947,0.14416115632587964,8.69646397937292,0.5485757677371976,0
0.5257144145079127,0.8686798917589287,0.09985767777409647,33.31160540593391,0.575605565971482,0
0.5592559596997203,0.86865547496694,0.12849058613347203,13.92697302950198,0.5791567308640371,0
0.5109989327261596,0.8685400845565763,0.09774973392929072,30.964602901800063,0.5413503210332173,0
0.611781430603143,0.8688301799763257,0.11320170816432192,19.080039436887485,0.5643981734019633,0
0.5522395827727272,0.8686091332221414,0.14469218032173342,6.482181530741258,0.565624911860509,0
0.542453123354874,0.8686043023712017,0.11610555832782825,14.730502130319943,0.5322513054972736,0
0.6610037811822523,0.8688751496209296,0.1078491188866539,20.43390341213451,0.5827383300918517,0
0.782818464964118,0.8691068500124036,0.11788980534707082,11.60554357550487,0.5955526509279253,0
0.6677059855868129,0.868913161923598,0.11847474238782651,16.638374039480443,0.6073199869690473,0
0.6555506816483176,0.868803232036297,0.1193807785378107,16.03572128501242,0.6501966239548627,0
0.5871907409173563,0.8686890691727583,0.11387995533108863,14.204137061853508,0.6109328820517681,0
0.627941321667473,0.8687301392357943,0.11560015956432668,15.758816829552542,0.585748877151855,0
0.5115217022002064,0.8685485922383102,0.13786041814368177,8.544668371708902,0.562240862746576,0
0.5314260905585714,0.8685935206289525,0.14241673389805717,8.448730292626308,0.5462729849474061,0
0.6147846697606804,0.8686438951987849,0.12894305545071613,14.16286439363841,0.6241867066457313,0
0.5542376029018946,0.8686117972716261,0.1632997485020683,6.336267848584222,0.5479666354535779,0
0.541219897952708,0.8685708687581514,0.16117626358680945,5.069326512432969,0.5425124511557541,0
0.515314977439523,0.8686747896906256,0.1150738613847077,9.003195981917237,0.5497965705153661,1
0.34007286116429897,0.8678553775832603,0.1484246309191262,2.1976064499600034,0.5527835540524194,1
0.5638066495500443,0.8688676622775264,0.12927286978240235,13.46967271781712,0.588896718490858,0
0.490826522479302,0.8683596974894167,0.14303993993868389,8.207369165000454,0.5680699248589111,0
0.5257288814226028,0.8686734451168387,0.12996690692713114,10.26865814170439,0.5743824125991477,0
0.552149318979597,0.8686126171672136,0.13159882175913185,10.208603130269516,0.5262687328060767,0
0.5337256588853236,0.868624618047353,0.14265670585725587,6.713638123616773,0.5389576296582007,0
0.582893789514101,0.8688063467792609,0.12187786018774398,9.333510980200717,0.5788016254747487,0
0.5472282520330359,0.8686612812657003,0.12237958003195183,16.113521326834963,0.601124886586658,0
0.5905844314815899,0.8687536513039503,0.13359614182046797,7.558336076625481,0.579843354144541,0
0.530675229125372,0.8686459479580423,0.14013211210548773,13.469458002148777,0.5646329542332623,0
0.5421085773836146,0.8686110785992617,0.13521477202170565,5.763834508143469,0.5745968393582027,0
0.5846807731576743,0.8688784110146989,0.13925838270817634,17.163485588856524,0.5866138894606729,0
0.5099991386263547,0.8684962632635079,0.12418840998504493,8.392687793048502,0.5471144752487124,0
0.5310548758563614,0.8686187706910863,0.1362013291575127,7.29608401001783,0.5514157062458006,0
0.528851232109569,0.8685985966960109,0.13956457975127531,24.313996143815054,0.560215938631805,0
0.5386562061882594,0.86870425425716,0.12983015593973174,11.948548189530154,0.566843834558274,0
0.6373199298338837,0.8690950198862234,0.11605110285398466,14.25660690596133,0.5908236688183354,0
0.5690213340681977,0.8686998234029567,0.1365520252085185,11.352043678213567,0.5984797867164143,0
0.5950270643343406,0.8689109351124314,0.14332805955396843,14.265427712311887,0.6110407258575563,0
0.58365458226719,0.8686604942573339,0.12534289460238232,13.573637221026638,0.6287830489241656,0
0.625284904521432,0.8688205672351653,0.11896114313102008,15.784494730065182,0.5817860914687573,0
0.5910682771953489,0.8686985589345223,0.12480495600736814,15.445620762271718,0.6009796840702514,0
0.5564943568736532,0.8687244401182556,0.14171364139022716,6.970990338459549,0.5578901029133579,0
0.5649402053050256,0.868786415952009,0.12246814518839717,12.187900838469893,0.557268532611369,0
0.5718328462575949,0.8686370830554786,0.15464390118668433,19.495469312131306,0.5737836759082807,0
0.5872369597362571,0.868870978220125,0.1188063656810303,13.440822543465732,0.5772092635864626,0
0.5637036647008373,0.8687378238591194,0.13424332683694212,7.076369032107338,0.5697414433726647,0
0.5528823648549066,0.8687128608307977,0.10563231194082674,25.94159802730774,0.5838788988696061,0
0.5289504883190806,0.8685784013450607,0.1646420524271712,5.796033445476939,0.558269622181645,0
0.5220450416398007,0.868524703720838,0.14268040778291224,6.635916595166058,0.5539299608295689,0
0.5325960578467347,0.8686090716649814,0.10157353973490729,45.066456681532756,0.538851814737119,0
0.5051893999152094,0.8685333822515143,0.1334007111605129,9.737640643774553,0.556453026015941,0
0.4756388194522467,0.8668711201714077,0.11982431989869426,6.43608030995749,0.5237088732797447,0
0.491601151320435,0.8684421544893516,0.12695267962309373,5.130049119336859,0.5454682894690918,0
0.5918675474278009,0.8687242731213219,0.1278114038188455,14.03978642490339,0.5902516764758737,0
0.6356849399564063,0.8687630231539817,0.10801135271811908,30.2951250717111,0.5808424001667333,0
0.5993053343810143,0.86885628945865,0.13403483047546985,13.745123670720064,0.571426155982316,0
0.5784297659090357,0.8686662594338133,0.11461335102728637,23.004014659094597,0.49112480808558273,0
0.7959121718532174,0.869037933431979,0.11074808423549813,33.25868978587939,0.6854618186331556,0
0.5997261375059639,0.8687240101956316,0.11455892039124614,23.991813622549657,0.6121478175990304,0
0.4362618443604343,0.8666552176297343,0.14023962897798944,6.22439862014878,0.5321577505966133,0
0.66614643902939,0.8688089424379527,0.13587564444308886,10.864773400256745,0.6070222222918307,0
0.522012693531748,0.86863634069208,0.11291770499230909,35.01886118938113,0.5458084164047337,0
0.535491384914864,0.868592195447263,0.15772158647966397,6.1061701088301685,0.5594646336250843,0
0.5767897303509426,0.8686757475032927,0.1693646687573219,6.057940547822064,0.5947696465346883,0
0.6372900794259397,0.8687579949497399,0.12962471967832867,8.017893405154727,0.5127393115018304,0
0.45307731406784474,0.8660582989440417,0.10747023806695392,7.389533449556566,0.5290992884252944,0
0.6216836639867053,0.8687268377934166,0.12809329879413622,15.6610736927235,0.5586487406558494,0
0.5498039404063481,0.8686521579865146,0.14846157855920142,11.731723807023434,0.5750908433652684,0
0.5319954604199447,0.8686238369253806,0.17168710806224866,1.3676643710032064,0.5334853748241574,0
0.48507568411112006,0.8684308860463062,0.14153377423614477,10.433443201685218,0.5608331567176656,0
0.5132857901651494,0.868565866275122,0.14000347728744011,7.355193076450217,0.5540149889537284,0
0.549417807019243,0.8685908136655217,0.14424487845116196,9.612430224569925,0.5910557723406997,0
0.5033171571822056,0.8684318315128537,0.1289440446883121,11.839618985004455,0.5517214826825144,0
0.481495430093598,0.8683492640470697,0.13076399368480512,8.758024313936312,0.5505591690205197,0
0.5976663753432354,0.8687997612029169,0.10973688253662067,29.730211203005652,0.5621664086218356,0
0.5318054986409849,0.8685834088292813,0.1444143628624969,11.899078926704249,0.597004935325244,0
0.5277833016926337,0.8685787557303173,0.15228627318800195,5.916965160072528,0.5317771801667206,0
0.563363946418599,0.8686738702774139,0.1517031485170289,7.855448885977644,0.5463243310813287,0
0.648121759754334,0.8688426284965413,0.13556209932650426,17.86720775981464,0.6215593133090284,0
0.540156083674505,0.8686012221438304,0.18401737602585935,6.44640923251437,0.5173174217916227,0
0.5123106408627317,0.8685980774398917,0.12526541768852514,9.05948578282776,0.5453742668280623,0
0.6143803857348451,0.868852083477846,0.11897169667196966,21.448615748078183,0.5800715516150283,0
0.587637953937534,0.868693316965706,0.1389412825365427,12.756477423505697,0.540996213938422,0
0.6218133763937562,0.8689031999161876,0.12458088939433433,20.51496416108806,0.5558673737066246,0
0.6039861279219886,0.868693057625423,0.12908015265946968,16.008979084922572,0.5494221440014453,0
0.5216095220133363,0.868585253963388,0.1533180968203949,12.50859145314218,0.5634676023388934,0
0.6371876795433614,0.8688883162784139,0.12786807938920464,15.786312126011651,0.617080410268201,0
0.6229172445191863,0.868791467052494,0.15574746460403702,42.51586763152242,0.5766402688995167,0
0.5786384083007244,0.8687020418884349,0.12508538631730992,7.447894972485245,0.5955794335212934,0
0.49075381401908863,0.8685090091392474,0.14832704498034818,8.976548826872333,0.5279345974072269,0
0.5454723319830507,0.868609194167521,0.16045394360699913,6.654266297100836,0.5648147063451566,0
0.4181568922706653,0.868257902851978,0.12769761443984254,6.687420412839146,0.5721423812828017,0
0.6151028916308287,0.8687888464895317,0.1212103513688426,12.676040778526218,0.6104169837796767,0
0.5174360362743053,0.8685562895763886,0.14482662427110105,4.0848551905137604,0.572471166893291,0
0.5477994773515366,0.8686204114532853,0.13455475896135913,10.45314946109738,0.5534255889068453,0
0.5846485420011946,0.8688131599175017,0.11518403034381573,22.869580593867926,0.5563930731626353,0
0.5608295847830199,0.8686459298608583,0.15977220187182647,7.694369379024943,0.5967210266189303,0
0.585961444795976,0.8687358226833526,0.14986678273323992,5.726401215763805,0.5922611373323553,0
0.7127129897978093,0.8689150502468074,0.1061288551164258,38.6043932580854,0.5947169811824473,0
0.4685810669331267,0.8678952116703638,0.1595151222327508,2.337663287067317,0.535711586446259,0
0.5789297084470297,0.868789906555445,0.14269368790695877,10.143442033311434,0.574663224700738,0
0.5219673279396604,0.8685715792245617,0.15619438233621688,6.389815737155237,0.554459753164991,0
0.50310851475732,0.8685099403652571,0.1511711857645919,8.483125577844662,0.5572484690255777,0
0.5966211914922597,0.8687652979522816,0.1251419414969594,12.408113822924655,0.5816356950449509,0
0.5969125091267413,0.8688325620939646,0.11593018279341566,14.81191658433711,0.5665837677301,0
0.5375874466454515,0.868607078870526,0.10133715216711943,31.440083705820534,0.587717426485498,0
0.5909315025472393,0.8688124501953997,0.1321936260764606,9.72552890361079,0.5739696355874613,0
0.5942451269764957,0.8687126848275554,0.16197515343807337,7.4814494126200035,0.5787125409700663,0
0.46008349642595797,0.8683316673052971,0.15883176539305646,3.4349146398890165,0.5596449170385883,1
0.5196304244103113,0.8685771543138167,0.13533068231575426,7.898748694196598,0.5668686891871607,0
0.478022981178158,0.8683246943650261,0.14770795138565926,4.781873646260163,0.5380033084035429,0
0.4935489137763463,0.8682542750490879,0.12818429568754483,8.45677501340529,0.5624762020877243,0
0.5171052858044767,0.8685584953893611,0.15616794960589675,8.694491856931144,0.5302174726410916,0
0.5932943441888917,0.8687099080721697,0.1385876122475077,7.989913754830662,0.5634673474163436,0
0.5866966989382513,0.8688134958099777,0.12532117248121497,15.80907905175561,0.5818340630882393,0
0.5251068507610467,0.868478862127065,0.13138106840449684,9.394741255483364,0.5769067151045326,0
0.6184715009896588,0.8687682622278098,0.13505220386351,6.62883988435213,0.5900190728654123,0
0.5307798061791597,0.8686743539323564,0.1337353797624841,11.481964814759989,0.5615716601414263,0
0.5079328223047014,0.8684679969630924,0.1291145155346405,4.02254739124058,0.5695035512317134,0
0.5772313445100371,0.8688185924054675,0.13587624677356666,7.027171052539732,0.5801716808615703,0
0.5370950479794036,0.8686255576569817,0.11591900289322626,13.309111030964608,0.578086148340624,0
0.5400592956662201,0.8686661986588363,0.14395583794357544,8.747893799528143,0.55878039434668,0
0.5147015544524239,0.8685613493828978,0.14247774420604542,18.89936038965958,0.559727319536174,0
0.5544061537081953,0.8688316445755864,0.13323921373930017,15.972131812625642,0.57007761210375,0
0.603043115768737,0.869045805252657,0.10237919746621314,20.691760880377934,0.5574443477735823,0
0.5879378153952487,0.8687597219541315,0.14638291466682782,6.014648460675171,0.5650337697156663,0
0.591912457481815,0.8689033929023781,0.12792433751166957,6.965870374519598,0.5664751589243383,0
0.5546601240166481,0.8686417231746183,0.12938728276284883,24.96260423773337,0.559836031137592,0
0.6052272493901812,0.8687839296177163,0.11098757088065253,19.590986753606664,0.5762726962653516,0
0.5611136598601719,0.868674350142652,0.12682876504554386,7.700222709564129,0.5630851890107523,0
0.5612050207771496,0.8688029984194551,0.14238187698937585,18.35807350559128,0.6153272629052253,0
0.545437129480897,0.868706848169285,0.12276960985465583,9.908665910206278,0.5979574772751507,0
0.5383289800701456,0.8686148236449199,0.13139229001553013,18.4655251597334,0.5620329897981979,0
0.579856986601161,0.8688116940600481,0.13830577984548253,13.998344214886268,0.5799116237704767,0
0.5684522083660682,0.8687463627273266,0.1249285370745589,9.34427466903064,0.5863497069913447,0
0.577837932418366,0.8687752674539776,0.13454313460626932,10.222360662119714,0.5778079821671397,0
0.5418292396646996,0.8686064037030453,0.16211469697883688,6.716431498996602,0.5493591679665913,0
0.443371057581949,0.8681859655517746,0.14138009402239846,7.256641379060078,0.555371418068595,0
0.5346734141779422,0.8685762343952373,0.1529089385197077,7.0735180758999165,0.539870951567654,0
0.491331984135853,0.8682568565070795,0.1419519915359751,6.242611543531936,0.5519791861566317,0
0.5622344770958447,0.8687192835518559,0.13746226152687155,6.655014024096333,0.5856773059602497,0
0.6339915465120011,0.868755326576876,0.12374078816153417,14.73927297951757,0.5698431413839117,0
0.5686445793816878,0.8686742363309947,0.10764314545311376,32.04059916515288,0.596813485309086,0
0.6093445330135566,0.8688944117312802,0.12200076836146256,15.211263417235337,0.5808468078926193,0
0.544103193223302,0.8686505955885501,0.13937652767251515,9.288902894968365,0.5783948459336673,0
0.7585220981741929,0.8690939335323694,0.10072589103610109,82.53111242308213,0.7012707888556594,0
0.5919962519610814,0.8687402774925449,0.113748492311043,19.270951395777765,0.6167481317425639,0
0.49960448131200835,0.868267093023514,0.1492946806673709,4.291674359251444,0.5201546068844096,0
0.7921434394647969,0.8690905933182093,0.12241255713767796,13.896063234557488,0.5967614400309207,0
0.4359455545543327,0.867297103702869,0.11867339579539854,20.067307895779567,0.609075481576128,0
0.5610629609136293,0.868631025298107,0.14619981444086325,8.399720540468133,0.5696752589505857,0
0.6108521051844427,0.8687320542392767,0.1582273457551996,6.736217360378621,0.5983271291418363,0
0.6125394904218687,0.8687475038525587,0.1083907965493065,22.120008819819912,0.6000644370999191,0
0.6945456251356307,0.8688136575901574,0.11048684361232897,16.53900689457627,0.5648016770059017,0
0.6536045941670877,0.8688001057042681,0.11753640526836893,26.311680760081266,0.6713826878858313,0
0.6638050300198817,0.8687771238793988,0.14778193750334673,13.609281442731286,0.576088433035689,0
0.47519218772216804,0.8683559689326817,0.12380844072572339,4.092674548225472,0.557831150984543,0
0.6076673493516344,0.8687754766314445,0.15262968846949657,8.240397444825447,0.680492227311429,0
0.5648774311590793,0.8687287212434903,0.14172486359646846,8.225403398678301,0.58072790548632,0
0.6302612592805553,0.868614856908922,0.16977570893230434,6.826867766646794,0.6201780879551707,0
0.6338551772046537,0.8687737647983441,0.1420116745172814,9.254979088202765,0.570255501187284,0
0.5516349473232163,0.868658838882888,0.15695621530040274,5.194786771885469,0.5724768809319554,0
0.41532193287362934,0.8683573276303657,0.19445555884767204,5.113355015672057,0.5013538449026324,0
0.7805342007712827,0.8691876932825761,0.13663244771988395,9.04797235755603,0.5780623296290707,0
0.6571580128741991,0.8687900276119386,0.11071534369182896,14.899080823527877,0.6272110004538773,0
0.516633761374843,0.8685427781227307,0.12885244484937766,11.92024360194739,0.5149733734177867,0
0.3868306759515823,0.866788894162605,0.09970725792212687,32.950913715418636,0.5988822809312393,0
0.5510563661391457,0.8686093218484596,0.17231424242125756,7.943811663572183,0.564079260269096,0
0.40248096206716905,0.8681693346257601,0.1582140187860904,7.480676961118881,0.5447896455250827,0
0.6631598587469586,0.8688490904747764,0.12875065061347127,15.092994896363539,0.592913424349627,0
0.538202538289874,0.8686143450709854,0.14121273333460846,11.68256395341505,0.582457018514415,0
0.5451201860451194,0.8686983364146816,0.13134665149988298,11.04810096652042,0.561511521244578,0
0.6229427642775183,0.8688157344940554,0.11898335493627123,16.45381738181466,0.559018261024527,0
0.5310607949177403,0.8686329048024284,0.1445964340667322,6.160894217409986,0.5451253608271117,0
0.5824461120640573,0.8686781073238213,0.1426927677597688,7.735588288162467,0.564772384861698,0
0.5380970669777717,0.8686566007526587,0.1590306859871398,6.000619908932741,0.5780938231899944,0
0.6348813685981686,0.8688494921130729,0.12568083846914388,11.70927273321252,0.5838207400948903,0
0.5471614070757039,0.868631094211436,0.1647153185270713,11.640012213706166,0.5730969245967423,0
0.509253381921425,0.8686318048677631,0.12167813245210164,15.762425075797802,0.5780934342157557,0
0.5683756996087354,0.868728079247549,0.11609491428662559,17.887434121511674,0.5992410670416074,0
0.6361150172492174,0.8687763170892557,0.13264122266828285,17.01048269466809,0.594641506302835,0
0.6305954004607863,0.8689200476779596,0.12566919118312062,7.034600722562229,0.5769364251949086,0
0.4999697194688633,0.8685272722798517,0.15549947659907454,8.0863455763456,0.5197034842289187,0
0.5115489633671301,0.8685727918003651,0.14719329122091276,12.720722338905505,0.5552590968632326,0
0.66420925431591,0.8689147810483027,0.14050067892224175,9.182307004699346,0.5673584156901064,0
0.676668656229883,0.8688343853459707,0.1293407648452964,10.921016724487604,0.6590531478556639,0
0.526893646481332,0.8685808534523733,0.1296023715903181,7.394095762116698,0.5701209068555176,0
0.590918321503067,0.8686615583914298,0.12082246742905182,16.095504093753508,0.5611361296495323,0
0.5395177666899403,0.8685919791072177,0.17126672699777315,5.914798448743255,0.5526655847792493,0
0.5095342556671073,0.8685251395789804,0.13170119758142004,8.732115061881734,0.5734693947668302,0
0.6083763651240793,0.8687571615792903,0.14095169997461146,14.435704389335847,0.5761496736781629,0
0.5290711934173961,0.8685886329190741,0.14366512644293716,4.327146948434485,0.545999415507234,0
0.5384747826554697,0.8686092030062144,0.15880214050367916,10.279834998880379,0.5270543989323487,0
0.6186286701556374,0.8688402030341854,0.13773125924955862,13.781123519353116,0.54089665069477,0
0.6093504749029104,0.8687384938084013,0.14469286193169392,9.512580447406888,0.593858116361642,0
0.5776370966149423,0.8687002459949693,0.14550588686666446,8.07207882738953,0.590030024614936,0
0.6935498551591169,0.8688983310305712,0.09965415118698144,66.94772837867832,0.6891724092048244,0
0.524707950632275,0.868655633082226,0.14324442435548743,3.696721501395302,0.5505749815985413,0
0.5691174590519846,0.8687755610588096,0.15152638504694627,13.828608762358389,0.5935814285375987,0
0.547378303238167,0.8686166089335879,0.1542064362629155,5.806506328629673,0.5585651832177456,0
0.563068930292259,0.868620935713587,0.15556653532292922,8.914326213189142,0.5506151490024314,0
0.5751988383571119,0.8687365362864297,0.13703017867052267,19.206141307850586,0.578402245544991,0
0.5688613784261753,0.868736244371158,0.12095496462047739,11.290262090749504,0.561954873372439,0
0.6189635775548782,0.8688910941219566,0.1017345872069562,31.849959426753298,0.5973883411242233,0
0.5398614882475586,0.8686191507632669,0.14304109674933685,5.628860587740736,0.5768200488103382,0
0.6306574262377,0.8687792075058643,0.14971854439145327,7.395170444991203,0.5580396242931307,0
0.35521337422120164,0.8680369508251996,0.11490956440201756,18.12852269687207,0.5622454023356257,1
0.3611616747423863,0.8683376580612299,0.15922057827573777,6.830394440047846,0.5386233777990993,1
0.518097895214118,0.8685555623679474,0.13449711644063142,6.095095379450589,0.562749996374049,0
0.49558852988454666,0.8683232211432946,0.14065367170621693,8.176373206538287,0.5744658202487307,0
0.49957890789571197,0.8684474268597974,0.12925016554188426,6.627681051907843,0.5674757493389903,0
0.5516171075730467,0.8685914802869646,0.15627063502733593,8.813607354797375,0.6047100165415179,0
0.598850089902446,0.8686745759255167,0.13123293542844366,9.240944354905,0.596053499262013,0
0.5986803619593104,0.868845417335219,0.1168871109719677,15.261238192512645,0.603229209637203,0
0.47634480726343,0.8680893613819481,0.1289434418155336,10.667594283242114,0.5379263666908766,0
0.569160336584302,0.8686427771449251,0.14711730077396803,6.470685548829084,0.5830699504582423,0
0.5292953788323973,0.8686410405889937,0.12431182028489603,12.476637930444783,0.5641418968308063,0
0.496051713265141,0.8683511039859474,0.1306162161999171,4.00773969133132,0.560973634264611,0
0.5562203998829974,0.8687748601597396,0.1249507266719434,13.277657812194246,0.5717590830088947,0
0.5316385226923187,0.8686152956674517,0.1121751647663712,15.43580454911061,0.590200819065871,0
0.565643303442096,0.8687327428569486,0.13890568609535825,8.745470379637583,0.5827705741617516,0
0.507095211798,0.8685329717976504,0.1505812989493287,12.372065213802783,0.5869334560003333,0
0.532182340189374,0.8686756476484496,0.13645772025806005,11.398432712660806,0.5393030041400689,0
0.6482664277694997,0.8690769154855973,0.11022553160389746,9.583748484015619,0.5722766710543357,0
0.5521213895147716,0.8686217911406212,0.142573458183145,7.391367053033787,0.5737407200758526,0
0.5976491007260963,0.8689216691432463,0.11453712163596443,10.215414363577642,0.5757974148962107,0
0.5777682226613546,0.8686393668041422,0.1176688045833732,12.513665862180565,0.5662673988202264,0
0.5872901808990973,0.8687390251121702,0.11354087530369376,18.80148544524275,0.5758683773960257,0
0.5640604324678803,0.868653058392251,0.14991658367163654,9.854865781109375,0.5655435923921753,0
0.5033009193018997,0.8683953387761743,0.15840141631182628,6.242806482312251,0.6006998255854676,0
0.49410885403627236,0.8681687765397413,0.12369575246575797,12.18579955455199,0.6058367402986123,0
0.611362048802774,0.868645963271415,0.14173604733023773,11.293263635998947,0.5975913495715074,0
0.5058987443716066,0.8683882978937234,0.14884679170954015,14.894803141520578,0.5704859212126273,0
0.5832457417191123,0.8687816647572894,0.11879525027932815,10.5172440500829,0.5708511319411187,0
0.6193430747532527,0.8688832111715428,0.11347467684322064,19.8325687820936,0.6368866669544814,0
0.558017129892605,0.8686380405819664,0.14779417224406066,8.113320269664614,0.5798925162941153,0
0.48122218288548674,0.8683696445629691,0.1365052512589984,7.1959010580196345,0.5657584153636833,0
0.5292776241064104,0.8685765310999517,0.1419625809789812,10.880277878771677,0.615155107565295,0
0.4970964309434526,0.8683138783485327,0.1446309156087147,10.091174684837076,0.5725204570674164,0
0.5941515180375739,0.8688130167432814,0.13069568575270826,7.7539266815908405,0.573869097318032,0
0.6158053754518706,0.8687504534683099,0.11663432703432726,19.094547961524427,0.6188967134715226,0
0.5472122982745763,0.8686307212508574,0.12812829024624753,16.01291328669004,0.5946356215993119,0
0.5680292415280069,0.8687111428406977,0.12331587805832044,17.338147291005278,0.5993670898635897,0
0.5062103535335126,0.868535754225169,0.14079567918770142,8.865157935848,0.5531189355126677,0
0.7317596244979826,0.869140978618545,0.10276601570993595,58.14385770391714,0.675234293087707,0
0.5651796595157903,0.8687029732954296,0.11807737062007406,16.713952824406455,0.62598047209902,0
0.5345422975595494,0.8685813387206087,0.143581042365178,6.415028786281612,0.565790408384111,0
0.643323800588126,0.869160108869533,0.10212152671435999,84.16890026649651,0.664970420060778,0
0.3768352503779437,0.8665695157928623,0.1325152712675356,9.650937607170006,0.47490963893768395,0
0.551755438913156,0.8686123182071808,0.15472325486644797,7.432220982118532,0.5470434653230116,0
0.5456018775947663,0.8686008074154831,0.15988062074280393,5.686434830261352,0.5571969994792636,0
0.5602297233064227,0.8687304084548889,0.10229322058419353,22.024670706365498,0.5221590371917749,0
0.716457168131317,0.8688564473252872,0.1063885832636232,23.274893040197465,0.6791559608696379,0
0.6736056716397654,0.8688576371257812,0.1172062439466476,20.910986989993834,0.6000144002441417,0
0.5957003725086231,0.8687347279203447,0.16084987945185983,9.288207879351823,0.5652776448693443,0
0.6330166050246117,0.8688531913507721,0.12462499801205527,13.225628675999097,0.5831402373315456,0
0.5435816145518126,0.8687053980121596,0.1400977778818589,8.464891065269947,0.5704403648264399,0
0.569358259054004,0.8686000427552657,0.15088228923266192,7.522730785849768,0.4896892439634187,0
0.6705428952763673,0.8689280792950957,0.13359727696996362,11.332955481631496,0.5431930368461783,0
0.5616899646504581,0.8686902642412876,0.1444868802541953,6.004353022701981,0.5737413559657446,0
0.622323539359736,0.8688008925091456,0.1313578100982446,12.931464953038176,0.6251607105068843,0
0.8416323175742804,0.8691981291305247,0.12915901710635067,14.079816750483053,0.6033307032341747,0
0.6400139986813421,0.8690429365850724,0.10982331704086039,12.654885162141353,0.566871768073108,0
0.41405504656844433,0.8678741208645103,0.15657334640771106,8.047768892559136,0.492538988621069,0
0.4653936840262407,0.8680694963155577,0.09833753787527087,42.67370011094381,0.612788688661494,0
0.58311900700829,0.8686884361598354,0.16597990971258983,7.851378871410954,0.5521140409047787,0
0.565144346940594,0.86867248018731,0.14072517482852234,11.71888841058442,0.5962687617658303,0
0.6295430812189283,0.8687910492329697,0.13403517415506566,12.237737406971814,0.5874703732234376,0
0.5538218552890197,0.8686176610044466,0.14569955175514823,2.915786431509127,0.5708737380821648,0
0.559523625010506,0.8686481076368979,0.15649386187701078,8.169540493947345,0.5640177223910766,0
0.5214895985508043,0.868553177576433,0.14180743868793785,6.748295493760729,0.46449598591071767,0
0.5348492706026117,0.8685536356557456,0.1624876387963487,6.522423694671798,0.5285962300342967,0
0.482934367905441,0.8684317865988259,0.10816354422160716,21.469364547750484,0.5743208324616726,0
0.5581779425874517,0.8686636257107413,0.12846731392360547,15.603258830922556,0.566307034265729,0
0.5692991921422256,0.868642653767866,0.17603638858780016,7.279272534358699,0.5782646285946224,0
0.5327994147358576,0.8686832687279784,0.1297619724369402,7.403714402315991,0.48790997589886204,0
0.46631758904948534,0.8680860425336157,0.09985732747005767,36.236013848836414,0.510551439703839,0
0.5455560689783403,0.8686366490834017,0.140179331252815,11.1105015006912,0.541003803198284,0
0.5101260114534564,0.868527468037868,0.13930610766310703,8.94152043983219,0.5679347953874934,0
0.5634139051144084,0.8687024039837453,0.1313476883893789,10.528906141114899,0.5842547555510461,0
0.5845039633938393,0.8687794056154754,0.11534838281531017,19.522064154448977,0.616413360670887,0
0.4887554069567526,0.8683666070045186,0.1444375777825051,4.535948854021705,0.5630136145414143,0
0.572779616753491,0.8686571262814917,0.13746236278054622,10.370930057381688,0.5791406013330734,0
0.5928259798930513,0.8687542085420991,0.128728384994816,14.668590291752981,0.6136716998259306,0
0.6284033529315903,0.8688252090584507,0.12520866677366901,10.717864375915017,0.6051601669213497,0
0.5153796890724016,0.8685670019829126,0.17038806313703717,8.10029174272194,0.5562410848355223,0
0.5283764447466277,0.8686714961167272,0.11952494826970854,12.249753918038504,0.574708287136626,0
0.5497436945532357,0.8686794660331386,0.12360670566494418,11.957223237311995,0.5813315489209994,0
0.608060887038761,0.8687153655069046,0.11694173907152228,17.414842161690565,0.5688489986115579,0
0.593748271842416,0.868922036449039,0.13144954049492072,24.594654353760237,0.6208188822012891,0
0.37889842803772505,0.8681502540134517,0.15732440818988677,7.4684963822942665,0.5560164539266274,0
0.5246116707179324,0.8685937246531227,0.14109465084725528,9.097327179012568,0.5653991367322454,0
0.6306088427988298,0.8689016670248061,0.1523867015990159,9.588117078450527,0.5426547352445293,0
0.7438169280042324,0.868898591770217,0.11428442947276231,14.53510695295372,0.5562777900428767,0
0.43160286224978,0.8683193031498139,0.14503101285062125,7.469518697623707,0.5152634920194187,0
0.598182862062401,0.8686970254656089,0.12037796702524695,17.042672817597662,0.5619268924092687,0
0.578634965001255,0.8686713895977426,0.15508405512270693,7.437084147740569,0.570894234837774,0
0.47290929549648836,0.8684287600308891,0.12636636607978363,6.953058482852158,0.5674786386360403,0
0.559467391266423,0.8686315614545089,0.1385055679072598,18.68894202295896,0.5931121058087593,0
0.5309288284204596,0.8685849869349996,0.14409889330165193,4.560104335710835,0.5635315946449247,0
0.5034031419040327,0.8685462336466401,0.14962972050188014,13.932458529794628,0.6066046726698839,0
0.6093276226261476,0.8687994778533477,0.13181649217265415,16.48882049962662,0.576776640737971,0
0.5183170304485913,0.8685281098476677,0.13383820151887413,3.69125789257262,0.5532196577469937,0
0.48683543940963264,0.8683583279543633,0.1494428841608395,4.659538947761907,0.5736121984072717,0
0.6944689281346587,0.868921632401875,0.10816350704977383,35.870675881813604,0.6863989249545527,0
0.3922031567905257,0.8668575753832104,0.1751070677792962,2.9200635952545553,0.5522758488498233,0
0.5165172050876407,0.868443433085333,0.15312753105706023,12.166040224369855,0.5670903292321263,0
0.570306478743291,0.8686496368377017,0.1435333239156483,8.40434163792143,0.582959263319013,0
0.545800099041915,0.8685921500135491,0.16215810302938352,8.676019746926986,0.547485386028423,0
0.576235671115271,0.8687667398354967,0.11555705994289804,18.760310178035773,0.59193629775716,0
0.55424580366366,0.868692593921215,0.11792254655649097,13.648490319447054,0.580330663923622,0
0.5452793102490446,0.8686189649966596,0.10689681654273515,17.58589232740322,0.5658407164154274,0
0.44077874006142537,0.8682135017554646,0.17274579136784882,4.333575454100454,0.550031445342115,0
0.6562174246672834,0.8688253281283087,0.15228522271894904,7.37398261044249,0.5690838753852487,0
0.484632251463124,0.8684454040254765,0.16488723570629052,6.3614979060637005,0.56038995272902,1
0.4773712573182403,0.8680867860336531,0.15006831176535249,2.1958948761559642,0.5585951944227666,1
0.5129950188076596,0.8684907066007274,0.12652416455554893,7.322696390068439,0.5743684104495087,0
0.5680822774629727,0.8687311142307697,0.13078733500271333,7.108378634403592,0.5529634719357294,0
0.5203498082463807,0.8685661842324798,0.12386426383284425,6.224412861085498,0.5630958724459163,0
0.6296112844480546,0.8686387791076741,0.11613907957033953,16.040212754519796,0.5227102142364576,0
0.5223718161371914,0.8685715104515154,0.13970703512002494,7.1625015129761405,0.5655538803216907,0
0.5873658489065984,0.8688424276282216,0.13345753696354032,18.278613470137387,0.5778772100327767,0
0.3740696574723847,0.8676354236377567,0.1463597853884129,7.0274226328433285,0.5448047907431081,0
0.59576024598876,0.8687051436900853,0.14549313237725672,7.479031295559196,0.6094768741023237,0
0.557185145046899,0.8687569271769063,0.11638057557756425,16.02540620225692,0.5873315755134767,0
0.5331378189798047,0.868555935713769,0.12527609628485073,5.320355898986239,0.5661166346402133,0
0.5726615370078431,0.8688137387036088,0.11214247975339103,21.381153373582887,0.582484679747412,0
0.544975169216997,0.8687150838800933,0.13076405857789314,7.48858810635352,0.5522449567892823,0
0.5928587580703747,0.8688063263503496,0.12342817500442504,11.298427198266884,0.5596722330849263,0
0.5511329518273064,0.8685898380032526,0.16223848329493376,12.967028404807165,0.531521404652621,0
0.5170242963286897,0.8685941789611541,0.13321637698787644,7.365190324984083,0.5598105699738036,0
0.6409478070144367,0.8692260561606314,0.10227155224997646,15.975698760982073,0.6183993579953246,0
0.5786479700047517,0.8687062320922513,0.15006676174058306,4.98368661427365,0.585677964217806,0
0.5711799073114996,0.8689364170373377,0.10996490804811183,7.77109318751013,0.5585378235057114,0
0.5198869191559466,0.8685790803275376,0.1163695157175731,9.537648026446693,0.597767846002225,0
0.5946861596995664,0.8687499073824343,0.1127321024413294,17.371962748571853,0.559144286636332,0
0.5290142894202919,0.868556447487793,0.14190315584609306,5.676769972829004,0.576609236312413,0
0.5166333704162903,0.86833198001743,0.15182943991661707,5.755214725384791,0.6004059045380533,0
0.5298422975200677,0.8686674837705918,0.11462448732519313,10.622400123497751,0.5712887379993853,0
0.5715173302561316,0.8686520395214664,0.14234638826317803,10.057882854829689,0.5282681892658246,0
0.5485070422127359,0.8686538451328852,0.12117792539910492,26.85752885167061,0.548055229985741,0
0.47796667527717734,0.8684876069871764,0.109867317842189,8.21858682244038,0.5695092864313726,0
0.5922796012314093,0.8687436734647617,0.1240994679760858,14.34850334141055,0.5921470043287581,0
0.576223512996285,0.868670773076671,0.11624877039460076,16.238756227381696,0.5845485481210977,0
0.5508690605132026,0.8687379315365723,0.1159080294860748,20.504803808686553,0.6481450586283649,0
0.5729055473873007,0.8686521646870483,0.13524872709796334,9.815458263747697,0.569149768638034,0
0.492869830620773,0.868367079009373,0.14578531452838947,5.06111793941417,0.5665720878640297,0
0.5301272975977419,0.8686519286847146,0.14159395334521088,4.967329679244478,0.5185987557247387,0
0.5914589943494956,0.8687424084263863,0.1151067312979075,16.209231327673972,0.5819244427581024,0
0.5558308308152496,0.868654348421833,0.13935270592269847,10.649261152647851,0.5592973015354057,0
0.5225265535967784,0.8684796727564447,0.1416178437335159,9.814452335946598,0.5802773051886323,0
0.7656390202669323,0.8691768217838381,0.1042299948630186,79.38569690841196,0.652984811314659,0
0.4366388657719537,0.8678946295385254,0.11888323779980799,12.818915157997742,0.5711977509092047,0
0.6154167480162417,0.8689473829021157,0.13777741654172726,14.569366994544952,0.5889408475738757,0
0.45538456273491934,0.8678449970719471,0.0942619166622164,60.6883502058779,0.40309709657557,0
0.468737677782906,0.868361539777699,0.1312556657500884,12.66566559784914,0.5625355070995693,0
0.5651458494965435,0.8686391270990176,0.13634120229429864,11.60691328318903,0.567341209410642,0
0.481102167931933,0.868466120104897,0.1513352637805608,6.700478929967223,0.5657531541734994,0
0.525607056463805,0.8686134897309894,0.12107726029007254,5.461207357536333,0.551558147981246,0
0.553737917503157,0.8687036625581085,0.1756365305050264,5.110862656867976,0.4808593288650107,0
0.5944665207879747,0.8687727378983577,0.10476902072713547,32.23988266407018,0.5783859905679888,0
0.5540379153011546,0.8686779283947876,0.12307040716508004,20.457979312762998,0.5108892966806133,0
0.4829553741234556,0.8683906489850003,0.12528669746888302,13.613412712101926,0.5457354131562183,0
0.592052141728975,0.8688411169482241,0.12872842553288,12.766708892169715,0.5756598568092933,0
0.5798124991720187,0.8686210342180414,0.12337190358457573,14.68838432508614,0.6268566022109933,0
0.5423305479770284,0.8686476951631846,0.13834133155128533,11.269073688996954,0.5000676468821457,0
0.545009337236399,0.8688081208717854,0.112710438617465,13.11862606143057,0.5460279930471004,0
0.5298768138161992,0.8685754419375987,0.10768660830561456,13.260508694980237,0.5671533412456187,0
0.5566182617065633,0.8686433762250689,0.15184107926212687,9.679574925822218,0.5774730731888954,0
0.616075053221742,0.86889035566641,0.1127974056761859,37.151310183452324,0.5892804381515756,0
0.5777237549163287,0.8687939802505884,0.1187178574352743,9.341704301644654,0.567252365069833,0
0.5645028408346363,0.8687765964463298,0.13738011577643167,12.493367698899563,0.5262934036458313,0
0.5975165876528603,0.8688331316102141,0.1325845907751581,23.381767912511375,0.5671149326039616,0
0.5293376329160737,0.8686225079113084,0.14326962538477891,10.197671663692292,0.5687525508813555,0
0.45804147120207633,0.8683744026751414,0.1438832722694974,10.406084985866775,0.49911804091462364,0
0.541887802217207,0.8686132223908,0.141772923933357,8.82058956537074,0.5381408202254386,0
0.6894583541895146,0.869085951774077,0.10970405408295515,24.305477842040474,0.6636121104149196,0
0.5679320315141649,0.8686982506947101,0.1519047215438202,5.604601580669894,0.5553802103155837,0
0.5327515701252736,0.8685923956736437,0.14134370602096671,7.679019205612439,0.5244160522917151,0
0.5841902698532143,0.8687012147681936,0.133688921846293,6.699350426603855,0.5830908965389153,0
0.4088466502908963,0.8677130407347636,0.0964468230525893,41.69007813547185,0.5590675303924296,0
0.5579083577559952,0.8686401733988186,0.1302168420112654,11.455912004840801,0.5656460250741947,0
0.5396877107490824,0.8686876712054556,0.10580508622087324,23.65639025030779,0.5800097480095787,0
0.5245632760339851,0.8684617091833197,0.10942161629207477,7.954679729408281,0.541809186454556,0
0.6236181636177114,0.8687341628761726,0.12879677346735352,9.165857116253104,0.5203797968671643,0
0.6657219920434114,0.8687590793826369,0.149443437307308,9.575898112482694,0.610348329758138,0
0.6506655626367074,0.868789700705347,0.12360712121478697,14.847830602152401,0.6138974166804103,0
0.5888200812452166,0.8687572397858929,0.12521944196561666,13.329951648187583,0.5414295737020303,0
0.6133858889110461,0.8686971616550018,0.12043404059579892,17.238010486007344,0.572257631096673,0
0.580454562375795,0.868765583355264,0.1157876623625493,11.351680065992738,0.5248070315073899,0
0.6078818526136274,0.868763256831392,0.1031746543238035,35.26272655689511,0.7023466915648263,0
0.5935912985756571,0.8686567724312907,0.12383031142399947,14.0752300343801,0.5237055242048461,0
0.597372232664053,0.8687732379746994,0.15246355966058175,4.286399620717531,0.5656913323713614,0
0.43524893889381766,0.8678828783909575,0.15406459076102283,8.227244555651247,0.5556397606199722,0
0.561408796647812,0.8687136021806724,0.14062998641331323,7.820045914363744,0.5548766223091943,0
0.5291668504193243,0.8687685148847667,0.15071871512404048,7.495922045759013,0.5820897329426263,0
0.6613670584630267,0.868756355886529,0.13207976718379294,12.361944310495442,0.617917604218163,0
0.6958347796988686,0.8688468152583887,0.12832098858486155,11.365422616038588,0.6533520881133157,0
0.5295627126475323,0.8685978937245072,0.10130487411535273,28.548507806700997,0.6335623615910216,0
0.5475958285426193,0.8686141708597117,0.1617843171520861,8.11953315326018,0.5280927014426583,0
0.5542027540412143,0.8686376141492723,0.11827606136481443,17.438184183840775,0.6306608203153067,0
0.44424465260508095,0.868371574345301,0.1483007747307514,10.468312266300972,0.5578391178026553,0
0.6223968104948306,0.8686254140758134,0.19134563152247872,6.746511472219617,0.5436573627198826,0
0.46075339387356135,0.8679629271622901,0.11785689118567795,8.823388131653516,0.503114142927588,0
0.9905100830367733,0.8691939046014886,0.11815474043178796,19.685491671191688,0.8176751114467867,0
0.46167737183075297,0.8679202022990923,0.10708065798398908,30.494519141877706,0.465559539211531,0
0.6013704603449986,0.8688017508716648,0.11465692610292215,10.669498477655333,0.5536490400545667,0
0.4551972343141986,0.8682414628775187,0.10851002476029974,14.336749719032367,0.4925898806235844,0
0.44499010624434304,0.8679244012203626,0.14385942890702205,16.371547926978195,0.544523866402944,0
0.3739962024108834,0.8677506645801789,0.15665157653791903,5.925179624964958,0.46960701451693637,0
0.5211103287637919,0.8685629234025433,0.1253544825726356,12.685301353456572,0.5700708193349583,0
0.471802807175511,0.8684095598800606,0.1334119019530062,9.141952429417136,0.540993865842586,0
0.591601627613828,0.8687431292556639,0.11642507933390726,18.010847711622453,0.6327840950896023,0
0.581213591753592,0.8687354593986444,0.12664856824181533,10.373304452356718,0.5780434432106337,0
0.5051650893705854,0.8685342647502744,0.13726321734922844,6.689227381566726,0.555752187233106,0
0.5694281629888236,0.868747907685479,0.14281342763806204,11.207552471520152,0.5819537895749579,0
0.5758221187276497,0.8687289123763976,0.11904960832120308,15.861894526762958,0.5944709950729004,0
0.46337250600159735,0.8684377147193,0.16776348209868774,5.1440482046249,0.568365506353479,0
0.5673567343485774,0.8687798087994866,0.11692005482321054,12.388552065477628,0.5530465330578727,0
0.56661730451219,0.868685209017679,0.12386367771186009,13.927862860054564,0.5699345285825941,0
0.5677412724453851,0.8687120698029319,0.11383559872776423,14.649455440486198,0.5366621091151723,0
0.5345314498936647,0.868702952803759,0.11856258027525501,4.16962541352191,0.5279576494178123,0
0.535340113466436,0.8685921482081488,0.13721603835418225,8.328479505711,0.574030093692874,0
0.537991821800508,0.8686250265225253,0.11352966749266467,13.811181322427146,0.5537688100679737,0
0.5256988078409993,0.8686679636912021,0.11366109937452096,17.07579016312936,0.5732695229080146,0
0.612335479433236,0.868749995471247,0.11552420638689187,30.52060841163393,0.5964076341950747,0
0.458925537425202,0.8684796173789787,0.15623200710455762,7.590314726580822,0.5662091738906886,0
0.5481733349859294,0.8686955373219033,0.103207519739877,34.33907409301327,0.5789855639168301,0
0.593538898478532,0.8687505624067281,0.1321365669034897,7.055273271853484,0.5503337189004927,0
0.5323566383833107,0.8685627687710794,0.13778951084645283,15.56409109031243,0.509268336097131,0
0.5251104229895968,0.8685724489531573,0.13847057716058012,8.480254617332683,0.5800645267961629,0
0.5105399662788027,0.8685605801407693,0.13684271272376836,14.575469722033525,0.5384691647077143,0
0.5402108837878954,0.8686811920896943,0.1293640851876386,14.827185737962845,0.5418478239947936,0
0.587948869661338,0.8687115987447607,0.1311635440792325,8.113652085189534,0.583552908106698,0
0.4225349046872903,0.8679474665193148,0.16611030690492232,4.94651743158553,0.5703194426126089,0
0.6723430521329686,0.8689640191064419,0.10362730264507262,46.132045167286904,0.6372810424437226,0
0.501153108463035,0.8684137730633833,0.14220193224443747,5.152668689552043,0.545945741801807,0
0.5185785602284423,0.868471431696757,0.13595820219637356,13.453810154003953,0.578256143254947,0
0.538137874920576,0.8686206214020392,0.14343703154644924,6.588396463904625,0.607262553089215,0
0.5323665731424659,0.8685811479245663,0.14326963319743324,11.34294346237207,0.5598188367153166,0
0.5311302553833337,0.8686243897733946,0.1406658714531175,14.298618066221067,0.577867309996443,0
0.6020651239666394,0.8687996428252758,0.12380845122342639,13.694219291167263,0.5581721415645243,0
0.5788158389055693,0.8686242589234406,0.16182244114326796,6.101928478267318,0.5720930136677246,0
0.5329166000487643,0.8686190204582127,0.14629721788891123,8.259128342846108,0.5482239705922957,0
0.500939988551336,0.868373839979927,0.14741316505482413,3.1499617476809307,0.5606007924969774,1
0.11517032756782532,0.868095606034278,0.19674751372571678,4.9042422649576585,0.5304478461135653,1
0.5047159533904707,0.8684405092632858,0.1921968394284467,7.608417243668539,0.5686534034738123,0
0.4910043413816217,0.8681833115960972,0.12674928227252472,5.689363925341772,0.5591533923790326,0
0.5414259452972999,0.868640795121313,0.1342545924250191,9.843702925070522,0.581695400118635,0
0.46564012824633033,0.8680346340106123,0.12464770151627931,6.33661805416751,0.546102960409359,0
0.584814262876136,0.868609048689479,0.12198974904614912,11.425404547538353,0.6150895988026089,0
0.5027929072398893,0.8684565583952154,0.14431644458834403,6.070591517221134,0.5473466307736646,0
0.5578463921620287,0.868715529039468,0.13394307295274677,8.672976524809151,0.534342056888082,0
0.5162962985340026,0.8684774806978259,0.14390606253077814,6.6601535974756,0.5487370247470876,0
0.5613091359256154,0.8686260954057806,0.1400150500578482,5.2416545039495075,0.5871398516210573,0
0.518675496463179,0.868569850089019,0.1185850231335842,9.544966391994208,0.555899950447665,0
0.487922644867143,0.8683552080021976,0.11896055509875757,7.757297121365568,0.569378089138609,0
0.525421128586148,0.8685534373768857,0.10652908278979567,32.709752622604675,0.585920163590163,0
0.5078833650319278,0.8685312658824684,0.13686704520157353,9.998124631512448,0.550390476709815,0
0.5694325906733237,0.8687096029877149,0.12849055485199237,19.18988229522948,0.5927967972498627,0
0.5301323472752394,0.8685714616243773,0.1625578479992796,10.591309781421375,0.5938872306439413,0
0.5027916668094453,0.8685146616834576,0.1438940140217859,9.628909894772638,0.5696969894525713,0
0.6477094212926514,0.8691351751721937,0.10418709530858698,10.391859168090717,0.5780062143097641,0
0.5324987650674876,0.8685235583494296,0.16132910238312517,5.2880804403624655,0.6069749387420087,0
0.5384280194233556,0.8686825836110783,0.10543787030534953,6.521248425206132,0.5375505369575669,0
0.4952173039154837,0.8685148665490373,0.10797916550829872,7.194745055436411,0.5391191795944117,0
0.5438776222039243,0.8686476329856266,0.12553449089828414,10.592810178770433,0.551974130870596,0
0.5060792093167713,0.8684792374633771,0.1447769964257634,10.603358918695102,0.5505631339854676,0
0.5713623605863073,0.8686513664418672,0.1279475069269345,13.041514998016519,0.6475496775563649,0
0.4693571458870683,0.8681351374702527,0.11791138747094083,14.545558095237451,0.5596560562623684,0
0.5640167505963406,0.8686359394682835,0.14251363265396536,7.291391015475708,0.5322407395288293,0
0.538822619108495,0.868577514623618,0.12887578002562225,21.21376319004342,0.5923866326579563,0
0.41485734121016565,0.8682424501374717,0.10816307190216136,10.402102395084906,0.568856553340532,0
0.545255872764832,0.8686071306044499,0.12220117916642674,16.05612783973163,0.6601552729048513,0
0.5382519811851324,0.8686078992581764,0.11186999383873343,17.925680214326412,0.5680057402448767,0
0.47803456518098164,0.8683009203370077,0.12392032713275387,15.310698486343762,0.4863441999082963,0
0.4997342973502077,0.8685485188587833,0.13584115502893104,8.584651296694343,0.5593599724634564,0
0.5197585264638414,0.868456686891777,0.1467869926145601,5.191571002608558,0.5692765899291614,0
0.526253726886608,0.8686668275210749,0.1303885268192241,6.076475311512225,0.5664634268775657,0
0.5399496926526871,0.8686558979052451,0.11021493396465853,14.168301427763208,0.575993254082418,0
0.5453694524033157,0.8686193904528573,0.12667140964688234,13.409825975115222,0.6151905641823939,0
0.5441086473849823,0.868567222243393,0.14984179579356657,7.823894103555223,0.5505550251497467,0
0.69192472936093,0.8691286536387971,0.12259111870712074,54.00265757098897,0.629515444679261,0
0.4492944979382863,0.8680109268408994,0.11886153063599363,14.289348639758334,0.4658056740733827,0
0.5872986745000733,0.8688497163509457,0.14176130497481887,17.164228215591304,0.574772246283485,0
0.4163555993051737,0.8674438221419664,0.10395004180464561,14.29235522505751,0.5311398166482709,0
0.4273294589981503,0.8681643609340339,0.15848164204157586,8.672473674863598,0.540071733012727,0
0.5227780133413947,0.868580929675888,0.12575919786896506,15.78482171567419,0.5646986571981291,0
0.3820721859364344,0.8681130905906462,0.183600855644796,3.1385670079916004,0.5329863176311279,0
0.5325522769898837,0.86862550014835,0.1220002185900431,6.279113866204241,0.567073200161878,0
0.5518702880942189,0.8686631880180299,0.16586185380534677,10.372822715555936,0.5493473136679506,0
0.5603269170754129,0.8686870745971818,0.10520030320760404,25.120967263921152,0.5690568090665883,0
0.5274886410169604,0.8686275921210923,0.14888447712294853,10.893472464821869,0.635366326116583,0
0.45230719960221993,0.8683119491829641,0.11753677091554375,9.270189251670267,0.5399717007511603,0
0.6293540808428494,0.8688538964329139,0.11896069404672556,16.66586637804139,0.5965488313118144,0
0.5861874628401297,0.8688150889859846,0.11183717917845927,20.58848957207652,0.6085874859038497,0
0.6167631117836053,0.8686884205647423,0.1239648104624453,12.86822904011537,0.577466037279604,0
0.5730763131029714,0.8687085732081493,0.1615495877437697,11.467331606823477,0.5535966806949763,0
0.4983178547711436,0.868400162262709,0.10842364745333066,11.872283013377132,0.570493967390809,0
0.44386104274043636,0.8679688262121603,0.12481612955426491,6.661109148867199,0.5403334509138867,0
0.5201886666635143,0.8685839290582233,0.12870570138376128,10.746674613439941,0.5719277087939539,0
0.5286322752244389,0.8686337936458363,0.13405850761843455,8.080714517104619,0.5795959437606427,0
0.5267776659071667,0.8686572840000274,0.10823918969641859,15.63447443277069,0.5598975550574483,0
0.5892624409284487,0.8688240031755653,0.1420823122978135,11.968837033912216,0.573288435695877,0
0.5186587697566604,0.8686715913640599,0.1310718929047221,12.310354854386755,0.6311041970256627,0
0.5321104095970747,0.8686071467448754,0.13774245979905228,7.422227003265496,0.5593961070462904,0
0.484188332093515,0.868400660012418,0.14504379852010266,7.132129351152948,0.5890814952913029,0
0.5336209303153,0.8685832498825471,0.14887062959830785,8.670384371098391,0.5789901833012924,0
0.5276676578044357,0.8686138075855071,0.10609654091129277,17.84383730189974,0.536529720307718,0
0.5526443315238346,0.8686548550506691,0.1690956965897574,5.194618279805438,0.530787959896721,0
0.49411609351144264,0.8685164473232461,0.16041052174817283,5.092787915383418,0.5301526204378083,0
0.5210482173137404,0.8685850875338983,0.12712129195286404,2.9306304560309133,0.5571107747448133,0
0.43700633621362767,0.8683401874402614,0.11011703134077921,9.23263987841901,0.4925117380659823,0
0.5371106494891976,0.868609757488935,0.12735854835723154,11.573585833724204,0.5673794224477263,0
0.5385294318434384,0.8686285152513507,0.10176700392451819,28.890843991086477,0.5501335282055266,0
0.5253149060565607,0.8684619836519251,0.1239420706439283,16.079555751451394,0.5943361731649484,0
0.5593884096537743,0.868639163868154,0.14539685174247033,19.40210465111698,0.5500250281407464,0
0.4194701598527933,0.8683595654010987,0.18494217720953574,5.693922352850274,0.5022750919456808,0
0.4876845922055037,0.8684750034336522,0.12395411441330266,11.038777170291372,0.517191557653761,0
0.5742425231755317,0.8687334404651423,0.1109982681334375,20.182532379870015,0.6371326723039763,0
0.5650983464004417,0.86862126157422,0.1281844140479345,14.493047181582877,0.612861138022302,0
0.4292141846167417,0.8682929344824677,0.12321614951319264,7.340213440906287,0.5869279220063204,0
0.5871142160610977,0.8686774458343623,0.09652163622627745,57.459871090476376,0.4628510132492097,0
0.5138292988118497,0.8685488846593817,0.09303806759009565,121.10545685858932,0.7571883625740496,0
0.5745235359854123,0.8686405546112336,0.1253884248916047,15.851990008868267,0.5687468586167757,0
0.5499388051741253,0.8686241274943454,0.15465806957902853,5.5050000545375815,0.597932077892796,0
0.5339659230455697,0.8685764744697799,0.1191381258059074,10.793172799474846,0.5748216886157272,0
0.5748440277279214,0.868655266970965,0.15860233873749785,6.212451910309646,0.5409288640635816,0
0.6530771834752193,0.8687799987791841,0.1226806325873467,15.434747147191525,0.6740796824405874,0
0.608873625839743,0.8687227909952729,0.1276413633981466,10.914902286193405,0.5999854763124918,0
0.545769469102787,0.8686100058182419,0.13679652083900073,7.606774733374024,0.5677535306886293,0
0.538161896926529,0.8686326909585943,0.10737283622668277,18.649287552691735,0.5596647940060806,0
0.564737864636985,0.8686328202789267,0.14308921193793603,10.172602393072026,0.616048487070739,0
0.5223803009045184,0.868547899639887,0.12099949058248281,15.080136915509692,0.5664128789355299,0
0.511989894110512,0.8685894747355869,0.1290572843488026,20.924219423264752,0.564442122080021,0
0.5965137841156717,0.8686262923217712,0.17307960751444193,7.347709981548082,0.5694011457778734,0
0.4511355694296113,0.8682717488983833,0.11177192980109613,18.247016745648146,0.5307245843240049,0
0.6886826441407811,0.868977935970312,0.104111809372354,38.1514708168814,0.626550065638294,0
0.535162961710033,0.868772132713603,0.0986795852708748,34.9374262076751,0.5207056216274607,0
0.5795200887723716,0.8688449053231281,0.11109584928999666,20.26295761883605,0.561361929670726,0
0.5414957506584996,0.868683827042739,0.12459152674495966,7.704286037025204,0.5751501028431943,0
0.5214276213660757,0.8685460112961501,0.11178245241328172,12.732580917524686,0.531981867713364,0
0.4868044065831967,0.028095198912036237,0.10804377799344743,15.514116579862302,0.5613703707604517,0
0.621249850767534,0.8687817013983327,0.12358490666717038,10.616969417742403,0.5458802046735953,0
0.3777669607496843,0.8677959511821887,0.17391241780944292,4.365572681055236,0.5250608706343514,0
0.5437785155851697,0.8688420475533167,0.15222154580497568,4.104706917238442,0.5409133682085403,0
0.6909506450509016,0.8693638614315997,0.11719507869959385,11.120158370072913,0.5905931981054197,0
0.5974450450958266,0.8691494329161694,0.10567518809477171,22.831511555512485,0.5764932240277624,0
0.5275877162113553,0.8685883277278382,0.11049737315317526,19.195708837993255,0.5970833969301643,0
0.44956178891272597,0.8683761588814587,0.1313812560669215,9.686380457109268,0.5844172691879956,0
0.5428509558586807,0.8686358540560463,0.13803638689158568,4.8930473009027375,0.5697712454125213,0
0.5324085334390123,0.8685995905053266,0.18912504941362265,2.952788706122304,0.5716109426402917,0
0.480233369822418,0.7384935118787826,0.17979161776696087,3.6537924428458632,0.5461256027890937,0
0.5248237539259953,0.868575854290872,0.13499436314517893,11.813462882268853,0.5812454490519737,0
0.5276594754206233,0.8685818326876698,0.11304907110590173,10.67984744611023,0.5498241475353659,0
0.45988228166999195,0.8680034483181434,0.13294092530406174,7.546961680183407,0.504721847418686,0
0.5808534109512024,0.8686947035904894,0.1262878514409351,12.255850516668158,0.5258735308369493,0
0.53859198845093,0.8686353029528248,0.10379913315919949,34.02784446400888,0.6448966500845871,0
0.42277818062564737,0.8678358061854099,0.09596658908857246,83.93392345781214,0.48798703990075465,0
0.466579097128402,0.8684138624228309,0.11940292698208287,16.97787778917707,0.5855397375371184,0
0.2425235577386103,0.8653145269036048,0.1952325786202009,1.9261607113573649,0.4728850047729523,0
0.5864840561410234,0.8687207043748426,0.12933014994282493,15.129492503837835,0.6424619386824983,0
0.4508302143885367,0.8682644767918913,0.11325629276961313,17.584200811420057,0.5743461617920477,0
0.5241468056917501,0.8685901330579299,0.14510455474928727,9.149432587712067,0.5653396065672937,0
0.5556621869495543,0.8686618900193447,0.11620520052152233,18.174543257260723,0.5434289477735593,0
0.502372588436545,0.8684537101050088,0.12411052854150822,8.324253012034777,0.5644995910310007,0
0.5567078121070144,0.8687303283612327,0.148387401501037,5.449116658245412,0.5649888311128163,0
0.5515681911247391,0.8686741921291298,0.1127098608800942,19.308808882243408,0.5372523588523667,0
0.42667775458508433,0.868305408852545,0.16773391165980675,4.214027241027202,0.544753533926145,0
0.5420081121098773,0.86870545226988,0.10593450209637627,18.5461852138641,0.5636054964549014,0
0.5593927682053944,0.8686661158082697,0.11587557781878881,14.424517108441636,0.5748449807104584,0
0.5504002627669687,0.868673185593365,0.10204580412045021,20.00485510161766,0.560847411119254,0
0.5117931614326113,0.8685868686850234,0.12014523157917177,2.7869931030536823,0.574112062103414,0
0.4895486293731717,0.8685006954593314,0.13773073690399484,6.943714018873385,0.5572008971876586,0
0.5239722998619066,0.868598242531144,0.11811021281863192,9.432430206412844,0.561937166766452,0
0.5149605390420774,0.8685957051521681,0.10570801214389887,15.883695133228581,0.5040423340248537,0
0.579245343654148,0.8686848326843046,0.12598432464632683,30.97999498321668,0.561489241491124,0
0.4240194331524663,0.8684100175308069,0.1443051467245701,8.46620044642061,0.576078411508846,0
0.48448218472024,0.8683638119526687,0.10656094017734087,36.72542641487028,0.590216052327847,0
0.5654208674412576,0.8687228810396367,0.12202312382784643,7.7096664817473775,0.6038910897381126,0
0.5602457293585417,0.8686584120825499,0.11383644330560087,17.22885867786447,0.5499656610347313,0
0.4506245051855567,0.8675370349813534,0.14219014970955265,3.5034608344518285,0.540174304900049,0
0.5087977224664506,0.868548702634799,0.14251311483418558,6.377613188693506,0.5580978783166386,0
0.4457831676833104,0.8684183649162033,0.13766079386547217,14.421167217160553,0.5542687120178788,0
0.5438203583061324,0.8686724375517253,0.14067858242621722,11.546431203701351,0.578458606061139,0
0.49368699733882465,0.8684876019014043,0.16247538115556376,2.5309476681967094,0.5617467111349059,0
0.525714913535637,0.868504376830488,0.15831028290567692,5.68520239077799,0.5526360733638916,0
0.6537187744594343,0.8689540565872277,0.09915063311555382,54.23710874553892,0.559657503004403,0
0.4619402823532666,0.868085078717891,0.1384942634322698,4.761812598567169,0.5558091220710674,0
0.5178802426189076,0.8683707781338162,0.13205655563883406,15.56537748323072,0.579939433544428,0
0.549585299633292,0.8685844727477363,0.12932972933812445,6.256369534792041,0.5447078010818246,0
0.542887759810755,0.8686112569491306,0.14556559997430643,7.837116227783824,0.591648068216192,0
0.46800057820589336,0.8683701198928117,0.14268147313657087,7.932892481045502,0.542865831303718,0
0.56316715462665,0.8686905853938547,0.14735121951663724,9.178827418158743,0.5754031777789037,0
0.48398957507036,0.8684879425436357,0.1873246265592237,4.204682337513953,0.5551774967180756,0
0.5135208203098011,0.868563328122856,0.1465789287457985,6.775013335703266,0.5741227458089649,0
0.408683321014957,0.8667307775677445,0.16209942864243942,12.058317796154576,0.5160319922329081,1
0.39583540526075134,0.868356747064543,0.20221722107609583,5.712659575854842,0.5473539726089746,1
0.5252139424372514,0.8686378896263697,0.13426555179187838,9.702537463462466,0.5696287090478543,0
0.528824792599174,0.8685955971149907,0.1458944531217546,9.708410298720455,0.5453187946247767,0
0.562204737767004,0.8687092572987637,0.12734782561632288,9.686726888733256,0.5995317581335534,0
0.4850002691878514,0.868529458928024,0.13948237099698071,11.79351352094259,0.5710095757006536,0
0.615386964158492,0.8687818514865056,0.10904170443355189,22.214846502806488,0.5475557052710557,0
0.5719648508501417,0.8687819440594066,0.1450802352337871,13.083205877915033,0.5706833180342671,0
0.5843663456836737,0.8689469136192489,0.11492015509275554,4.258630431880716,0.595498820119157,0
0.49501602624796,0.8684942702402866,0.15899251527654992,7.15395525156382,0.5577337890552313,0
0.5396279066141454,0.8687842108078133,0.11028008432147873,9.074492887240002,0.5855286950558619,0
0.5874731699824803,0.868888664055396,0.12626502235226175,17.74145477763264,0.5875289660543183,0
0.4582908607960066,0.868461697438209,0.16598135078786727,6.653176677591085,0.57598623726718,0
0.5184710824128107,0.868556075295181,0.1458944754751166,9.483175526695062,0.5742921319387634,0
0.4473440879921373,0.868019356995903,0.14034669516134066,4.201403782569429,0.5492951307593956,0
0.538536725126055,0.868657637183594,0.11566627481253648,15.588216647627991,0.565672103474659,0
0.616824085465054,0.8686907892772093,0.14514115607762537,12.11689254632816,0.5888497234873773,0
0.5030780797944376,0.8685242124978373,0.13522685892821826,11.019702277586674,0.5785068954492742,0
0.5469416931587617,0.8686802574409248,0.1109987113251743,15.899339054995615,0.5566626455452833,0
0.5875459113226983,0.869050560967975,0.12613047669801827,11.037466497535403,0.5906947888405066,0
0.5014009955591584,0.8685348219774873,0.1494793982846126,6.301578210175662,0.5653533961350463,0
0.5326201130862414,0.8686076370742114,0.16531550653267468,6.886619636286743,0.5097157283857293,0
0.4741043852955757,0.8682273045375765,0.14264492736537543,4.958322577780635,0.559037550330426,0
0.5715751902664267,0.8688109588420546,0.1394592008520352,6.426938515174834,0.5778915452834656,0
0.5244117738512143,0.8685679470753164,0.12341696376764429,13.330059529301668,0.5490315843842556,0
0.5271390876430306,0.8689187634899733,0.11623758725163068,8.5568067871136,0.562169684362534,0
0.5731759960006307,0.8689752682317949,0.09882992594476776,59.212975817611245,0.5254369119959,0
0.349872208605573,0.866974481390197,0.12359611646002121,14.54029881828101,0.5498823843137189,0
0.5067861408599786,0.8685211560373123,0.11886154542139764,11.939969457157837,0.5787708670650801,0
0.5870453715416043,0.8687384308419573,0.11678808988866175,14.626858412744632,0.5967885755128697,0
0.5283769534064383,0.868489686150521,0.1293519839740927,9.837988939215844,0.5588915821488466,0
0.4598842760418364,0.8684619060265902,0.13146173132031694,13.702121381344169,0.5441485458943657,0
0.5658044185786003,0.8687192477405642,0.11875085621097577,12.200154698881924,0.5253948223797263,0
0.5752852063948594,0.8686186800804556,0.11983537680689506,16.954742606197073,0.5409761213988077,0
0.667592286530355,0.868883793433057,0.12473734903610094,13.644365026057697,0.6337418007604366,0
0.5606395227707286,0.8686317632094359,0.13733347467069226,13.360711522613508,0.5633135609781136,0
0.5162077759121996,0.8685634488050183,0.14239302598284578,12.916957032093885,0.5536225033162737,0
0.5891933101243666,0.8686240294775819,0.13828309189381982,10.365633161186256,0.5392977085724273,0
0.5813704449866183,0.8686629202235506,0.11824308986285997,18.34135053137717,0.5742922312307837,0
0.5452352374973447,0.8686343329767804,0.15032978707007041,7.406958732075451,0.5683519426366109,0
0.6813115455510763,0.8687642791165217,0.12743854163117813,13.093300794700363,0.5670904717899433,0
0.6522197861325264,0.8686691227717646,0.13971851499832674,11.540905448104661,0.5661395056686916,0
0.6328486945560643,0.8688905776655748,0.10272355215183913,44.345822874869974,0.5959552040683086,0
0.5461637953042277,0.868633035068784,0.13790703772053256,6.24575257832019,0.557385370990234,0
0.6212144849792613,0.8687279999791081,0.17646026668480888,6.35095196492603,0.545828081046797,0
0.46230112223316366,0.868517577684503,0.19528059022422398,6.766592779607265,0.443974827611146,0
0.323904405053887,0.866891599679033,0.11907090257833863,10.725292976375224,0.5718472272740823,0
0.6199239052903763,0.8689731185282173,0.11321227829834386,6.578595393197942,0.5895318528858504,0
0.49004217594293936,0.8684657848003531,0.11969078163809077,7.211139084669895,0.5904934556881527,0
0.5794202829011881,0.8686542572657924,0.14719173524626933,8.890471597114294,0.5911245530420327,0
0.4931576886777383,0.8685268050616783,0.1345426888507302,9.659531927940378,0.561539218143613,0
0.5958974598387533,0.8688260453584197,0.13534281499375117,18.826684092226373,0.586889756752503,0
0.44769843534344905,0.868298572039095,0.12980752607594667,9.452979597043203,0.5651784262268671,0
0.48501404293020606,0.8684650576106256,0.12012306134367856,11.950051071440443,0.5556454394373903,0
0.5782285721635986,0.8686435511003547,0.1403096117984424,10.228305783340751,0.5861734572438587,0
0.487014221935717,0.8684832422576872,0.11346446909816116,15.191252375310762,0.5561855223845132,0
0.553101302738073,0.8686053815089966,0.15451368375221414,11.806803105108779,0.639214738580519,0
0.5533948308354603,0.868626887974368,0.14290925653657263,10.667557942961638,0.6086486819521763,0
0.5352317627695152,0.8685957383637487,0.1470812601534431,7.8922158038949455,0.574453066856611,0
0.5730565363439537,0.8686325330243944,0.13964812985487263,14.230660991900214,0.544847184330605,0
0.4775920019750097,0.8684504351355774,0.1697008210586338,7.791097585665473,0.5477968586356003,0
0.548470295623658,0.868599297899165,0.16394889071442517,9.414991343415409,0.598271542894016,0
0.49398087264404267,0.8684783064022827,0.14749838799000356,5.218435544702686,0.5624960822073523,0
0.6429406872516077,0.8689385906427782,0.10686393869343065,31.98204168046042,0.632569645671624,0
0.5821227754468064,0.8687459092456639,0.12037849578141972,14.071877928637516,0.6242033905094977,0
0.5773718463504497,0.8686902853267463,0.1462125718952876,15.015999866053379,0.6403800335372106,0
0.6471665522516609,0.8687941958362394,0.11471198819714949,26.41845813852913,0.6045194786805487,0
0.577532249994807,0.86879895021328,0.1475120863268966,9.43515614800625,0.586983795344143,0
0.561035085667941,0.8686071888993707,0.1443540437605421,7.733059495341539,0.5573182498854253,0
0.4820480108778186,0.8684404203943944,0.16644391859621974,5.028186090482851,0.5619926750351087,0
0.5706573707926808,0.868732673190049,0.11366113055018597,23.373059912264445,0.5482026890356747,0
0.5219501366288494,0.8685817831032093,0.1383995238632722,10.841592589657262,0.5554290518424637,0
0.5072981189337363,0.8685475220559736,0.10885724085462517,29.24056465169932,0.5571296965978003,0
0.46416921636737335,0.8684332128003027,0.13347009218837907,10.877343616446066,0.5478153865501737,0
0.5907909616008037,0.868690401048088,0.14326970680480522,11.410808492848165,0.5485720240397037,0
0.513316881448426,0.8685647714677387,0.15201954625888126,13.750515459483529,0.5490004814145076,0
0.563697178161006,0.8686013561723686,0.12733722722094995,9.752078804666256,0.5672415893848014,0
0.46849726833244265,0.8684841994320034,0.16524607927407778,8.34079441131704,0.5345838863362681,0
0.5371505334671817,0.868599318732073,0.1624462870438616,10.740976867967207,0.585728613811694,0
0.5273801760674363,0.8685580687528244,0.1645313477773885,6.769982178923601,0.5420525117154726,1
0.541723177339072,0.8686505357009032,0.12686216965376812,13.91108616379434,0.566189998477772,0
0.536022041916694,0.868595276386734,0.12725736771004934,9.149303255057838,0.606302564002569,0
0.582364914715099,0.8691350498936624,0.10415463998848863,11.186176479806244,0.561395147861115,0
0.5000642460552484,0.8685501492636648,0.13329754173443004,9.920924723121676,0.541432900502085,0
0.5678405044958134,0.8687088203570399,0.11472315816398126,19.033803816358468,0.5539491153119447,0
0.566373485761052,0.86875588831693,0.12182231199170246,11.348950875405484,0.5673756979269277,0
0.5796520439742959,0.8689183974588516,0.10417589060586584,12.464271870491903,0.6084457721729114,0
0.520504021333977,0.8685705940335494,0.15335766035254053,10.09924270538879,0.5534347391607687,0
0.551165089866249,0.868770423996737,0.1131036959869246,10.296776975780485,0.5768622265170683,0
0.5787342018801996,0.8686885622410147,0.1264453208395373,10.914016143806625,0.5660326725298027,0
0.4821642799906547,0.8684873853495326,0.15040448189510738,6.235590450171406,0.5725201352079355,0
0.5378344333782213,0.8685734389779484,0.139966925473783,10.87336352331724,0.575084312436361,0
0.5884432005326626,0.8688014414904405,0.14266824977771864,9.035167099283639,0.5773729124778384,0
0.5908416777733133,0.8687362252985144,0.1222790357214571,15.85261989163888,0.5974732708484244,0
0.7598173140697043,0.868869768236379,0.12869444965741467,16.784727055536557,0.6754820280147618,0
0.5525863987041301,0.8687401729511143,0.11268820730703182,24.70703668724793,0.574173236854528,0
0.5461167383431259,0.8686590814661237,0.11378152003809548,16.092422907730903,0.5571530806308851,0
0.594298938113603,0.8689844057875407,0.11497532094714419,10.270157117904011,0.5695422834077614,0
0.5490936103547903,0.868615527495606,0.1409147854765919,9.107355657014164,0.588897796865789,0
0.5391952535052144,0.8686117309404326,0.12700943867907086,13.064612006031012,0.6171348373873307,0
0.542422392679384,0.8686238416908356,0.12891016429080074,11.77679544271958,0.5782148201472174,0
0.5810479396579824,0.868761959371955,0.13927004285068942,13.621170609903846,0.5653630516532077,0
0.4793989413545113,0.8683577304599753,0.1366335711944879,5.75070186656147,0.5392418140931193,0
0.525871247346168,0.8684159879839816,0.11221870614442463,2.7214874042034323,0.564731710573194,0
0.6313844103026504,0.8691135000123134,0.09448525998683294,77.36621695401634,0.612187612692659,0
0.5101130209769567,0.868467321490561,0.11720615171588293,8.195961584994253,0.5387266918458323,0
0.5147794622722303,0.8685427457073606,0.1309585014596139,10.121417991687043,0.563575728378394,0
0.631266572940249,0.8688352961819343,0.11492076871675166,16.331282329988316,0.6174289221829846,0
0.543753900286664,0.8685822160036277,0.13036480019905475,6.610772094368435,0.569506246256602,0
0.514291054255099,0.8685617959528606,0.15098230305057433,9.998120677076153,0.5782332108801773,0
0.42214682432595296,0.8683267022835733,0.12599589233762806,6.105604111269623,0.5531534255465776,0
0.500677676066803,0.8685331231025927,0.11041053212641204,13.606944838660112,0.572067197192212,0
0.6333734549709417,0.8688438605739707,0.12878503455459142,15.791093330653966,0.576411328215547,0
0.532351696674256,0.8686266628099863,0.1363771941121879,14.442208259635503,0.5439265572041783,0
0.5143414866593116,0.868553110831713,0.12930750395552085,12.3251600168191,0.5652498489087411,0
0.565990910050555,0.8686285647696304,0.14365348232694705,12.022872296781284,0.601897785959684,0
0.5304095373799687,0.8685624755082694,0.1197459047896221,16.974003327344672,0.5888681924359144,0
0.551101447667529,0.8686361144680507,0.1367155006045068,7.095045862274934,0.5590328612812686,0
0.5841603380644197,0.8686630295803376,0.1300806657300858,14.23060060499596,0.5400808329353417,0
0.5708913176915257,0.8686608581734769,0.12016750648086533,22.016850901459463,0.5188084674542347,0
0.6492956377994057,0.8689553191228908,0.10788199198752202,17.751753660311334,0.562688986982843,0
0.589529391045613,0.868709032755692,0.13390819425504877,8.267594632557806,0.5813292978600426,0
0.5939371087496973,0.8687074249829094,0.11931507503452203,15.398319451348748,0.5989058767251371,0
0.5631018962718907,0.8686088463741406,0.15083153212156833,9.942848078039349,0.5602888012939607,0
0.5995951012908619,0.868779623453085,0.10658302158577704,29.299190881826544,0.6213488621214226,0
0.641539303374251,0.8689559121349885,0.13128953868545676,16.871412142772993,0.5801804456502223,0
0.5187305302720917,0.8685603611047746,0.12510764659893478,11.729495563586894,0.566794868794153,0
0.6051169644379687,0.8689206951988844,0.1089659239303261,4.482814389309288,0.5965740237540443,0
0.53414451886319,0.8687002206702417,0.1203446727729686,6.0449945032968975,0.5550639506460867,0
0.558764530413622,0.8686411169171854,0.1280831072343219,17.87259584782122,0.5823735960629757,0
0.713102231366788,0.8688656979805659,0.10668010341588473,32.747061069240274,0.6480776318727076,0
0.602437160770266,0.8688659685227403,0.1188498463500864,12.287879521359864,0.5750442377384634,0
0.40066331237282166,0.8681884800262724,0.11413124510311497,17.670168633095628,0.5599210849839379,0
0.5214534054126561,0.8685864040906589,0.11684322181620245,15.420247220965173,0.552498292814143,0
0.556959685614351,0.8686025649088966,0.1596801545725788,6.9774520239249735,0.6038134422151357,0
0.5248383926354073,0.8685981399104973,0.1247371526924596,13.91326576441152,0.5583789409796344,0
0.54058295406234,0.868671409524175,0.09920416457115204,49.39848117186069,0.5618442981749924,0
0.536860382622099,0.86858792354485,0.14562667416573402,7.733884424577894,0.543002580133855,0
0.5584954629546464,0.8686530764871669,0.15192955740651215,6.2742924209448985,0.5683565982407593,0
0.510646435903868,0.8685529391552483,0.13599273478955473,12.70250594381655,0.5620209041970693,0
0.517742269066634,0.8685837695576796,0.17995421517545093,7.253803287659688,0.5947917258625107,0
0.5347774887397954,0.8685982254685053,0.16695663469152477,7.063553509515831,0.5669182196162698,0
0.5568322218318663,0.8686352572940184,0.14898343533097533,20.9295727234415,0.5651826929936513,0
0.5579349454928421,0.868744588381451,0.10165944147083224,47.56631202708982,0.5826467250917353,0
0.5951863598003163,0.8689526445494606,0.12302602248558063,12.629271734680126,0.5975728159073223,0
0.5226147255667903,0.868574958018283,0.14270493274212107,7.13756332801621,0.5112152228037636,0
0.623626570123102,0.8687924724225521,0.10971462493784011,32.50202295054187,0.6594991209857354,0
0.5525260096025637,0.8687395269443406,0.11688721248577037,12.24790177570587,0.5330078632261577,0
0.5817727284727333,0.868635059043048,0.14819107701679446,9.943017649680975,0.5721646927339913,0
0.5329966543557153,0.868593935988201,0.16082026104363453,4.61833559540297,0.556387802471912,0
0.5455909969907343,0.8686857327800377,0.10918261487796782,60.675832413748815,0.568003890316393,0
0.5180345548080993,0.8685835936387273,0.1528328139040933,6.9894294056426185,0.545005095570539,0
0.5358823039534274,0.8686413316310411,0.11776838635685598,18.667140782808634,0.6091269127099009,0
0.493486927105456,0.8684620760577193,0.11631485958152425,16.3672398211584,0.5626343535564263,0
0.6365304786605913,0.8686410539287693,0.14756222879993638,10.41907346492563,0.6382925962215547,0
0.4819523846180973,0.8685231068714603,0.13624846366187326,10.742485731556089,0.5079828891229816,0
0.5524116284365563,0.8685685560026837,0.1323429699389024,13.222689277005669,0.5656316678815406,0
0.5421591226179827,0.8686064824198437,0.13759146858874202,10.267279678905826,0.5729922894833096,0
0.5474765497515777,0.8687406928613863,0.14078545946573742,12.93560496814372,0.5561709862060443,0
0.24317139700419532,0.8679440275894587,0.1569556021834356,5.829036567400134,0.5936218939832694,1
0.5049097810688253,0.8685228012726407,0.12660264105480082,10.229905889936747,0.571591154235103,0
0.45147441136165467,0.8684659593156719,0.1595824233649268,7.543231416526874,0.5633835089353814,0
0.519884120881517,0.8687871802105457,0.10635579665307038,6.471004316656128,0.5561821565128467,0
0.5372885217790211,0.8685937508559807,0.13111843249665883,9.527202510439611,0.5675895686516347,0
0.501784514236439,0.8685222046401894,0.12369669682027225,14.470369803069843,0.6043822075519784,0
0.529757749776859,0.8686241739883127,0.10393940350609664,13.630682312575921,0.5787788100703996,0
0.5805458951913934,0.868908390126714,0.10644263759826789,11.88298941242507,0.5776293096566113,0
0.5355770011146733,0.868604278062658,0.14168944129546834,9.480026868068865,0.5845666972713625,0
0.5547542484607143,0.8686685153534918,0.11542525311539727,16.992232946298476,0.589205658983139,0
0.46888909636394166,0.8684229985753743,0.14516501295131903,7.9373556728954195,0.5448289226532583,0
0.5954583948999347,0.8686310480277863,0.12937468682799677,12.611643909758595,0.5951906648598849,0
0.5814228137507227,0.868844716904404,0.11482159201745307,36.234988904796275,0.6460934686409076,0
0.5820459150648186,0.8687311989880934,0.11395632184948352,23.037450454813698,0.49686529516655265,0
0.6075677671571407,0.8687613217626776,0.13983665218087357,12.125974964346625,0.5920469395624403,0
0.5370301710435877,0.8686603668132853,0.10882442292511633,30.429036295200476,0.5988351875299056,0
0.5237938579308884,0.8686139039628383,0.11777904225592194,13.78137982345093,0.5871337842721913,0
0.6313489372612849,0.8689137670583333,0.12872887422036916,4.534949445824585,0.606017587546506,0
0.5164308771584213,0.868569553448939,0.1251748058372499,11.49646219961359,0.5970848029069343,0
0.5443461934285733,0.868623103417742,0.1289208192683962,16.096401531343513,0.615938001592796,0
0.5862783631532537,0.868865034291186,0.1334002276643861,9.442131704966995,0.5719581795251704,0
0.4874251080601497,0.86689545875538,0.12092213079891893,4.382435173363425,0.5757789456429403,0
0.4865160303802593,0.8684059433835883,0.1341850726167246,5.604468161661059,0.5474119022832743,0
0.6055167311638697,0.8690157634460359,0.09942893298640833,48.485576955591576,0.626145729367756,0
0.5102181765637314,0.8685136180973306,0.12965955645134866,6.7228198025909665,0.5529122151147813,0
0.4832690968094137,0.8684938065555157,0.13198815138226552,10.25034517448259,0.537116712715479,0
0.5406122622862083,0.8685979097081012,0.12572537815840593,9.885758769245236,0.586317932054044,0
0.5382553737047288,0.868614091785584,0.13013697611620942,13.431645136349415,0.5637916277140766,0
0.478443265358698,0.8684853637209443,0.1343345317951784,13.878733246585922,0.5889673423259499,0
0.5306004715913963,0.8689014079254856,0.0936979388022522,12.94213377115602,0.5545646364679097,0
0.5124944947091049,0.8686246834890353,0.1026477985233507,29.64004234202916,0.5447592909585279,0
0.6004339642886024,0.8688633644785932,0.13179280636169913,14.65282328861179,0.6281551940657196,0
0.5033848426189077,0.8685332745602375,0.12868294971399455,17.09054302487506,0.5335843663560603,0
0.5385560737744776,0.8686413793725561,0.12025601128764234,13.842282756170402,0.5634184326108009,0
0.5397422812883677,0.8686250305060254,0.13172447773620927,13.236389063784262,0.5968572401846753,0
0.511014836561326,0.8685536196067553,0.1281504139849848,10.457392728907587,0.5503466109760814,0
0.47973342188648305,0.8683897696189037,0.1464438093523831,8.584596992060673,0.5740964261170497,0
0.5500080417257646,0.8686341193268671,0.11575387441184086,22.627148408700062,0.5333459516322251,0
0.5817121490193703,0.8689056701723604,0.10466138936821984,19.841889255169868,0.587153911268832,0
0.5232656968199727,0.8685768502901713,0.12502861687385347,7.92674879371166,0.5579020732614013,0
0.513085308094538,0.8685717190916974,0.11584270122823896,17.113313514854674,0.5552436577372752,0
0.5533289130745903,0.8686134598244131,0.15225964856707722,10.2210084740076,0.6064205068442209,0
0.5638659095125901,0.8686249553052967,0.13068472639907563,12.668562310716364,0.4976630054291857,0
0.574830008872571,0.8691424490313456,0.10679890318086516,34.29952536814214,0.54063329694169,0
0.5744517655970733,0.868724287582021,0.149095670175572,13.863078320096761,0.5728774032244456,0
0.43480246544221934,0.8683344593897298,0.16167384095630744,6.926308212591873,0.582608556019832,0
0.523348904078528,0.868620922021678,0.1155894060225137,23.192465219115125,0.6090379305937147,0
0.5484246343771048,0.8686365347738024,0.13297548236910392,14.01061463723447,0.5745442632731509,0
0.5710986699999391,0.8686350677381377,0.13809497365219434,11.23040434560693,0.6028062549681991,0
0.515287457199613,0.8685629260511897,0.1179665679409889,11.990618472522346,0.568315148618724,0
0.594141157363763,0.8688310758117698,0.1057616437928201,5.964754859565364,0.6002213962761926,0
0.4914764007881973,0.8684751089941952,0.11332193349831247,17.156824325372778,0.56084887852558,0
0.5373015149544906,0.8685971962015536,0.13020519201814865,8.674136697878305,0.5259037766577347,0
0.5906569138983033,0.8687189085052479,0.11283028111159173,14.91291217219911,0.537331775341522,0
0.5681735261109684,0.8688671682293537,0.11777948822970409,8.175175161995826,0.549263471600889,0
0.565982706294413,0.868635528714377,0.12030061508740438,15.733581771568222,0.5841128780698314,0
0.45648552966186934,0.8681294153389277,0.09893651319894577,72.60992297481637,0.578474163219118,0
0.512047836266897,0.868564670027101,0.11290702082527881,21.166910725395162,0.5805575861173761,0
0.5315470584645446,0.868590116380534,0.14245293575157345,8.668994116783734,0.5711808747130507,0
0.5080434492744274,0.8685923977582526,0.10468261139357471,40.75481317554686,0.6621386549488627,0
0.5313309376786494,0.8687442996972323,2156666666.7589707,171.0373617260365,0.6021374153926673,0
0.524374642699334,0.868579950084416,0.15114686660621673,7.718462748910494,0.5964122478205257,0
0.5753161691975001,0.8686792107646104,0.1478942607230834,9.001223987868656,0.6301159128760391,0
0.5649059291380589,0.8686157124350832,0.11129193155190233,29.90546479094223,0.5955395323321114,0
0.526784309951987,0.8685943234560204,0.15342222376902848,9.836986137028703,0.5800318860533094,0
0.4993470569117626,0.8685731928333821,0.13542432994734624,10.182780747148769,0.610500713849877,0
0.536966850766574,0.8686252091643754,0.1523365771541608,6.014851033652037,0.5540139939563943,0
0.5610986513225787,0.8687730410516753,0.10449924666969128,39.600071505004784,0.5729312540801906,0
0.5310020077441804,0.8686548551831974,0.11691997520864787,14.476569122959743,0.56645118740812,0
0.5093604729783143,0.8685500610500797,0.13180491133607702,8.277788256863355,0.5576580453110976,0
0.573034389034356,0.8687544728851823,0.10539485805382091,43.45377622060655,0.607393727854144,0
0.46726612751662006,0.868335009718893,0.1293073119458742,5.913521824385442,0.5714886219462287,0
0.5525328720174727,0.8686333924177454,0.13321740812810573,10.70597406485587,0.5718045732477363,0
0.5930284703926697,0.8687401567132591,0.13427789484278663,10.262553337127494,0.5844150388664979,0
0.472809218312601,0.8683129245525624,0.09942891830902334,75.44089595493188,0.5360685521962036,0
0.5156718113201243,0.8685532805241643,0.14959204464266043,7.289616453197894,0.5720421087586557,0
0.547831954684077,0.8687066520293071,0.10988896245406637,25.78935279690732,0.6008346338617278,0
0.575843843083772,0.8686759848557467,0.12285817312186716,16.22367428183983,0.5537763499659714,0
0.526439375059243,0.868592670949104,0.13601646238410145,11.26656821811862,0.6112313782604063,0
0.4307376040582347,0.8683471358255216,0.13535450807771263,10.919919046631525,0.54596156555879,0
0.506132548762293,0.8685549588480357,0.13060461320838102,8.220091237587521,0.5222438191348293,0
0.5081628600185676,0.8685508605237257,0.1740445617346403,5.8732586399285855,0.5310397380499047,0
0.545363702084139,0.868605238782441,0.12946581766962703,9.82101567541939,0.5382703702515167,0
0.5116390655338526,0.868530082717034,0.13941192991501064,8.486783113653505,0.6151557552887549,0
0.4874464124571733,0.8684520884389713,0.16555971568806904,3.635297727600045,0.5632600480576859,1
0.45794147507043564,0.8684158045545267,0.173012019498011,4.9898358857578256,0.5604789866306147,1
0.6048336937035956,0.8688392601244423,0.13368842273147152,7.523018825863334,0.5702651996905373,0
0.606733688001665,0.8687613761224527,0.1444021078803073,8.92181438695867,0.612255994102715,0
0.5365133524420259,0.8686077611597196,0.1342655767222697,11.218671864643499,0.584949001999426,0
0.580041662877555,0.8686537110083994,0.13611990552864325,15.707560061264289,0.6200885676331743,0
0.6063061255685357,0.868954361445122,0.13033138211047487,6.397796812728466,0.5914991687172884,0
0.686143532877607,0.8689953676010993,0.1217227119277024,18.22133238132709,0.6372520994156273,0
0.5643854334169695,0.868674124914051,0.1351909154654563,11.114843680754296,0.583358411626956,0
0.48716909852233997,0.8682949543406027,0.14242942260376923,11.293144841460128,0.5530234960271586,0
0.5492066331908616,0.868652004123347,0.12858068975442732,9.548452455257264,0.5721893113732782,0
0.4715795691737584,0.867633216981929,0.14579851836442437,4.806464117402709,0.545153134528895,0
0.5550522031737036,0.8686701936662641,0.12258039570388013,11.848931572072475,0.6144716991222067,0
0.5515053004721077,0.8686774919573415,0.12855788592902126,17.0329106697528,0.5764584799327394,0
0.5363287587316653,0.8686177435035397,0.13013693797220377,8.634329017425953,0.5870571610636334,0
0.5570819596443837,0.8686674328755556,0.14210656086453702,9.92225538199846,0.5657635469852544,0
0.512590423589605,0.868614219106595,0.115326170163541,9.58977760003698,0.57441024118238,0
0.5557775407271527,0.868691160100743,0.1301379100986757,12.147965595242127,0.5701919364409683,0
0.5667627558845504,0.8686514300182157,0.1459681045673256,7.388554156790862,0.5652040868072546,0
0.5010936753082657,0.8684977947232563,0.14067848254372492,4.967830587357598,0.5613072202166663,0
0.526476309246562,0.8686526657941833,0.1470331017990469,5.397780697609585,0.5509625798308301,0
0.5670482658072187,0.8686790535135049,0.12521989794329977,11.611571274800568,0.5729410782745906,0
0.5295534607132762,0.8686172814240773,0.13655144765411872,9.138436975188611,0.5564986586596193,0
0.5717652979014707,0.8688144181076977,0.12094475712672793,17.586041565346182,0.59819896582238,0
0.4932570652448917,0.8685209160347673,0.13623739321379597,7.87957737880129,0.5273596779227266,0
0.5387336649368314,0.8688079081099006,0.09620151783947957,85.39950687778857,0.567343062243975,0
0.5152031419667433,0.8685610623119716,0.14319768655492499,6.214653066748678,0.5616707245350581,0
0.5628160282909244,0.8687269592068491,0.1058050499220119,18.33019771483863,0.5687393868624081,0
0.5489886376504687,0.8687250282675693,0.1416534355453057,7.82514723152016,0.5621494414756363,0
0.5135103383506797,0.868575650749274,0.15129882283208304,5.917006723653748,0.5154389264788694,0
0.5725134345518029,0.8687515284347924,0.1420345598641198,14.885290459202547,0.5806330757083517,0
0.535863367112607,0.8686144173083,0.12481560113758076,13.488685131370802,0.5945268194273317,0
0.5689067019510601,0.8687229166411826,0.11698572651374085,16.356905685526904,0.58121804743435,0
0.5317901933800274,0.86866831864939,0.12967081850124498,7.019994586032927,0.5771033335335204,0
0.49125922571914993,0.8685309964422849,0.12766417370911434,10.716544512253963,0.5723867062727027,0
0.547889229340997,0.8687656957231834,0.13519141523059747,6.125705403716377,0.5738720636812293,0
0.5405164505032066,0.868752546658481,0.1064427043475229,22.153685152935097,0.606123186359912,0
0.5471735853236944,0.8687964966757628,0.10821765146361724,11.636615875991614,0.588998836291291,0
0.5310012513363792,0.8686601641086614,0.12811612939728298,12.847960482403947,0.5565646386750936,0
0.5295586212041107,0.8686362659892547,0.1267838369258726,7.2079011127083605,0.5557794871325422,0
0.5289409862949696,0.8686027560075793,0.14583515565213478,13.428409300894693,0.545189923624916,0
0.590769936883856,0.8688287586805252,0.12819551241566915,30.248255738746707,0.576118681360152,0
0.522154735191742,0.8686502617295178,0.11896112904884308,13.248135944223456,0.559387428071648,0
0.5519349526487003,0.868617991576544,0.16756004580767433,8.992123703146289,0.5624720739987951,0
0.5697000096870684,0.8687153477369307,0.15621873294361235,6.905425907897506,0.5632933206731493,0
0.565783802583538,0.8686600831188677,0.1436302636152445,15.411910658402295,0.5551822216216367,0
0.5369967750528276,0.8686082705826429,0.12221232194107717,10.115464214469538,0.5619554509486133,0
0.5668457017578951,0.8687153624506124,0.12972808377265319,7.352549369762861,0.5703478050100124,0
0.5541795349852324,0.868664427960875,0.13390816512733975,11.240542723716166,0.542977334571904,0
0.585079615951952,0.868697318048213,0.1430054767313077,9.836313896842965,0.583089524263921,0
0.48544871522727195,0.8685255809677567,0.14280055457222632,7.543395708190548,0.5499959189481457,0
0.5761635729659534,0.8686803171666077,0.12984135843797937,12.696368588478817,0.5466849312804433,0
0.550447556384773,0.8686853520118013,0.12730287887546368,26.809968718764726,0.5908431219966611,0
0.554709254713626,0.868638079710642,0.1616848126858544,11.550664933851621,0.5725043886577733,0
0.4517629835515944,0.86841884021457,0.13713444492794183,12.754126970219017,0.5161586185060837,0
0.5439619094516993,0.8686247045987493,0.15349892078939234,8.403491548615737,0.5847125455981756,0
0.5881752929299697,0.868890745124995,0.1096282094515937,13.043804028383573,0.5905096431881081,0
0.4916548255264456,0.8684728014845252,0.14675087855199878,9.46173933148895,0.551194060011134,0
0.5027697968345026,0.8685034816409244,0.11171688017316676,23.362476582346897,0.5613522867174483,0
0.5315559475369327,0.8685978271266727,0.16054842318551057,8.503023072813674,0.5426088149690173,0
0.579252145295297,0.8687829076627874,0.12201202223937567,12.285601431361686,0.5806480290265706,0
0.5347858593126616,0.8686235334171909,0.13530692200461555,10.487159123919781,0.5852639828721781,0
0.5379521472094816,0.8686109211469116,0.1184196218463918,12.404878827100202,0.6002878058754559,0
0.5494595864501536,0.8686797362353701,0.13299726880137833,10.823668729456738,0.551193454606358,0
0.627837071783851,0.8687802845146996,0.12169997696343636,17.415602660415924,0.581529055863852,0
0.5980075480673236,0.8687983754631959,0.116446826650003,20.24857447592052,0.5563630861664604,0
0.5445815057114504,0.8686858749754789,0.12225623022946841,11.331006688096926,0.5581347919822877,0
0.4848543833293957,0.8685387778175796,0.15414129725400938,8.363746701537078,0.5421073050258614,0
0.5944128632717031,0.8687935337915896,0.14842462473778253,6.104620093715896,0.5764959532649011,0
0.6833583933696966,0.8688506758951154,0.11175014798719378,22.17966360624214,0.6330815535849533,0
0.5790985238120393,0.8686781709670496,0.1537689018783893,7.3550222149590745,0.5701115072198594,0
0.6233147001703553,0.8687313872949183,0.1290345419025532,15.634704715565093,0.6307279041784604,0
0.5238931929385643,0.8685917169857214,0.13447388703061888,9.252632850527043,0.5442294332277263,0
0.5351671642953957,0.8686023283071007,0.17848695708196596,6.926281629613871,0.5401746845012539,0
0.5185223794305314,0.8685925794048296,0.1456752620022451,9.764652498054396,0.5523351446588484,0
0.5789294338113447,0.868727126737724,0.11964633506358702,15.090925257480276,0.5871412603422114,0
0.6165404906794291,0.8687587505846047,0.1323435345089529,15.240512559052494,0.572878334716739,0
0.5297524906542617,0.8685987778406267,0.13733304355947076,8.878211725118952,0.543298267906226,0
0.619817285005655,0.8687810724405397,0.11517251032866416,13.605303213321099,0.5914050480334763,0
0.530606956172552,0.8685830896636947,0.13529519936086845,12.299916462952178,0.570688639867172,0
0.5359497179279443,0.8686245534198346,0.12593872861529412,12.322121937373309,0.5610012120987427,0
0.8049704978681437,0.8690289300583607,0.10838016621331586,22.509409600253534,0.5770356302966747,0
0.6094117612607254,0.8687508134684148,0.12735913753582032,13.640988420076393,0.622899331203539,0
0.6279901918108753,0.8687441605395354,0.12364006704564678,12.43573885104176,0.5638871382329457,0
0.6283659117773697,0.8687962891939248,0.12443533908011772,12.494179042063715,0.5528615316927473,0
0.551659635314848,0.8686201825880744,0.12304880908523068,14.634613378377939,0.6024493341987974,0
0.5271284391957893,0.8686180995505937,0.14307604733050847,7.940631834310224,0.5956503831820287,0
0.5770866652576583,0.8686320840257826,0.13924686660376087,10.287437710788652,0.591770284917761,0
0.56623346112645,0.8686943119840592,0.12970420251748185,12.331095309210165,0.580875267680254,0
0.5681043879538267,0.8686862154597884,0.1715629701628025,6.809613086933464,0.5943521989618463,0
0.6523154329661404,0.8688332610306243,0.1320560516455126,10.697216525689896,0.5689177272921451,0
0.5698463953716857,0.8686743734231889,0.1341961997837019,10.915309929276178,0.537458047855848,0
0.559690542348155,0.8686267714105654,0.1723136321833331,8.085801892254565,0.5433308780603591,0
0.5588556117418627,0.86872478648925,0.12903460088985655,8.712812753476463,0.587777664227657,0
0.6395930426758519,0.8686733548014463,0.1557997684508254,8.716293284085395,0.5932949237481503,0
0.5729321321629673,0.8686763035379763,0.1480414125482654,11.68596685521414,0.5225734054854213,0
0.47249820508407564,0.8685153646233973,0.1624907362820849,7.750084502609538,0.5177481341645587,0
0.5640806464119631,0.8688611097737603,0.1463580943743328,4.209194297633717,0.5880083139623686,0
0.5625608875461836,0.8686435709323854,0.1400976505073769,12.142070369580921,0.5509558258116204,0
0.620081118868979,0.868873551474825,0.12926090355097677,12.317141301867068,0.5716730872430417,0
0.5364222091548417,0.8685813059986573,0.165042737369804,9.197030104801973,0.5335622237648513,0
0.5445058324554903,0.8686805070500513,0.1508204838769487,6.13283606221536,0.553998858653848,0
0.534424087965403,0.8685760969751106,0.13624859737642125,8.863737257801976,0.5592983232139527,0
0.5262936369823507,0.8685961359340033,0.14223839687116588,10.134195078418838,0.569239015695374,0
0.5232178072937334,0.8685674552104783,0.1178675645309476,12.048433879452414,0.5391899748034363,0
0.4929660624459613,0.8684727405387536,0.14026354814790146,4.868051972985275,0.564353568730807,0
0.40184258489965763,0.86827577487305,0.13708779988060407,8.087820060202576,0.5760711748706341,0
0.6023381055553944,0.8687689055102504,0.11171747395469626,17.194622292772664,0.5592285940515928,0
0.548898044408146,0.8686139455476604,0.1236517083531377,5.3798410032367,0.5850948552280913,0
0.518415990824515,0.8685860218488562,0.14002580242247234,5.879987082047075,0.563089518929591,0
0.5257076472273581,0.868596577803806,0.13917680780171823,11.460493611313844,0.568199704958304,0
0.548685210693253,0.868694664218283,0.1449707347188075,4.8820233627303935,0.5630537814283563,0
0.443004993376686,0.8681272453025434,0.1094104973433747,6.179321062856202,0.5564390702823873,0
0.5420135554792324,0.8686196005319097,0.13558602937769762,8.117242370055946,0.5649891296182877,0
0.52123382914216,0.868546289053833,0.1483256212212104,6.708440750009249,0.551994686018321,0
0.560052329940264,0.8686934938020694,0.1214662162873259,12.727278782826522,0.5864425771503711,0
0.5791411747314323,0.8687349689618307,0.11929279000988617,12.036523702627512,0.6148064866233637,0
0.577710001598385,0.8687893652608732,0.12192246211149906,12.591935577477885,0.5801489726813176,0
0.6207187302588123,0.8688509220638202,0.12733635277249664,9.813780067032535,0.5900767265210787,0
0.4549859685831043,0.8683643908323919,0.15583949363701702,4.872047207920752,0.5557229878216786,0
0.5801800143466694,0.8687576689134843,0.13019466540704813,13.187386810012047,0.567795987401843,0
0.5123913227065454,0.8685783683447089,0.11608397974213851,13.556321467348454,0.5657589108480584,0
0.5370375945282521,0.8686204962679978,0.1497926582385431,10.46639380344255,0.5524259863125803,0
0.5648729921792236,0.8687552558930934,0.13203323994572655,9.73040848489908,0.5768706417440743,0
0.414003687475496,0.868399928737379,0.1317592838538202,12.02754770036306,0.5312892205898027,0
0.5819851398285211,0.8687523386440684,0.15076967035337677,7.000116826566987,0.5671900928719152,0
0.559955749863292,0.868650223888126,0.1400373878377408,6.9753796564482755,0.5664875230514034,0
0.5361457397626543,0.8686542291561783,0.13513273779337812,10.548121992882965,0.556978662989604,0
0.5385908177773774,0.8686802395901454,0.13800089335302254,6.542931792408458,0.5679744399798466,0
0.5246233046440494,0.8686028535655405,0.11818758550718411,7.399405428418583,0.5728187218616511,0
0.5405973336406232,0.8686656205345357,0.14168829174414668,11.927699230404805,0.582352550220559,0
0.5258508311890644,0.868622738615752,0.12129988992594558,14.244472363254635,0.5714976295108013,0
0.5718315224958773,0.868751440014044,0.13792991537375796,6.161483190428625,0.5754509897647884,0
0.5959374128914757,0.8687480673377114,0.1312560893815312,15.528253389080586,0.5659255865292003,0
0.5946610300479027,0.8689541517883873,0.12880783276520383,10.79116276964728,0.5617297837698879,0
0.5499741398038043,0.8686662811863609,0.14335225106230295,6.354449466530799,0.5630864776452936,0
0.5265052140219489,0.8686451366484954,0.1126229320822163,9.003339533832115,0.5604870890618857,0
0.528842130152816,0.8686142107434803,0.13028618728257055,15.193201429121345,0.5858528094401466,0
0.5271511882198979,0.8686185826850646,0.14316112188477756,8.794641750719736,0.552841089102823,0
0.6071974548682987,0.868891702850498,0.12166695970322423,29.185176269932718,0.5449443212564643,0
0.5608050828758423,0.8685953185992626,0.15581516384205618,6.611931858285416,0.5784506752843683,0
0.6380753603908437,0.8687993102277654,0.1230259919800753,10.448985350885847,0.5591673090054403,0
0.54808416164574,0.8687431926535006,0.11792267102547664,20.823643404165136,0.606963992712448,0
0.5928901345443963,0.8688422741164651,0.10942154963540811,21.3166578007842,0.5845742729934347,0
0.586101353518263,0.868724155982092,0.14070126803452496,13.039336863028364,0.5674237472060474,0
0.5921896286427236,0.868762378489651,0.12749468139986678,16.142835866050888,0.5339753059608706,0
0.6014289702752427,0.86876438842588,0.13536470671168263,14.250746299511572,0.5827221363516103,0
0.48766164120563893,0.8684670550875017,0.16387654453024503,6.719538201824119,0.5510859591671163,0
0.5787041458199697,0.868745343823926,0.12453586372450413,9.9412882893337,0.5689833515466577,0
0.5639881376494079,0.868639735019401,0.14702035459983318,10.64334178092115,0.551758349264376,0
0.4804427704892444,0.8684377744928811,0.12141117822406489,16.40367986550175,0.524681492229219,0
0.48603933425577467,0.8684898152394654,0.13975466850773768,14.117962838606177,0.511000879542206,0
0.6053606432885793,0.8688857475303072,0.1013583952562193,37.46556084635079,0.5757926297609374,0
0.516919652216981,0.8685766644483236,0.15868313778905827,12.839229046947661,0.5433578474023361,0
0.576481095824494,0.8686760417491771,0.17092810080335016,7.333486845351663,0.5501918379491106,0
0.5753606521516751,0.868652872318278,0.14014529159972497,8.059923519138774,0.5587478135939267,0
0.5693106491746437,0.8687024477640383,0.15160044145868207,10.84766263248181,0.5725558703226591,0
0.5361997537071517,0.868617559270306,0.1423570029694512,10.081802278693669,0.5578145942026986,0
0.5713434510733744,0.8686781347018367,0.14208317554754113,9.27323451634835,0.5711710236268039,0
0.617710760679711,0.8688298689188704,0.12900025872571472,12.961515547291631,0.595982764286643,0
0.5711462944644384,0.8686999161176243,0.14072616056100495,15.102414900836804,0.538343013723623,0
0.577238037113845,0.8687953052490786,0.10713483021167514,23.53960453277658,0.5956565367614403,0
0.5476740877498166,0.868618472330847,0.14653026307373482,8.537922283479197,0.5460701059394301,0
0.548579875218403,0.8686950050311993,0.11965796233960392,9.97885271908276,0.5717082639220746,0
0.4948096717494794,0.8683966438071385,0.12898954480931388,3.2635212239979987,0.549032849961207,0
0.5268634761353024,0.8685831009211141,0.13805904431129007,8.568357529471806,0.5445086256560583,0
0.6058420747876804,0.8687743226899612,0.1316215594878079,18.550284938444364,0.619465293847765,0
0.544907869881829,0.8686303612871052,0.1474019203364985,9.33800056275748,0.5316829313556276,0
0.5482508441608253,0.8686174525452497,0.1538333308903289,11.61703154223545,0.5589695448965116,0
0.5484992096194404,0.8686010301012916,0.13502932560846292,11.827049623591671,0.5845652112380734,0
0.5214122533145403,0.868639052143971,0.1279577456580738,8.603314003477758,0.5526101642418181,0
0.555825541840222,0.8686585408464751,0.16003174425158154,14.641338188210758,0.5533475544371956,0
0.55244362100616,0.8686374752733199,0.14762262837399384,11.748138956063212,0.5404079669087299,0
0.5894816831288603,0.868757399571376,0.12504076858747953,13.75645307531489,0.546205961460404,0
0.5676022882241463,0.8687320051755153,0.12437907044892743,15.722144999450633,0.561770655446998,0
0.5883707209644017,0.8687498912941635,0.1426445127965236,26.09658950610705,0.5775435480926433,0
0.572005896256338,0.8688025423805567,0.11575383484374517,14.833602958101276,0.5736824970483904,0
0.428807339006376,0.8684386565423049,0.14337710011876892,7.8878059764000925,0.556185876550625,0
0.5773333681639886,0.8687978389098157,0.12763023833203266,9.334776871918963,0.5908844138726603,0
0.522282277622909,0.8685559797541016,0.15923373140888034,6.602930461293077,0.5659072665031694,0
0.524312392596775,0.8685944080151287,0.13206816455158618,11.212803595173686,0.5739369188557762,0
0.5395376562209706,0.8686422236559849,0.14752467601647468,7.540657843998458,0.5579188409100313,0
0.5599332818503684,0.8686613701440197,0.15780408934888712,6.863666486625407,0.5819120097444173,0
0.6202811119057536,0.8687014597484514,0.13878675620182848,9.208962239825764,0.595288970007988,0
0.587587235989028,0.86864030739763,0.1442449866665643,8.16923776249824,0.6022973407190589,0
0.5459449679971343,0.868668496064995,0.11386841473276736,16.96034064840609,0.561012229920204,0
0.5600804571431434,0.8686715198516556,0.1483997089673332,8.399189247670055,0.5809612502168126,0
0.5125958804502554,0.8684384783890177,0.1645864420929173,4.40409569684722,0.5553153346925,0
0.4800442655993143,0.8684206389380984,0.1880010863095003,4.626958604121035,0.552866775405021,1
0.313655475852186,0.8672844107475504,0.15993618071585913,4.561645143229752,0.5739705854469537,1
0.5881103118766681,0.8688390018672467,0.13664557628637383,5.169932800188569,0.5490045797352049,0
0.6119062025409076,0.8687632304856531,0.12043365347705177,16.581836464659364,0.5831361230182693,0
0.5652143419464927,0.8686253439112229,0.136971342491367,10.224157522954057,0.519036037013349,0
0.626604787185726,0.8687531224940086,0.1379541695861381,10.054720892758862,0.5504692591126087,0
0.6029789823152956,0.868965060051473,0.11959154941030775,12.409271830326261,0.5971086453915664,0
0.6982676270924105,0.8690372998511809,0.11157537401830665,25.203979382453337,0.6125492507608563,0
0.5682629921693884,0.8686740564626657,0.1276074312660499,8.984708232292434,0.5832522038641327,0
0.5261394816741377,0.868582478969092,0.13594614644568562,10.147782390615161,0.574862822412546,0
0.5257735436740406,0.8685751894597503,0.13090120342972866,9.767526760796942,0.561998410113364,0
0.5154455231733946,0.8686036982710114,0.1368539076298093,3.9200723580540333,0.551159594312429,0
0.5509808650065106,0.8686464405602957,0.13063897689920748,9.925976693903499,0.5795896101896311,0
0.5526431092969174,0.8686638153168763,0.13704125999547231,11.950504346026163,0.591744915053302,0
0.5270839519125721,0.8685807299779619,0.1348329490508622,8.516276214565904,0.5584423029880213,0
0.5685148764690503,0.868688879178452,0.13248081656281377,10.680583556741139,0.5887566289675887,0
0.49944796277663395,0.8684650677225524,0.11888314421549667,6.076640383952571,0.571279548303098,0
0.528032861097665,0.8685932397514561,0.1460659961827798,7.656393442067697,0.5616788782440604,0
0.556664492207566,0.8686331079326672,0.15217129287899323,9.229880722054691,0.5542932362710474,0
0.483306430972752,0.8683619970952546,0.14464451460100672,4.032989948370287,0.5622037563302874,0
0.5142416898625983,0.8685943054785924,0.14588376345015414,6.461608331478251,0.5549532187672727,0
0.5778297570922066,0.8687072382199622,0.12904571928082517,11.712895582633141,0.6322680675264937,0
0.5244455115059393,0.8685755147022919,0.1426682955822703,7.846807459349989,0.5577762060779949,0
0.5295425330640441,0.8686744180654182,0.1270994708243803,12.024903657830517,0.5575481400850251,0
0.5266263563634723,0.868601281815938,0.12835434918738475,10.931827782565094,0.5688276201506389,0
0.5267038146671563,0.8687247086935983,0.09577438817025587,104.16805165055649,0.5911459016534514,0
0.4178533120758033,0.8682597434497016,0.1458097606005123,6.5820907998069496,0.5396127569498669,0
0.5742209283725006,0.8687312683498954,0.10591319519658467,17.89576086879096,0.568336147550477,0
0.55079734123334,0.8687137755488012,0.14529831990163736,9.250317694127693,0.568256238721195,0
0.5334264681587153,0.8686060556268923,0.13967255974615947,7.895966910802129,0.5866165577649654,0
0.5372181714137947,0.8686405685889046,0.14384680973922334,9.510300236646055,0.555326280104139,0
0.5529228813228056,0.8686395562159643,0.1266375245472289,12.193048116857355,0.5541678392478956,0
0.5712416228156113,0.8687289474781489,0.11666722404491577,16.611782504739228,0.580069162174695,0
0.5520223252289856,0.8687033331949631,0.13701741457622327,8.868823023282264,0.5700848833488693,0
0.5084729728505426,0.8685623750419373,0.12202312101273377,11.806031884848739,0.539844461093057,0
0.5631950945883942,0.8688341642324087,0.12066661458402639,7.662010826328063,0.5458224726071986,0
0.5479207778802017,0.8687983858509867,0.10162748645156233,29.03603103944795,0.5576016624771346,0
0.5524026494782727,0.8687532243155327,0.1088466344085145,9.712542192125593,0.5733986153497096,0
0.539994001320794,0.868701417595439,0.12383074202157862,16.678983588563618,0.5689466918645477,0
0.5401261832519283,0.8686809907200493,0.11355104277522558,8.953429982364083,0.551907976097501,0
0.5348096278476363,0.8686276973400053,0.13383930490411042,13.274633063994271,0.5755868109084207,0
0.5511778149274593,0.86872249782272,0.12473768643515172,34.95243298651794,0.591826928694541,0
0.5527999501988866,0.868716486405436,0.11767980056212964,12.915760119599526,0.5941809109385796,0
0.5414944975102534,0.8686148296505998,0.16939687130438055,6.959836577071817,0.5972116017522889,0
0.576861568745121,0.8687329423389824,0.1366451373757247,15.951473089284033,0.588977639611656,0
0.5697253188732594,0.8686771636254585,0.1303535046896588,17.397221886070636,0.5743032896976197,0
0.5594151130407267,0.868633172646502,0.12672717152034116,9.519618119993778,0.5756547782419873,0
0.5775540122967143,0.8687437515852127,0.12644521901931297,6.938155009843978,0.5675268299448107,0
0.5842978476898584,0.868738171921409,0.12518645294250647,12.331055105313354,0.5806899419877709,0
0.618533183763247,0.8687466999677573,0.13631795432923177,8.369859205931203,0.5637867048735276,0
0.5184074123784784,0.8685690643968783,0.14298120357368185,7.390375142870807,0.571816262941042,0
0.5515419972873744,0.8686588302321736,0.13434618251797584,11.305490267654614,0.5891882601008009,0
0.5205660069406634,0.8683795540530793,0.11795605671490923,20.75845852110412,0.5452215532357374,0
0.5850769204307027,0.8686873275906111,0.1448139917530103,10.27409935475296,0.5589387721448192,0
0.5406720419334583,0.8686666659882251,0.1357484543663583,13.10514595304617,0.555863432998565,0
0.5336525797652943,0.8686030688740077,0.15201896109023008,8.343277791005248,0.539263424433694,0
0.593545590546112,0.8689240204590983,0.1113140056414862,11.702346630567787,0.5742898658713212,0
0.4717138535697157,0.868395989243698,0.1535366234219434,8.64281893785723,0.560888505358629,0
0.5316271067827417,0.8686464357290129,0.11152074664622846,22.444279595130205,0.5960878846543523,0
0.5695507070004516,0.8686692660918416,0.16293705844633918,8.46340240158217,0.5487196032385216,0
0.5387306292322073,0.8686439874286503,0.13136952208336208,10.388236700901814,0.553265510430638,0
0.5883761873112138,0.8687263128136781,0.1394357909904306,9.365218367193632,0.5562379080919747,0
0.574343271535414,0.8686435779799959,0.12266885171904411,11.59348668644317,0.593899118355899,0
0.5261876545819287,0.8686145994599627,0.12454753277309007,13.740418222141301,0.5570362545854134,0
0.6136484979066243,0.8687617612511973,0.1219668513167828,16.710917306244717,0.6063551163562817,0
0.6060941532651497,0.8687914272072206,0.11458049182562353,18.61215846042031,0.5843363244394433,0
0.5180048660847048,0.8685985998657252,0.12196693166323047,16.89685376136622,0.5634023624239154,0
0.5486044862792055,0.8686289722648843,0.15919200758758675,9.22491653451294,0.61902855379758,0
0.5007905439473737,0.8684363448450253,0.15829493916746576,6.173249259623846,0.556111186940773,0
0.6311118972901236,0.8687697204721463,0.1157320498223338,19.090680702785473,0.6045337694464844,0
0.593503803113186,0.8687247769161551,0.1411170027005069,8.100018844918479,0.5457746159159893,0
0.6152597942544767,0.8687126341467394,0.1253215345924141,16.162568663484898,0.565152988026887,0
0.529060145584949,0.8685910788065897,0.12767575418195343,8.1532266680997,0.5346341835143913,0
0.5425432505704574,0.8686139106229377,0.17315725034278392,7.498015193996278,0.5568001796561356,0
0.49163419535793595,0.8685311772358429,0.1462728777990594,11.62009289304323,0.5244535371070234,0
0.559559345122404,0.8686784934386306,0.12054483781440313,14.767370161475762,0.5698618548101114,0
0.6904941532965564,0.8688321687825806,0.13231982082022553,15.396806480040272,0.614772140981403,0
0.5350825231688834,0.8686115295957496,0.15087013304395433,7.668988148673206,0.5399648465272326,0
0.5938819831875529,0.8687485119006991,0.11952534495366667,13.066314038123496,0.6186731263177486,0
0.5239007127427663,0.8685791919767323,0.13050250917343276,11.772757112757088,0.5852291560147777,0
0.5256460542186857,0.8686033087634996,0.12466999354893682,9.754411899985527,0.5738904872953947,0
0.6337864532800664,0.868918816064412,0.10215334857901857,36.16544853244266,0.6806150227297839,0
0.6617540565549787,0.868922082547715,0.12049983815515625,19.60626864308766,0.6383323449181914,0
0.6162335127746537,0.8687186632975674,0.11515026049403965,16.390430257909653,0.5976193300568277,0
0.6349951362512797,0.8688298426147191,0.1258709960661909,10.46544498339725,0.5905806584261061,0
0.5504623370115307,0.8686272290363733,0.12765248355269423,13.645124706760308,0.594783512185617,0
0.5643769333574054,0.8686910225769525,0.13824699389305253,9.122692592582995,0.5548642843491494,0
0.5640242796790803,0.868612747951418,0.1288079148994795,10.629962656562906,0.5500652092768744,0
0.5568496913089663,0.8686783647786213,0.14006181450829164,7.27760700325769,0.5685848798276566,0
0.5564405376431917,0.8686546395225966,0.15383282780525043,8.99714380306742,0.5442226268277783,0
0.6094465090896364,0.8687643201078075,0.12032241444450743,15.729702262869559,0.5741086673172157,0
0.5800890954183276,0.868680190016721,0.12746124763527517,13.263383686303632,0.5687825052447276,0
0.5634017586193821,0.8686326161643976,0.17171839622461138,8.162595252821484,0.5359906657985456,0
0.5689709488005253,0.8687714549511694,0.12778857331049112,8.425714738164498,0.5957648208713286,0
0.6378875646953627,0.8687297730396617,0.1339663082927933,13.104574699750838,0.4858202004234047,0
0.5733250173225137,0.8686960141587772,0.12484967392831724,18.218254777182338,0.63538590099221,0
0.5761773743066566,0.8686578988934643,0.15837584862126616,8.558515837621343,0.5394169813008797,0
0.5977669947740364,0.86901223357401,0.1410810230557206,5.61979906527406,0.557515531370795,0
0.6156042524194957,0.8687709185417223,0.13809447809318853,12.101144011209502,0.5745146760922296,0
0.6278837670682673,0.8688800792156949,0.1292608755321181,9.136620995504714,0.5881147118640967,0
0.548359678643124,0.8685941852183953,0.15090919396718783,11.540029330208355,0.5560733576917444,0
0.5838459945457031,0.8686760927009417,0.1436657114749113,11.130129565405095,0.6068485802566742,0
0.6182289598448141,0.868774925288773,0.13322800703050788,14.099514279322241,0.539147707106341,0
0.534653519718805,0.8686083984684507,0.15078175213448838,6.6769359548877825,0.541148187909788,0
0.6118811983209177,0.868833060411307,0.1145366003022536,17.08267985596951,0.578570286651576,0
0.6419897573977901,0.8687023870077519,0.16181117878474502,8.621822702215754,0.6369584244125187,0
0.567409152707371,0.8687063404188656,0.14474092712503747,11.571643049667486,0.569224606105653,0
0.5586876232486433,0.8686501242051697,0.14234527168416744,7.956485443924762,0.572690770095258,0
0.547426009437065,0.8686136251841824,0.15169096524195494,10.105903574527122,0.5743812902059917,0
0.7632665451807407,0.8692724524430567,0.12349537764882446,10.091197023720376,0.5243317851920883,0
0.5653342220984956,0.8686740727304373,0.12911452341783816,9.711769082949507,0.5486946968553823,0
0.5852091534703127,0.868673147325119,0.1334469427037595,12.131758204511177,0.6217159076295607,0
0.5074660076681526,0.8685361019296977,0.16992793215658572,4.200706411208305,0.4947539718013783,0
0.5353780376075981,0.8686214411422403,0.11883926455880778,15.424501617797379,0.568019063793829,0
0.533294603138093,0.8686141301797954,0.13332032092043541,5.370531405959177,0.5641096216103266,0
0.4643730746213907,0.8684556599836819,0.13764870906864027,11.229171938936808,0.560722156356328,0
0.5042341994369923,0.8684971689087942,0.10588040969267754,24.549059032704523,0.6517481840505893,0
0.5439831564857264,0.868628769987218,0.11277561304934088,15.257076039693397,0.566223011548658,0
0.5355214496046763,0.8686545751874419,0.136492581853452,6.522292875496467,0.5638303841076776,0
0.48842714040033064,0.868447251283755,0.1455778548793397,13.625418677338127,0.5742828013791943,0
0.512368908854617,0.8685363639722646,0.14323363605133096,5.320352793473426,0.5679481092023168,0
0.4704522016336747,0.8683159190554407,0.10668014530749574,6.209802862746966,0.5537996939079011,0
0.5816184999683643,0.8687126431242712,0.13267665034819898,9.787304401607441,0.5852907630712817,0
0.5443152051025444,0.8686282130760122,0.13872953910037186,19.058457306054482,0.571622679819941,0
0.5641086378689296,0.8687071551368777,0.1187952131978785,13.584854646446331,0.5426271559107206,0
0.6295814467247159,0.8688237561586699,0.1205776160677966,13.837266345491834,0.6565818464198703,0
0.5753184145204736,0.8687706752201053,0.11690934149981295,8.15128677955047,0.57380663383834,0
0.5138536862873021,0.8685628769816504,0.12424510187732607,8.931292250044866,0.5526262178987064,0
0.5156144645027494,0.8685546656123937,0.1600562576439177,8.155323184652438,0.552108877561877,0
0.5508755096980628,0.8687034189218662,0.13610969056393293,11.137119390611065,0.5614137662829276,0
0.5319735632915413,0.8686363176526494,0.11473422554784037,13.432990734145836,0.5795120253276588,0
0.5360991579324029,0.8685933753731131,0.14896978361649363,9.626573652110352,0.5572745893194401,0
0.5462989320372217,0.8686636117047873,0.13205657777836208,8.255832170664657,0.5420184695946867,0
0.424945687765653,0.8684137339255079,0.1503689513963403,7.55966920136882,0.5539617386201986,0
0.5680397669471383,0.8687182814010054,0.137006339300349,10.015616468895963,0.5866176678224096,0
0.5598762622031591,0.8686546188157557,0.13951748007539208,7.445727654033113,0.5511734069052333,0
0.5940400869030527,0.868822482186785,0.11093263821988553,21.180453676369492,0.6109073727694017,0
0.5611646138496224,0.8687120575787977,0.13837676952829714,6.552830854220378,0.557541954030668,0
0.497071650366955,0.8683561218167166,0.10914982901914033,9.516774528835727,0.552799614175117,0
0.5428969165525143,0.8686611901908187,0.12752906486923002,14.546851974410572,0.542928904258193,0
0.5408923758265797,0.8686257643712847,0.1296930633669862,11.134471110705716,0.5772634776315066,0
0.565137769362881,0.868734580989758,0.13330914588772383,7.323478698283414,0.5732792405528696,0
0.5583468183394754,0.8686826108597853,0.126885544188684,12.269573679475098,0.614990375639109,0
0.578141895841365,0.8689388525460751,0.13204442424824947,7.531374565397617,0.5847657000800033,0
0.5819843278954183,0.8687917238664072,0.13690194888697885,9.491479652977631,0.5653117830139253,0
0.5400682944534068,0.868789385490008,0.11469030272535476,19.70620550342195,0.6044098730570703,0
0.4919142090232193,0.8684162539483807,0.12205647190455106,7.208578492703149,0.569103580765968,0
0.510099063907261,0.8685610552055664,0.14505648892546474,6.789627093074904,0.5643651800975579,0
0.595576685899876,0.8689313765764254,0.1227922531062085,24.783641947912535,0.5735173195987656,0
0.56686805783044,0.868589362939178,0.15317935954222947,8.012611325257083,0.5533281353391942,0
0.667201248822364,0.869093528344988,0.1219118333186401,9.35233870688072,0.595551350630104,0
0.594147519715246,0.8688393904472612,0.1210332834932566,17.46289714811103,0.5944250800497047,0
0.5811775981330504,0.8688503884781483,0.11391241003613896,16.646262125756337,0.5818336914695883,0
0.5835599019104877,0.8687429749796536,0.1291025026014426,11.333278629238494,0.5829625903511159,0
0.5419463387682404,0.8686776480574273,0.13173611613159103,10.444498700895844,0.55175724123436,0
0.5659943620377484,0.8687262448071307,0.1331135787929004,10.28920962571323,0.5788063834606184,0
0.5202953821407327,0.8685352299413492,0.16437120152429674,6.79258297973897,0.5490015755524086,0
0.521203540242987,0.8685864423886324,0.12214495350483506,8.763238995218181,0.5529602121370792,0
0.545100237458183,0.8686023269067874,0.13468253558453647,13.272596386625132,0.5788028604071087,0
0.4511157493268683,0.8683225218937194,0.11856259200746333,18.704209045136455,0.5618730549222913,0
0.5334326078442647,0.8685990290892244,0.1362014113028107,8.399732603817661,0.5483886234098506,0
0.592927851107794,0.8688376527378923,0.11273164264990693,17.400085379354536,0.5841409965455203,0
0.34170035343798205,0.868106380591889,0.19430551032035434,4.55936059856052,0.5209922755940714,0
0.617877806501553,0.8687468955317903,0.14936823266693458,10.285639332747534,0.6003064654348294,0
0.519261220802882,0.8685623514785651,0.14615064324998206,5.496315854601827,0.5601680351094376,0
0.470743134559429,0.8684425678448447,0.1458696484082743,12.575261922284614,0.5607151489680516,0
0.5568794969257927,0.8686492738707999,0.14369001647836213,8.657644514092796,0.5669094110720719,0
0.543933721267436,0.8686180769453954,0.1444142122727039,8.7469200043093,0.5706681500287907,0
0.5969295930634799,0.8688175631277706,0.11990164619189582,15.082804708250945,0.560947250444023,0
0.5250545990066576,0.868595216659898,0.14057158776480605,9.615961515631263,0.5759435331548657,0
0.5944605687884487,0.868792967484727,0.11723901809531144,14.371774431823978,0.5882820072172034,0
0.544560818387568,0.8686074073338217,0.1579893752933181,9.143028364033645,0.5532480261059374,0
0.5345521910249937,0.8686563369273856,0.11962404500613781,8.89905109072874,0.5743678480444333,0
0.47688671300456437,0.8682064998796264,0.1255451640583781,3.484515572541309,0.5577914345778037,0
0.36741291100751333,0.8670572332394976,0.13042189769018533,13.697213141202276,0.5493761668975173,0
0.5968175317512681,0.8687939923559953,0.13448535968706496,13.926683091632006,0.5550429575934662,0
0.542945645996951,0.8686526085559048,0.1389646662795446,8.388597986900107,0.5763433799308704,0
0.5521317196871961,0.868622303900341,0.15204547488786055,11.722827020504642,0.5524631751114734,0
0.6421629248475803,0.8687671271707883,0.1300119195993855,10.631270550663395,0.599486526810545,0
0.5416274566603464,0.8687443823501649,0.12176621519261216,9.57317338428453,0.5571368107610764,0
0.5665822749317994,0.8686761687099697,0.13333179558515723,13.789870403159501,0.563213987479877,0
0.552374517858569,0.8686439922319803,0.14758617046209174,11.155905258276075,0.5648735217653736,0
0.5794322943656512,0.868725768830371,0.11250274485034646,18.124395122122156,0.58345565460032,0
0.5436556229432633,0.8686959323529058,0.12957922042148054,13.107784198800188,0.6193521728696824,0
0.605061669896358,0.8687934014520001,0.10930187079258008,16.804993532910583,0.5667767501957703,0
0.569027087531233,0.8688135420048928,0.10947615866406167,21.861646516871907,0.5964016293128269,0
0.5337198276052401,0.868601929779786,0.14017989637177913,8.286304788667287,0.5662684670748234,0
0.5621322015760414,0.8687472030830207,0.14197518072977663,7.363301159269438,0.5816216483139803,0
0.5686685229430256,0.8686561427820031,0.1558272837054485,7.472584219825594,0.5702952052615263,0
0.5426634640273047,0.8686322206397771,0.13264221311613447,11.745444200619447,0.5640874293971659,0
0.5467219423067914,0.868649046689067,0.1522348050592709,7.770206127079291,0.5565728977123704,0
0.5769737731895023,0.8686330642363983,0.17109601277694045,7.491113246721287,0.5905741976273607,0
0.6050141623252897,0.8686900046518998,0.13499486240549577,13.669063596390718,0.615218186694786,0
0.5588418197378393,0.8686143947515825,0.15024245928384372,7.322405086540134,0.5621160158233794,0
0.5376775261004844,0.8686422461660593,0.11461336426074104,15.670975003842228,0.58128231917028,0
0.5264865096914676,0.868579696468131,0.15662508962604793,8.28946724720039,0.5471947737065043,0
0.506001899863549,0.8684139247384662,0.16594873876869942,5.066963673121419,0.5556724070071274,0
0.45560357070358,0.868270135649579,0.18291660604447715,4.057306947808012,0.5306002828493853,1
0.516225427885007,0.8685828173380763,0.1341502085787756,7.295022053719158,0.564306030586866,0
0.6138611078570446,0.8688076049539847,0.11971299364835793,15.457894054372355,0.6071121110248741,0
0.493593796381493,0.8685241640159397,0.1461750066521419,9.054405671607741,0.5640329757381063,0
0.7195697185652724,0.86896430123308,0.12876189125352022,9.80394585869671,0.5367653471657791,0
0.612054261653222,0.8689816448146707,0.09992192112018437,22.08348858369885,0.5780839598780699,0
0.6777474232913657,0.8690506089837227,0.1104761595467047,25.295099852846008,0.6406612556561813,0
0.59638336043235,0.8687364317693884,0.11738256873611913,8.690088866637195,0.5819206892959322,0
0.543176410740717,0.8686446995793232,0.1391642747715192,8.203772547056694,0.5531662354938637,0
0.468951920491323,0.8684598637480564,0.13652757604792867,8.59796371457202,0.5641217153459253,0
0.5355031413364201,0.868763841556008,0.13220576664206388,3.8012754215340667,0.5662098878996383,0
0.5344687414413344,0.8686501031266033,0.10576167836557876,16.128361330536876,0.5600319548988263,0
0.5570969996976763,0.868653844465161,0.1364232935721972,8.15230667976719,0.5965026275497624,0
0.5775227317554846,0.8686849853990507,0.13343522494292107,9.888362472068922,0.5833122526999529,0
0.5707181470065376,0.8686836593638642,0.13021699081763907,10.57876108029154,0.5777456730745144,0
0.4639548075243856,0.867627493192899,0.12089936399103222,8.788656586744034,0.55187572013134,0
0.556830858552435,0.868675557684115,0.14172526808426292,8.77980568773728,0.5609827440823804,0
0.5601593789299507,0.8686349632136473,0.14683719573707654,10.899334513639703,0.5985510020546218,0
0.522833411434623,0.8686043577056747,0.1456280478634818,8.188844907232392,0.5535248775787459,0
0.5166838579579197,0.8686262639722763,0.14747449529141018,8.9771080779095,0.5538528143564739,0
0.5802948145819983,0.8686992477311137,0.12725724474010566,12.842708958867185,0.5580809505185923,0
0.542221115810298,0.8685995099375994,0.13594655529392882,10.165636907386498,0.5832963935766368,0
0.57079109862349,0.8687877534811369,0.11787849510958703,10.783779933250342,0.5646964690854414,0
0.49233881205854235,0.8685023161011146,0.10528665562827112,22.909819452248662,0.5666566240060477,0
0.5108749249941437,0.8685518827210558,0.11236027374678038,10.990654685053013,0.4123495590966037,0
0.5018091252390997,0.8684816930781573,0.1437620568771307,7.075552801453804,0.5457679208246613,0
0.6089445254217526,0.8688697170661079,0.10351961072045034,19.480872042256305,0.5807879175089318,0
0.5635322173122536,0.8687629370121077,0.13383824407844047,8.15169008077653,0.563212088002654,0
0.538107141695597,0.8686288214076924,0.13958898527651578,8.846789869532326,0.5499925603935011,0
0.6000944423219693,0.8687714516264223,0.14096287525642875,12.05891625904424,0.5676786022247287,0
0.5411499325951726,0.8686106829710796,0.140582724503608,8.991423585734914,0.531869270849871,0
0.5763813793065352,0.8687440214697637,0.12449147548477944,11.342409943928708,0.556585324976198,0
0.542253876170841,0.8687026117329467,0.1166445051865334,18.64769422912492,0.6081628045172753,0
0.507517416239506,0.868558218421985,0.12313774185083214,10.56363606582451,0.54748204847674,0
0.5901714019557294,0.86893833736945,0.10995418473844924,10.345004403218457,0.5814445733006073,0
0.5547648494760093,0.8688129936686514,0.10190678235419987,28.136490051881637,0.5813092086270206,0
0.5508871649383673,0.8687669581866224,0.11121604252685253,12.409484098451474,0.5855907953951577,0
0.5487443623006103,0.8687562060465347,0.12254601453598718,8.517962884377999,0.5800252916491494,0
0.5615426060884837,0.8687601112472193,0.11214231416876902,7.367992200944867,0.5712003891173096,0
0.5233012980251791,0.868620705609596,0.12542167353332537,15.341991693719473,0.5707686238965083,0
0.5829766066991849,0.8688086116884582,0.11553446185219034,14.403262284226361,0.5877933406732867,0
0.522121909582472,0.8686251283523473,0.11352968582286199,14.2807433475393,0.5455149047598573,0
0.5392908040192904,0.8686061146103947,0.16157388987920054,7.097711982558594,0.5516409524820504,0
0.5825670098595906,0.868747749168857,0.1356786196005543,9.456533361416346,0.5490314117440246,0
0.5769298853370733,0.8686913227026527,0.12034449502185694,13.749090965708751,0.58706050111525,0
0.5486269908154674,0.8686252364215826,0.12858118915142178,8.471512023586014,0.5581095502658237,0
0.585814600408038,0.8687551079272154,0.13072971107672063,7.176384470479562,0.5727909549040143,0
0.6051583876447213,0.8687832001852541,0.13281346165660837,15.525485585589944,0.5978120539311267,0
0.6324395838804661,0.8688627928315075,0.12637793110808088,7.906577075062231,0.5752841570648937,0
0.5340996210488936,0.8685813933911327,0.14048803044155803,7.058480359954477,0.5397113227264994,0
0.5420396300231586,0.8686300665871988,0.12892068014407018,11.58466058288015,0.5342479511482083,0
0.526003074421005,0.8686386668304277,0.10872688555381083,57.621375401639895,0.609963304177983,0
0.5922748730888726,0.8687160727755853,0.1312557151369094,12.785342300081744,0.5758371535237783,0
0.6087755112829877,0.868802174532966,0.1305702987588805,13.138571915436728,0.5968676510110786,0
0.5392632938895523,0.8686127318612713,0.13372390884757232,10.608252506108027,0.5575362281946107,0
0.537671867147793,0.86864306914849,0.11580939843803432,8.073779250116688,0.5878428675187163,0
0.5216967235391953,0.8685205547154077,0.14579762758743542,9.235258816601442,0.5742075584372469,0
0.5592775193437194,0.8688364762986757,0.11514008427956585,12.436839220690672,0.5773400942885046,0
0.5661097210638056,0.8686833814724366,0.16812138811127317,11.010953193372732,0.5564100026303754,0
0.5852412765705677,0.8688411541693427,0.11779001001521237,15.454377985878367,0.5773471685691406,0
0.5569168129769434,0.8686917378599587,0.12536565275330136,16.602192552180878,0.5966060435455217,0
0.59598262284591,0.868697919784696,0.11973567594113728,12.736720996435631,0.5999960679071743,0
0.5351448243799183,0.8686158084612946,0.10569690202411543,43.39157331677462,0.5330546278435363,0
0.6127379608650286,0.8687608218428137,0.11761412733287631,20.430287463922323,0.5624314818492547,0
0.5638887690546297,0.8687238571814643,0.1285700184593185,8.889002635674785,0.5500768219763666,0
0.5614022073879974,0.8686594727448737,0.11776831079191163,14.159580342741538,0.5863883563671863,0
0.4953803262416014,0.8685487603623144,0.1571926078817868,8.582921082905843,0.5362402499478587,0
0.5006011763554383,0.8683734795011674,0.1613961468903302,6.430984744036444,0.5749417678322913,0
0.5956587835540453,0.8687175081536717,0.11440473479607584,19.975204636010606,0.6147085777812179,0
0.585801937987924,0.8687530110528017,0.1385879872151965,9.964034079845282,0.566708991003587,0
0.5965541034113854,0.868669413944565,0.12733632965197797,14.137669028386767,0.5279269366476457,0
0.5280692663798837,0.8685899361735029,0.12836546815151606,9.838529266529843,0.5697906625742734,0
0.5419774057429516,0.868612102891036,0.1661548342013499,7.176615919877113,0.54876711740583,0
0.5322949397765627,0.8685933506973186,0.15000532006565434,9.912950510663014,0.565691612904906,0
0.5604902122280221,0.868660781049138,0.11837502621200006,13.06536107801658,0.551283276170154,0
0.5948825989770833,0.868724054023581,0.11620466948592388,21.135559381464866,0.5640225752367807,0
0.528894077888923,0.8685883579726611,0.16976108817320443,6.731582406014717,0.5538647216286303,0
0.6053989778148949,0.8687673264162616,0.12032226708426809,12.132512516620219,0.577542351153149,0
0.521762847513524,0.86860653616192,0.13537729600004703,10.522987157058825,0.5572610091842263,0
0.5886838993866287,0.8687484633191803,0.12622060938054838,11.124638449005797,0.5628545659643539,0
0.5424275203815537,0.8686784138727693,0.10257258379161337,26.29570660296598,0.49837486634399397,0
0.6498037988613593,0.8690111482011584,0.1165786993824451,20.641535814264085,0.596708796192582,0
0.6107724011128963,0.8687079278546807,0.11920372775571271,15.17404227519531,0.573086902633808,0
0.561951109538903,0.8687164935603603,0.11232789769734637,17.932424591096694,0.6061208659760903,0
0.4889575354510823,0.8685304266006627,0.12229057982048203,14.111308808539535,0.4935328736362097,0
0.5762485702252843,0.8687127273905837,0.13775415633301435,9.628873349227604,0.564489315404029,0
0.5371846876749368,0.868585450844102,0.13104955209147384,11.521103492005032,0.5709054395713032,0
0.5603771718124347,0.8686855881719783,0.13962493992477673,7.715631462508954,0.5536843598248744,0
0.5149127854693747,0.8685743640531683,0.15599717893654197,8.517527901537381,0.548006677099177,0
0.6025119429995527,0.8687525013646193,0.10647493433956128,32.56553236138025,0.5772486946835901,0
0.536065260963495,0.868586734750187,0.12256887927761152,14.94424209148595,0.5568577732060533,0
0.5768795723757804,0.8686229706811893,0.17566719809489237,8.838560904225762,0.5345719518953613,0
0.5583362061201647,0.8687599375823057,0.12495031336845959,6.974097360418969,0.5353118121077783,0
0.6227843485796143,0.8687490180571134,0.12893184759559784,14.394641809664982,0.6150812387238838,0
0.5813472480183166,0.8688012292507857,0.10604252914282807,20.095124238199077,0.5561886067111866,0
0.5677131605097977,0.8686499647516234,0.12824116371726327,12.447718645416142,0.5495475923073697,0
0.5886070119639083,0.8689570772544424,0.12853553987573932,7.149421440657974,0.6036347935867733,0
0.5847485720817397,0.8687089930783253,0.14654289437936455,8.784754826689905,0.5484605657945196,0
0.5296294954086567,0.8686648603786193,0.12451272538129361,8.042430578645966,0.5467473030867046,0
0.5661942994910794,0.8686120123912521,0.15129823666480524,11.676627884046537,0.5735568320984793,0
0.578122664086374,0.8687387105750751,0.1332509127422733,14.221209043071125,0.5810830297052497,0
0.6265634301174774,0.868883705184777,0.12398755331431764,15.310280268624911,0.621764137928933,0
0.5881385469898474,0.8686856833245566,0.14731569012010712,9.938842946509741,0.5534513538958777,0
0.6217182798458251,0.8688741393585108,0.10393952637904363,53.314702581945006,0.5734394084363373,0
0.6520960661075471,0.868718538917174,0.1437626305362255,11.524909084830236,0.6401002503916486,0
0.5391499917020086,0.8686615585077636,0.11354081235495143,12.875014809949738,0.5639902539503143,0
0.5653038985729616,0.8686700585473762,0.13700586534518386,9.817129886796083,0.5745262681470814,0
0.5094409547469053,0.8684827742558713,0.12419995084349383,13.59031814686607,0.5701387237392783,0
0.6958646894117916,0.8699050633278943,0.11602880508087814,11.516291645639921,0.6067258269099117,0
0.5690179121410592,0.8687092753940098,0.11546912596908053,14.906532807931004,0.5858852596242979,0
0.5996252873158753,0.8687188653646878,0.1351097933578304,9.520714551154486,0.5846104073587081,0
0.5280819124056654,0.868604683555271,0.16466999415259906,5.599686055890415,0.5584200540711827,0
0.6015686787396279,0.8689395405087836,0.10335753658545847,30.504869459399075,0.6487642672662324,0
0.5570515130907393,0.8687569152713147,0.12418882261836911,9.840665073920942,0.5899020159976097,0
0.47680414442874536,0.8681135076444573,0.13315826610473394,7.543350494840731,0.519871935556252,0
0.6064542872299626,0.8686900276864254,0.1338391926523171,13.295548502024172,0.551657611861751,0
0.47844657653064093,0.8685031049119534,0.11151008678351916,20.320182201119948,0.5805889203122416,0
0.5430075059346996,0.8686569707237467,0.13282601556317175,7.592125141171101,0.5732718793121707,0
0.49575775972293207,0.8685339739770747,0.1438580252130026,10.987175059575703,0.5653925895322223,0
0.5284431261770194,0.868606530072876,0.10075775499077295,39.62136702191601,0.5333046132790944,0
0.4083662138196693,0.8680078624102364,0.11805457868339338,13.284908313933373,0.564840384303805,0
0.5025761771788003,0.8685119749090187,0.14656766284909553,6.085114138291834,0.5631389782377183,0
0.5336641703476857,0.8686201057714696,0.13039962037900207,12.609168766600586,0.5783191801421397,0
0.5133800808019294,0.8685604251413314,0.13586509205507835,7.19206979471803,0.5581112562673572,0
0.5005427454891254,0.8685372590211285,0.11642509912787526,18.115765889709316,0.5730147494849447,0
0.6055626481354837,0.868745012301347,0.1335971694357436,9.618868518311771,0.59401142537735,0
0.5157712060908036,0.8685632634780921,0.13564325215787787,14.400884248716679,0.5660964196609674,0
0.5597039271108822,0.8686992631664087,0.1235840028286758,12.287206261646727,0.5788678441623464,0
0.5732403773230423,0.8687061057286537,0.13106131468469126,9.296876124274434,0.5325788655514283,0
0.5689071860318446,0.8687440411120416,0.11323411626239227,7.410052868664476,0.5605671087996433,0
0.5395110808151813,0.8686455223020446,0.11545804660170311,8.087560581456724,0.5669699283986144,0
0.542211176247572,0.8686272498515796,0.16178125950559588,8.710712924118294,0.5690990722148723,0
0.5639032490738684,0.8687404260832811,0.12346160274639505,10.551856960010582,0.556706803766702,0
0.597313274847758,0.8687282819081904,0.1117718757628358,13.868628408151023,0.5362472105680324,0
0.551088940918265,0.8686232425885794,0.15389528088375679,10.39013365276873,0.5593570730830376,0
0.5449697197094058,0.8686408643362303,0.1273702821423881,7.360761657663548,0.5637842755526791,0
0.4490680479278853,0.868491422488621,0.16680964895215253,7.042085654761838,0.5130627039555916,0
0.5377400725396617,0.8686405255133486,0.1449945462508892,7.321822003797539,0.5632277225760284,0
0.5810707355232243,0.8687054681007721,0.13018290500507737,16.60741507888187,0.5593470304870517,0
0.5623988814411484,0.8687883083149153,0.10249729238828607,34.141752391510146,0.5671844087143948,0
0.5639778099386894,0.868726632054191,0.14239447394930757,12.540644143040755,0.5844935173230467,0
0.546880292344277,0.8688258207541427,0.10446741602020577,11.658406374212284,0.555796941896984,0
0.5638545782985916,0.8687391073035516,0.11356269122080183,13.042862795248936,0.5601426054381621,0
0.5562214922946137,0.868655071288558,0.12739249822872697,13.545698083308741,0.5824071857872419,0
0.6017977932040237,0.8689296238214004,0.1188387544921616,6.887356984899464,0.5761520982496443,0
0.5521381176722396,0.8686637666043366,0.12225676334388591,11.369087113768048,0.5487657734938444,0
0.578128853811501,0.8690018985941217,0.11523824446972612,11.98886120063881,0.573728045398502,0
0.55317806561534,0.8686902213665834,0.12854664967587429,9.848310430645785,0.5611757651601693,0
0.5091920329557112,0.868582928030933,0.10445631572355629,29.07716718661487,0.5413920826464252,0
0.530189598363889,0.8686134664919379,0.11622647603401924,9.45810442291687,0.567953187266797,0
0.4898034567925913,0.8684839935436764,0.13628340350946322,24.462483454572926,0.5793725922036703,0
0.5430675554472609,0.8688355237566033,0.11825416511228108,17.48885324922725,0.5807375084647877,0
0.561370116156991,0.8685855866817541,0.14016808937164701,8.60624305213459,0.5496498236738759,0
0.6195396046819054,0.8691465962372159,0.11242598629722837,6.6686499836315685,0.5281561083484357,0
0.6247330092942787,0.8688571980738113,0.11866272987479592,20.934747127691207,0.5603251949552467,0
0.578601015410084,0.8688468671319857,0.11342006333507677,18.406997702335016,0.6145266977889791,0
0.578473378023684,0.8687098914626669,0.1287851177359921,11.597407015018065,0.5681903671440574,0
0.5870926523870204,0.868943637405065,0.12993293757690746,9.469294128546442,0.569611854568462,0
0.5674930815101024,0.8687207732070131,0.13450772160594285,9.079646599059103,0.5789930754592133,0
0.5421855598161534,0.8685940519952666,0.15375566704084306,7.2761901851793045,0.5796988320285171,0
0.5160395228934677,0.8685956985706683,0.11902742762989149,9.084954275100172,0.581315119210899,0
0.5892330948797749,0.8686561502409731,0.13062748151684375,11.706502624610117,0.5893159793664343,0
0.5221546444160697,0.8685935023162675,0.10919326857035545,35.663328735195954,0.5760781541636053,0
0.542548120268539,0.8686128721423253,0.13621400770721512,8.911304760075161,0.5735620470542234,0
0.6026306687809962,0.8688597872439603,0.1089769593382962,19.656980250990564,0.5721030535225817,0
0.4599201291128943,0.8683921578296286,0.15481372800194054,6.270639835673655,0.551861676845863,0
0.582160857866449,0.8686744957231024,0.1412006896644359,11.049497583213332,0.5511603737296299,0
0.5417281762034993,0.8686214718556711,0.13398915383565738,7.904135123824922,0.5796286376053269,0
0.5043582799784186,0.868515786953887,0.14435343223300065,14.452288703966516,0.5533625404336017,0
0.5541755911193073,0.86863490834483,0.13592222239066062,10.849399765237674,0.5805158494788613,0
0.5592177774631324,0.8686565040521216,0.1335279666109064,10.79992602987334,0.5705729320819997,0
0.589393844579977,0.8688006238177444,0.11849702057198103,14.27431148530789,0.5932941642857543,0
0.45375219793964733,0.86847956682869,0.13849432224541983,8.509495391397742,0.5456978577635693,0
0.5960373037536447,0.868859768306191,0.11475601663816744,20.49009076383225,0.587635509043688,0
0.5162728063229259,0.8685621106232446,0.15278306060877933,9.19631216441014,0.5385929023427426,0
0.5435427892738054,0.8686502351583566,0.11877255625213616,9.372793596284975,0.5512488990237393,0
0.452477700526612,0.867867808782154,0.12450203478822304,3.187327494547227,0.566437580633551,0
0.4265242473544297,0.867309560085144,0.12921568526086077,13.292857163919555,0.5549198927780546,0
0.5684063235009668,0.8687469288825396,0.1335623097957196,11.175688929248365,0.5859646039555847,0
0.5654817075395366,0.8687237300592243,0.13028573055316206,5.4849851971765835,0.5585652652944656,0
0.549501954046138,0.8686242805932206,0.14964181309593474,10.072261325467624,0.5711032650669103,0
0.6845364793067322,0.8689321103693958,0.10652899966130235,29.265440581196277,0.6358736325993224,0
0.49294985447622836,0.8685051321257634,0.12069959181981656,10.174697045197563,0.5638868409313137,0
0.544705691464206,0.868653744694405,0.14402725739729152,11.108128192533067,0.5668877314739139,0
0.5572600553154904,0.8686472613871953,0.1487596756321361,10.969048952270684,0.568942840987449,0
0.5846784147672809,0.868753924900596,0.11719512588855485,17.695234013733266,0.5817447589417496,0
0.5864548224776164,0.8687567033184364,0.12320465945242771,14.830156120334703,0.5791001769668497,0
0.5984908225098167,0.8687943482881201,0.11924832377368311,32.189273245980104,0.568563593145308,0
0.643895894878817,0.8689648031289913,0.11374848575273433,18.9488048249991,0.6540161099609226,0
0.5605137273833579,0.8686277878277,0.1323546674979455,9.532060595628785,0.5485814078665218,0
0.5267566698242697,0.8686108738402343,0.14176081585287573,8.68231491845066,0.5474656875583603,0
0.6186753612604933,0.8687036920422889,0.1518553657216657,6.998096450408467,0.5830941253511264,0
0.5415304775267723,0.8686388285466314,0.13147274371358322,11.844131064195649,0.5760858426130829,0
0.5509599948001757,0.8686537497613852,0.14442584644651865,7.773516292526616,0.5720545557046384,0
0.5694715194116093,0.868642503519895,0.16835806285785057,7.706033655607118,0.6029149326347977,0
0.5730528454709214,0.8686595205661419,0.12825274810745135,14.959906890934327,0.5918856324533927,0
0.5420740922164367,0.8686015361384437,0.1511601089477906,7.674433412515092,0.545202778365457,0
0.5558570037833143,0.8686720213998772,0.12133275012182565,10.485199768081019,0.559992035189189,0
0.5256409653520784,0.8685725795438333,0.156520873248536,12.973954002498964,0.5488164112806456,0
0.5634629894483391,0.8686173082516281,0.15866999803927437,4.981648636491587,0.563987458403992,0
0.5034085084920417,0.868524561374635,0.13556263459689677,8.597169488117988,0.5763913172615673,1
0.37458336773433903,0.868271431783653,0.1235170844643322,15.280843809130149,0.5747367036759327,1
0.540633465468784,0.8686582972603993,0.16056012281675833,4.352571516096808,0.5394439365132689,1
0.4125704288698853,0.8679979190516137,0.1527321537786601,4.892963884457893,0.5269348132678113,1
0.515432642029643,0.8685797180740606,0.1243346393520327,13.090314645158907,0.5571784303325417,0
0.570668460546406,0.8687877048078777,0.11042115165386866,22.516676992998587,0.5773369356455077,0
0.5119181136120009,0.8685539900288513,0.13541119975616003,11.121879849230764,0.5691401290004686,0
0.6553762535809367,0.8691745900265334,0.10831498048130905,28.015659716141283,0.5650999398100773,0
0.571136247673565,0.868872157419887,0.13050143892804747,6.837835353883064,0.5782925130670308,0
0.6367357020945733,0.8690030558163068,0.13026254286942454,30.740254291689546,0.5752587982648762,0
0.6107558929223913,0.8689311864849153,0.12058936421730286,5.889035160111524,0.568528725894629,0
0.5259807475187384,0.8685990107250697,0.13943531491676683,9.615741113614568,0.562516962966376,0
0.5057646709048963,0.8684948378784156,0.13690145629960337,7.781716569782792,0.5573666061019756,0
0.5259171529014467,0.868781781384675,0.1331243888155302,10.01784952196612,0.5810920523155857,0
0.535320864485478,0.8686860576906054,0.10603187065350576,13.19473182411103,0.559846417790444,0
0.589932755261243,0.868736495988044,0.12416570989995927,11.291530012193327,0.5563814161816363,0
0.5925343648826924,0.8687465467339844,0.12870574842061358,11.423128365968315,0.5859481545741173,0
0.564171464250393,0.8686650414035807,0.14168884125764283,9.246718875406062,0.5679422810192186,0
0.4935459327357483,0.8679257565456275,0.12156692059189796,13.404610222185651,0.566544608043518,0
0.549326992711418,0.8686564730878751,0.13909284046626477,6.683721547741754,0.568954178921004,0
0.5503820676574713,0.8686274221192973,0.1413075186618641,12.153377498852022,0.5498712098209579,0
0.5280095323553867,0.8685934524178006,0.14991699319003968,9.25523051957209,0.5590265634707353,0
0.5240200146571897,0.8686469227920667,0.13958838963881967,5.425821213826907,0.5672837960058493,0
0.5690556641588953,0.8686805927619533,0.1262761759464682,12.911597266417242,0.5700126596995593,0
0.5349641567187027,0.8685922441051136,0.13037690482733033,10.22998973706651,0.5604057044067616,0
0.583605396282175,0.8687980783060906,0.11686488562463554,10.552118945765207,0.5511368313426587,0
0.48047261577326567,0.8684287968525094,0.10429456843920892,26.225189914914022,0.55404590009481,0
0.5528290599444067,0.8688185204210807,0.10595606948774929,16.3298370732498,0.5585326773229223,0
0.5325091978104136,0.8685918228848403,0.14253754445211775,7.135891814614483,0.5659441317417148,0
0.6168999648181883,0.8689827203288,0.10679929064130567,11.710759778462368,0.572694484412297,0
0.555918806237087,0.8687436449328759,0.13289387872953784,14.14166368135038,0.58014673739661,0
0.538654434153745,0.8686147770778643,0.1341962080041839,9.056712073588775,0.5598143444467903,0
0.584672192935641,0.8687362658003354,0.12969348563826866,16.429683873023873,0.5689453122764564,0
0.5465282692885308,0.8686235953861416,0.137158894648468,10.822830513978829,0.5487658476027244,0
0.5447816347017617,0.8686710017505833,0.12709990468678442,9.98032779963196,0.5608856227773961,0
0.511256539862934,0.8685642659722447,0.12086643092407441,11.719380935017568,0.5571385823638063,0
0.584455960059885,0.868948601934223,0.11712937860883056,6.247375684717588,0.56666906936946,0
0.5372390188834947,0.8687082081849934,0.1095953476883329,12.715461919738352,0.5690506761715207,0
0.5355677431916633,0.8686815315114824,0.10788158227292088,13.708597288502956,0.5666410884458714,0
0.5421996143905704,0.8687397667000883,0.11029126119492581,15.816376525513524,0.5680721610662193,0
0.54609380928146,0.8687045637801899,0.12763077504635514,5.5320278908226586,0.5712872018645817,0
0.5313133472198973,0.8686254526708774,0.12179996903350127,16.272777045139083,0.552660148208719,0
0.560699365092272,0.868708715568138,0.11756969674741959,12.465817205369001,0.5826258144163116,0
0.501561556354956,0.8685573406971573,0.10894423144610106,18.2620937721806,0.5253152286433024,0
0.549226873015439,0.8686184655505992,0.15248790186893293,7.915121850902599,0.587298021964321,0
0.5685046958577427,0.8687457309895367,0.13474018862060252,10.170919750217905,0.5847750547635433,0
0.57529588057667,0.8686836458911293,0.11716228434472536,15.238372302699206,0.5804894960785639,0
0.5561881074497274,0.868646996012228,0.12400933936301368,7.457829464126183,0.5426558607211472,0
0.5881857409733843,0.868745161523934,0.13493712044317105,6.354613540011555,0.585478236843867,0
0.6089050866557943,0.8687932102538373,0.12295871329897423,13.493423110869918,0.592074513923174,0
0.6374010592683417,0.8689438497987,0.12165547869623229,8.244406015450645,0.550401426564424,0
0.5286514551306586,0.8685746689010007,0.13214860210848398,8.187903395180303,0.5723460337797049,0
0.551509792485918,0.8686599834579454,0.12873902558381284,10.457826769660477,0.5568024009257924,0
0.50954125851052,0.86852348636801,0.1169306075000065,16.085361900220413,0.543075303648455,0
0.5746981016114563,0.8686952969025273,0.12785596167737837,12.582739732271243,0.5565863670628733,0
0.58921433016228,0.86869963931069,0.10730748596379197,39.52301512387397,0.5825782094493244,0
0.5396599352621977,0.8686278646652635,0.13636449533203152,10.40711778510905,0.60315101932326,0
0.5114520935663037,0.8685023831322808,0.12057773436205227,7.689796316573662,0.568306595801213,0
0.4928549385566677,0.8684468730910367,0.1515517938434614,8.268760566458774,0.5731623492656169,0
0.5529038835587433,0.8687934692043879,0.11343121812851686,14.427239525602788,0.5578067050090986,0
0.579420214658084,0.8686864407439646,0.16732131589227028,9.620476711942006,0.5758710707828133,0
0.5396890461347591,0.868731858384921,0.109965263208606,16.377765377442778,0.5556875594088471,0
0.541146919240438,0.8686321910443814,0.1399781310340443,19.340241971207654,0.5521081408423927,0
0.5473338504650259,0.8686545722714331,0.1102150664116342,17.89319240678348,0.5837856364912497,0
0.530519227550787,0.8686172846974164,0.11080261212409366,24.112073158746323,0.5827481561697363,0
0.5312143094386167,0.8686591083208034,0.10890058558922827,27.79149895024239,0.5698114256820302,0
0.5326991651664353,0.8686601694686269,0.12879621445918973,12.332503890303608,0.5676806963541486,0
0.5540664385994556,0.8686625276482783,0.09911844920142143,42.13902250898343,0.6032887923456106,0
0.5137998101968747,0.8685695108922847,0.15215966944316947,9.206704078447347,0.538771086723703,0
0.57210010569139,0.8686876238962192,0.13380375924076995,13.675333689685052,0.5886300313921117,0
0.622604501356547,0.8687649956429707,0.11309248628225282,17.342005749393273,0.57670295759559,0
0.5632099310940014,0.8686792886636426,0.13911714406546627,10.149539743360874,0.546826475111737,0
0.5916237357011186,0.868658549244867,0.12851329947626175,14.066224407764686,0.593555676225515,0
0.542959863948827,0.8686190455284507,0.13021688178878607,27.731924656223832,0.5558578736759124,0
0.5575650610191887,0.8686330970883814,0.1678856732232723,8.397119193767354,0.6551004269386413,0
0.4689416140947927,0.8684846104165276,0.1536636262359744,12.508732100536813,0.538016667273932,0
0.5564922406838274,0.8686470415065104,0.12359564013725173,11.647419910801384,0.5708676858783815,0
0.5073347407768507,0.8685998845003949,0.15371752624275523,10.587708385858033,0.5642994383656043,0
0.5672796137665624,0.8686423508139174,0.1586572645342503,7.842125596581504,0.5530501760345107,0
0.6108439351648847,0.868767521400887,0.11609495232922591,13.02529379185852,0.569767343825028,0
0.535088739398515,0.8685882007784747,0.13658692181976884,10.556894081224545,0.5498825580866207,0
0.5717136548942999,0.868743513253955,0.1242446236697316,12.98111789506553,0.5544355680315006,0
0.5178549186352587,0.868595161818971,0.11006246238945466,14.875419050089135,0.5616199116527757,0
0.639815499637329,0.8690659206226764,0.11476656636537803,20.89027175800685,0.587319420294419,0
0.6088204389497147,0.8687017050633677,0.12146676884960901,13.707881414405351,0.5652822446039003,0
0.5523644009240583,0.8686986129535543,0.11553497316656881,16.019023547150635,0.5362730014350137,0
0.47561966684896867,0.868490358895209,0.12827542990642846,13.58625927487004,0.6007659301303011,0
0.554171127240073,0.8686618586447913,0.13297487322900745,9.06788411364144,0.5569244718933967,0
0.547369998778859,0.8686014949142087,0.14185506527264555,9.084735290472139,0.5702384269577646,0
0.568363950747863,0.8687041108346357,0.13259522374990357,9.539707853414884,0.6007033490267041,0
0.5065130272267857,0.8685580243606497,0.1576686831880538,8.270928919337821,0.5437133771180828,0
0.5722829054040927,0.8687154256060484,0.09801648309651702,68.21149863958861,0.639176207415169,0
0.5078069003586156,0.868550881824064,0.11416414416606846,18.433957909040025,0.5551036818791117,0
0.555994019275939,0.8685920941097954,0.1611486510884487,10.114927847242432,0.5813461777670517,0
0.540308247426129,0.8687071877857163,0.12649027752477685,8.063146297450418,0.576727979687253,0
0.5894537436120043,0.8687007836995825,0.12718964312130007,14.543507246551092,0.6113517722197167,0
0.5543165329564838,0.868772393075079,0.09980378396701144,37.05302735577884,0.5638416515787114,0
0.5414799360852189,0.868628615651564,0.10628042881844037,22.683539996882015,0.5663918216191987,0
0.5669389250069736,0.8688029164930643,0.12865963562133467,5.502804188532053,0.5786571897340963,0
0.6117995466522667,0.8687595784723813,0.13333148366541206,11.334328470503252,0.625916836730676,0
0.569463085844098,0.8687104490457264,0.12572480687793813,8.669392564689788,0.5544838974797687,0
0.5767831927939744,0.8686150558139197,0.14676207874216277,12.675066316488982,0.5543572530800219,0
0.4538093830392753,0.8683174939602494,0.12212311032941132,24.355301748417816,0.5300219217723396,0
0.5984685867699673,0.868806554926579,0.12312659652340137,14.29150431965255,0.5565164297201544,0
0.548929652917978,0.868631957604214,0.14272822429183427,5.270280079733437,0.5436235130425521,0
0.5293307465793456,0.868650613940224,0.10817412389218177,26.810160479335522,0.5423664237117464,0
0.6696732773776598,0.8687974894428794,0.1268170853317146,22.229641926838436,0.659457540623821,0
0.5454786624652858,0.8687535795450877,0.11892774203452205,9.372879495525597,0.5575850504645153,0
0.557066471351491,0.8686629169252106,0.14640735439668032,8.903798795789868,0.5900190799484123,0
0.5030089837044996,0.8684510484280777,0.1182315566936147,12.957528726298584,0.545003210595178,0
0.6389972556871704,0.8695171301641024,0.12270239946373644,9.51947380065481,0.5683244682803966,0
0.6104720277684246,0.868836560097204,0.11141219820434083,16.53864191676225,0.5899000318063062,0
0.5775760376139044,0.8686990749128917,0.11612787403873609,12.719491749804364,0.5617416498419954,0
0.697568913890485,0.8724221213112817,0.1010370055716388,5.12821916824604,0.5546158266392572,0
0.5943320131305757,0.8689463873072439,0.10050027841556418,38.71864703160423,0.567202603884837,0
0.6271944132660097,0.8688222891736372,0.11337613588319685,19.486426314873007,0.5216580799184436,0
0.5499386816097873,0.8687031808955558,0.11952490150400653,9.332216489988975,0.5832996526160263,0
0.5280431146097223,0.8685541355854937,0.12856903732095853,7.501145113814866,0.5764981840125664,0
0.5821287799772563,0.8686498468139144,0.12060000429045314,18.73767379865355,0.5384041192877547,0
0.6284325956113249,0.8687905754894546,0.11910413918583794,17.485045644403936,0.6039031446189184,0
0.579382996053512,0.8686659772341719,0.1410464734572301,13.467280235332016,0.5733738228212083,0
0.732948251953076,0.8695800146203156,0.18135429399857003,6.225047967769125,0.5875114681422926,0
0.585995923591211,0.8687608197873193,0.1170408764386039,16.747051228343516,0.584370858113917,0
0.560442149987644,0.8686073202976238,0.11393412605091469,28.90465836317778,0.4961803184948437,0
0.5726330963337173,0.8686789813848703,0.1360397608867243,12.293285838453114,0.5617988545793057,0
0.4750140037370947,0.8684758439582417,0.11472306184171359,16.57463843139556,0.5430561081421535,0
0.5477306430003573,0.868682509065429,0.13011421384072105,8.288092565561032,0.5613889294604938,0
0.5118786917766034,0.8685665636831472,0.13613257505984466,13.256808830059962,0.5619812877560963,0
0.5112730756517873,0.868554542828095,0.1040036476832712,30.89907520901963,0.563074877781835,0
0.48526167380648966,0.8683516102619148,0.12231234640147208,9.553234320677811,0.5624778484481977,0
0.5030480621248811,0.8685020465415677,0.15166544386958883,6.139305611432328,0.5478129341172916,0
0.5243592129261193,0.8686014108119883,0.12514136456422123,12.773655655716402,0.562122346569135,0
0.5097407077284517,0.8685384606421765,0.13273338522771475,6.949597432964591,0.5476432681292307,0
0.5038980798296667,0.8685917606730964,0.10507102279259233,32.50961074915993,0.575523855116723,0
0.5739678516402104,0.8686850856721843,0.14140389466878986,8.485013026070162,0.57677244862945,0
0.47089594259579703,0.8684021879964527,0.13084501788514674,13.87640528519209,0.5516847004697417,0
0.543078196720565,0.8686476230183563,0.11777904901483793,14.571176042427423,0.576447785603099,0
0.5956621411222337,0.8687443606128223,0.13281397109938856,9.165603647686545,0.530903900440984,0
0.5836701186741816,0.8690120960557133,0.10576154572240509,11.53052557867202,0.5449305837590214,0
0.528296300346157,0.8685771544931367,0.11224052611776399,7.69132851300779,0.5539739671562517,0
0.49502843857821893,0.8684784424459436,0.15875039403153926,8.010759450294245,0.5576112510025237,0
0.5277703541149716,0.8686385485482783,0.11868459295220697,12.274234424604611,0.5744037101954417,0
0.5344634991579581,0.8686183348523183,0.11676629221577672,8.928045669704648,0.5591755111866766,0
0.5167533571095934,0.8685639309673889,0.1447166448056193,17.15838057599594,0.5304700509620166,0
0.5227012675074163,0.8685700342345776,0.13763749144549964,8.574427022407923,0.5685315591358847,0
0.4906497007961013,0.8685272040088533,0.16106668239619937,8.038779076278512,0.5656471340301263,0
0.5668118044935804,0.8688088230180733,0.1430400361000249,5.872812168030719,0.5466449425948386,0
0.5790990995001306,0.8686818379550553,0.12932961094246342,12.814873666431223,0.5706017806344387,0
0.53787161211153,0.8686749619529186,0.09708727739008942,51.16903622392642,0.5595484746882547,0
0.5537432426479734,0.8686813689392606,0.1442317451759171,6.073459440400973,0.5479410043763914,0
0.5306846337361013,0.868636090389373,0.10312109086586259,8.957765727768816,0.5376523773409839,0
0.556465602636942,0.8687320684299126,0.10208913348105501,22.416227977332728,0.5370878829823047,0
0.5931672045240534,0.8687382264857727,0.12311549235128723,13.249149755570425,0.580120546143321,0
0.6068811869340013,0.869121144897028,0.11420852558294721,9.004286955862797,0.5778389513221752,0
0.5317805397483414,0.8686219996136811,0.12590589638095664,10.980298898545454,0.5454159041125943,0
0.5811892212668424,0.8689868610714999,0.10918312508570033,16.57828327386686,0.5699837009650343,0
0.5637521739078494,0.8686760666743899,0.12674982300560253,15.756501596490592,0.549457938326017,0
0.48066160722435675,0.8684394224670496,0.1549427338974971,9.127300766903309,0.5342511757266414,0
0.558745516550634,0.8687061940425588,0.1175919796138758,8.144375156952451,0.5787771903544053,0
0.5092112837458637,0.8685323568311629,0.14775759050908321,12.421787051915908,0.535740347965454,0
0.564961443384424,0.8689340908037902,0.1114009978069564,24.721981808632812,0.572608409460609,0
0.5571712802334653,0.8686072719435284,0.12447928387018199,10.433497097085773,0.5695880568219692,0
0.6146801909519083,0.8691886861019412,0.113967346272562,14.48462330860951,0.566180777569843,0
0.7070547782126549,0.8688905388175536,0.12895515734324003,15.980520641905557,0.664017788175913,0
0.585745435006097,0.8688626646774636,0.11381388052615049,18.613763940100903,0.5562718926508284,0
0.6103367224676554,0.8688005185114237,0.1381776223135597,10.3148188706242,0.5809457259186087,0
0.5640121539655706,0.869019084895707,0.13767353626334225,8.458919544721173,0.5755761385084831,0
0.5448677995821267,0.8686787787253433,0.13615519847774873,6.791482678733361,0.5572241515466531,0
0.5705747517905376,0.8686709476177139,0.1475241655023205,9.086584325412806,0.592973547173983,0
0.5154555056931006,0.8685939909070054,0.11162950669112372,10.95208495623779,0.5332634926603027,0
0.6031597877392416,0.8687060075760417,0.12010041167049419,8.52026331149488,0.562080985913624,0
0.48529781218457796,0.868405765054639,0.11297220321971296,21.7769977655941,0.5680944254307173,0
0.528470197345695,0.8686046901625567,0.1262763087439552,14.942123421628287,0.568863539178203,0
0.6122398158517403,0.8688928351417781,0.10796836759704646,22.276155296556084,0.630358125795308,0
0.370013513153747,0.867976908481121,0.14581027514885314,6.22473338377856,0.5295642369336097,0
0.575566135161674,0.8686721417254316,0.13923456126478131,8.710154225128816,0.5683822979981863,0
0.5532388933825613,0.868666204613539,0.1306613861304971,8.260829740602222,0.5621212975662236,0
0.529367340641432,0.8685826286753663,0.13319364123000035,13.605064544923732,0.5931696540621597,0
0.5488003002407454,0.8686290933348874,0.12723460024522995,12.616759298633749,0.5499662172598293,0
0.5519990172978647,0.8686347602394537,0.12804926172039988,9.375615429255928,0.579953463576495,0
0.5952899570400744,0.8687972947384907,0.11729467451998227,15.679712027070778,0.5540633390934238,0
0.5419091032912503,0.8686188396918854,0.1391992509730825,8.968339167205292,0.5554434727226153,0
0.5862092860320817,0.8688683723561578,0.10840155004041646,28.34663966109333,0.649456478989786,0
0.508046447449653,0.868542606897134,0.15026795903252887,7.975028760315693,0.5658190932853776,0
0.5492886165046449,0.8686602108993261,0.1165236411570691,13.00375063221673,0.5628190132604464,0
0.4360462349997147,0.86773509783617,0.13211360462713728,2.50947270799408,0.552261419842365,0
0.482094612837074,0.86806393783601,0.12182273887694799,15.59688479923143,0.6408381445073157,0
0.552391198821355,0.8686994460643334,0.12069965167788689,16.082296110303012,0.5675050405425544,0
0.5345660416068373,0.8686476004436704,0.12144446615170855,9.664064256625325,0.5542250931593834,0
0.5556969451840443,0.8686282917744504,0.1396253953535459,11.149680281220842,0.5574165436917841,0
0.61872647305034,0.868843549179791,0.1048011788886078,32.84299651633119,0.5655046164963063,0
0.5108679039472047,0.8685829886945924,0.11516176868880422,11.702633439637424,0.5582646535458421,0
0.5108041244306426,0.868539474245027,0.15004340269209418,12.326038639771408,0.5507097492122224,0
0.5588331953404457,0.8686373376119073,0.16559021092117032,8.322724925864632,0.54906457119692,0
0.58706125913192,0.8687750628532257,0.12285866911735864,15.412542158902395,0.5667674838446146,0
0.5744130791506956,0.8687459167523297,0.11960232564056243,15.062031306350546,0.5836279355448717,0
0.6165894716029713,0.868842785645984,0.10666944083726414,21.306834770943755,0.567305553685427,0
0.636086503707539,0.86897041597603,0.10839092770225618,25.866234987526607,0.589443373385547,0
0.5799598129678193,0.8686459286107121,0.13580628887689203,8.462895523341295,0.5646167515741293,0
0.5329231387909159,0.8686312191335883,0.12900015409919538,10.820202027603182,0.5998106290686773,0
0.6004863430715394,0.8686969246371204,0.1173380767781184,16.269633039139002,0.570568213532229,0
0.5547275412809483,0.8686515742299568,0.1442088288121357,8.31191330201278,0.5704077582225526,0
0.5747606073477366,0.868655669211159,0.16534295342877744,7.948363742834152,0.5677464316245068,0
0.5653999628743277,0.8686486741284813,0.12711065151156675,12.844988154856937,0.5313378114539966,0
0.5578356392437523,0.868614995461998,0.13987330144989765,11.666957147184611,0.6193588039572907,0
0.546280028280473,0.8686420212936111,0.12117744263927244,10.9954557968965,0.5761359130557374,0
0.5204779555359172,0.868558922358987,0.1484123131491206,19.04109201620626,0.5865470573037094,0
0.5633146573268549,0.868625417915089,0.15542360682718062,10.433552830883217,0.6170785634263963,0
0.45769723704235094,0.8684605693590067,0.16920037559876988,6.191991146802989,0.5520952588023833,1
0.3117469798016437,0.8675771091433376,0.15671969557380136,10.684070977817772,0.551500869049414,0
0.5235962662746844,0.868651905867833,0.110649551085924,18.856673208339853,0.6010759096122203,0
0.476191597201028,0.8685094530308364,0.1254895764441449,10.823889542567091,0.5470591407535049,0
0.5679346935977936,0.871687442700407,0.10828262475712103,7.549373388551198,0.563741850746037,0
0.594110221925764,0.8688816185756894,0.12618677966829292,18.052045366384707,0.5620464879590613,0
0.530665284700933,0.8686434353824973,0.1560632580254877,7.181376902915368,0.5666491578801893,0
0.627753983194723,0.8689947778639256,0.12722347198042452,30.66774099129783,0.6276730600286197,0
0.5717895651937083,0.8688130969654617,0.12099941804428048,3.6977284034711184,0.5440922175367767,0
0.5168211249628474,0.8685628651421387,0.13509926064695124,9.305494395793302,0.558633399450002,0
0.5032878428532983,0.8684527192922177,0.12778858966988946,10.792547708852075,0.5769661508423344,0
0.5151559726203746,0.868613130283579,0.13957676746175024,6.972199332768047,0.5495915261161247,0
0.524538150678166,0.8686387943230344,0.11383555589263857,13.491741313734929,0.5689497584626686,0
0.5403159912024277,0.8686333364398267,0.12021156717112691,10.183011356469057,0.575519608574117,0
0.5362071345634397,0.8685968080076463,0.1387523404391323,8.741292430544098,0.5647276706242871,0
0.5276909795222583,0.8685950497327327,0.1369596667081139,13.597851252814307,0.556849638260208,0
0.42717236317311463,0.865884531065931,0.09794217318647001,13.249168723549483,0.5364819247480447,0
0.5260513532222784,0.8685872599451453,0.133723766808932,8.49739491656561,0.5540002949944077,0
0.5463533460490769,0.868610476257499,0.1339997342755932,7.8807299531147965,0.546846531836117,0
0.5069533871437897,0.8685370703518798,0.14956886031854086,7.929651425421111,0.5665730138551129,0
0.5105777922912319,0.8685743946778249,0.14578485599572133,12.902596917508113,0.5416543647776256,0
0.5456457071019444,0.868640893165598,0.1184083658301397,17.36427454102622,0.6235919343397484,0
0.522442663392344,0.8685845411700548,0.12551177188338447,10.0311286756929,0.5858477378906036,0
0.5581783062809541,0.8687268061871557,0.12289198622341431,11.968448539096498,0.5709562626063097,0
0.4840906138943917,0.8684884205641538,0.12664871629205468,11.683968198034075,0.6042163363945563,0
0.5397852307984617,0.8686853625359207,0.1065074021634339,9.984222133858037,0.5595871643654956,0
0.42285597510757267,0.8683428291206773,0.1356214455216038,8.589276936209288,0.5827950964514069,0
0.5972891889573834,0.8689115384714934,0.1133224270887236,5.349699785325024,0.5682786414271697,0
0.5344375392533803,0.868625474450138,0.13343526650386106,8.388669503025195,0.557319989599095,0
0.5241918233938544,0.8685795266294153,0.13329747945143836,10.339457253242504,0.5731982580253193,0
0.557539242965563,0.8687001450934541,0.12633298897236697,12.95839574222103,0.6346534025736646,0
0.554846612494226,0.8686282695574237,0.13732187347139316,10.95036015766352,0.5947657675820204,0
0.535219229902493,0.868628787765795,0.13555099865289,7.6535463083271775,0.5526307751036906,0
0.4868233718540003,0.868530910409853,0.12400942295885538,12.10376023380948,0.5453369458027564,0
0.5490461673502968,0.8688134245326591,0.11812124392347001,6.212355880101171,0.5888935821449327,0
0.5399008347240574,0.8686799268996693,0.10922612637438196,10.202893258541541,0.5855863919530604,0
0.5210148794891093,0.8686090016898139,0.1046395275319274,13.966835958608977,0.5714775482802027,0
0.534782056794657,0.8686366319466604,0.1181986975272239,17.914880956535306,0.584123005295989,0
0.5058469510001866,0.8684943239830857,0.12478274677032863,6.171441508469234,0.568787599518095,0
0.523273696674881,0.8686069309780907,0.10810892814966026,28.568592504791283,0.5613153088496324,0
0.534475991708829,0.8686393074896547,0.11367220903356973,12.718814330716345,0.5803435247326404,0
0.4892681526423283,0.8684752943842883,0.1040036025003812,24.50746997074025,0.5662662364093837,0
0.539281687980429,0.8686092424984914,0.1449712768715663,8.40633510762241,0.5606298393196794,0
0.512241193501687,0.868571374688751,0.1320342856950018,7.138864872922505,0.5806763542059503,0
0.5473530766180094,0.8686222585727874,0.12463700788985303,15.633449241102367,0.574308087882426,0
0.5227694225311036,0.868591061624257,0.12620948798267825,7.146206130534177,0.5892798259955397,0
0.546239865395905,0.8686376615073813,0.13838833974151596,7.5034967456994,0.581845728671794,0
0.5912645570092013,0.8687314183620675,0.12305930810514028,14.099746419355391,0.5648743062397463,0
0.5811165691303674,0.8689521005177446,0.12585984427744815,6.31144930083319,0.5756773044750364,0
0.525049351861569,0.8685688476312183,0.12318180314071041,7.777746733452961,0.5403355319408817,0
0.5310925582086456,0.8686109532224897,0.12307008725191353,10.784539137105028,0.5569777750255663,0
0.4563537046038493,0.8681284992076511,0.1098667876531082,16.145431985792303,0.6028653136520356,0
0.550451900263471,0.868662970055798,0.12206751586587883,12.931899751734713,0.5910517513317943,0
0.5310208878745167,0.8686257894697663,0.1108021914863262,18.337534545180926,0.52549853457769,0
0.5229953552853083,0.8685884676559352,0.13184993176807805,10.39907893144047,0.5131051843370953,0
0.46664905320739997,0.868061643959304,0.10769760702232696,7.981511032428291,0.535853043588667,0
0.5284332217151834,0.8685649616361607,0.1404403934363043,9.108261063012407,0.5713017969046391,0
0.5311799878861616,0.8686774317592603,0.11420808825731475,14.062197880109952,0.5925227704242607,0
0.5546437315343903,0.8686811827551629,0.15094479349683965,10.532112606368832,0.5976100202851716,0
0.4516945601763833,0.8683987828658141,0.10538382047003514,21.635275473925038,0.5461347204805113,0
0.52505460911683,0.8685986997488739,0.13434726070828382,21.997149415625252,0.553787276645298,0
0.5186727113514403,0.8685868342473076,0.11549085790015523,13.029484594678866,0.5676512205091454,0
0.478987852867577,0.8685173055108649,0.10608602164770249,28.683737928322945,0.557324845088835,0
0.4183134555722134,0.8683525958497547,0.10970413088681384,26.91992677949797,0.567361730479841,0
0.5422916166892547,0.8686741792211783,0.13188538874765185,8.331408680357974,0.6023765057550713,0
0.5104350824828173,0.868569885683948,0.10601017035442202,23.323321900781433,0.5257377409419256,0
0.479729728077216,0.8685006618798784,0.14906912760515256,9.16049460063377,0.558340316832643,0
0.48063775426426397,0.8683716397248443,0.12933018446708527,12.141977378246928,0.5551769756800994,0
0.5307668054180614,0.8685923644096855,0.1149203117051702,16.613428953660538,0.5789895691848946,0
0.5159657545730393,0.8685357115543314,0.1274273668519807,8.310927156845995,0.5765540009403036,0
0.5405483630894623,0.868606482446643,0.1231154412824529,11.908637125136751,0.5908230355624907,0
0.530423269350527,0.868589285332204,0.12765256223917323,6.755591211828899,0.5956635553702663,0
0.528718102736684,0.8685986122319173,0.13947132336300008,8.65897140196452,0.46879862294168767,0
0.4832103739319673,0.8685598961772586,0.13620236731017196,38.33345311353543,0.5555902828442847,0
0.4571126438584863,0.8684534825035793,0.1372514272265457,7.260996132942959,0.6043931983835513,0
0.46655397986593766,0.8684390796419149,0.15177878152846283,9.73354985844076,0.567195929654623,0
0.539543123308078,0.8686003305790168,0.13801245581751664,9.832936213385201,0.5933492165741817,0
0.5936613980193933,0.8687445695979145,0.1110523926342712,15.852815664731686,0.585516229902347,0
0.45817045621387037,0.8684558747974492,0.14984299133461554,7.4973251701321795,0.571544529145955,0
0.568961058923828,0.8687318924466396,0.12031218290656497,13.806400260131456,0.583593467689171,0
0.5296208615832443,0.8686166084855076,0.10522197314006439,19.950927917581073,0.6011725210474653,0
0.6063308256290146,0.8690178387353237,0.1257025314912606,28.07519952892403,0.5939289650256833,0
0.5638297660023274,0.8686526324960191,0.11266640701082307,19.666804232373327,0.5828982332631857,0
0.5439241938658613,0.8686463073606846,0.1135301881826688,16.72247371380783,0.5767332241468109,0
0.4765624796340957,0.8684506002209504,0.12196735297997592,14.614815058002536,0.5444209884202701,0
0.5372123651244289,0.8686208711173022,0.13077623322024837,10.077805448066686,0.5889444664733193,0
0.46841591300041036,0.8684480021845866,0.1437133429381187,8.084849364351554,0.5455686505029567,0
0.5666515308140057,0.8686940381103954,0.1267948626716354,10.534960244480912,0.5385215125007797,0
0.516606218489637,0.8685801959443107,0.13705335343824923,8.30578376757745,0.5735944742616684,0
0.5495857007067116,0.868665187541922,0.09811288755586722,52.641714493421105,0.580995772884918,0
0.443955897145942,0.8684186084542697,0.11773556801951984,19.80990822165577,0.5137751356959593,0
0.437462405812935,0.8684517470756051,0.18232880364887458,11.572034339370612,0.5752383134848552,0
0.5369192692590546,0.8686992926928362,0.12413232373436063,8.980226585310335,0.5645507606101824,0
0.588766034158505,0.868685825932079,0.12641127664743648,13.120714007388841,0.58978502432798,0
0.46158340527842173,0.8678046138862916,0.10304594580871661,10.393288485283355,0.532637646891604,0
0.5288053916570923,0.8686041319260909,0.10631278109262705,18.788235766769485,0.6470706780184093,0
0.5156956387615227,0.8682256474665747,0.12341646810502814,4.379100884639748,0.5823946667741703,0
0.5915034580063007,0.8687608863946217,0.1374978083122894,10.897102394676883,0.582407978349184,0
0.5550331121758196,0.8686760833025208,0.13439317556788208,8.594377433565146,0.555111975890898,0
0.5456644237966793,0.8686007290835356,0.13454376167314516,16.206955134328666,0.5765315289175014,0
0.5375615443992773,0.8686734100328124,0.1139892206280597,12.335560160769578,0.551247240605839,0
0.5039535014330226,0.8685421035567159,0.14393154534690158,4.624767819728566,0.5739615840362869,0
0.531249338129231,0.8686365712872717,0.11523872835384029,18.078397638297584,0.5497519977556307,0
0.451143987376282,0.868056232766,0.11395679406091003,10.066417109284645,0.5725596810766507,0
0.4978336833132236,0.8685111240462337,0.1409157326021292,5.6129418651829335,0.5735893148315724,0
0.5267739481179383,0.8686058380682411,0.11897165092473466,13.007377361072102,0.5604909203851887,0
0.6215512751385716,0.8689736178413033,0.12424450374196126,10.803009463227365,0.5983022220060016,0
0.5717914970786332,0.8687561885295666,0.12077795522957512,12.061122584561943,0.5632345261210393,0
0.5266758592008564,0.8686035286394196,0.1214883733136138,6.712434721991182,0.5299095843732804,0
0.5699459118061697,0.8688847517897039,0.1012946397336396,28.858997080099442,0.5644951238305693,0
0.6168465326418754,0.868893424527879,0.1159297496937592,20.905347190673155,0.6192994956310514,0
0.5567764376952457,0.8687093188637179,0.1186622936073108,8.532294617471504,0.5852056659393506,0
0.5196445931210469,0.8685142379262093,0.12731412687625043,5.9256848890628335,0.5671070298917463,0
0.5120226864862286,0.868555358243888,0.10993208356029432,27.174672718218158,0.594223240039623,0
0.5987568020286507,0.868781164306804,0.11385822647304988,16.736070537200586,0.572558501983421,0
0.5492690468785034,0.8686193651295739,0.12062223926472133,24.40518372541237,0.571068540654465,0
0.6795851773597841,0.8690789847308608,0.12135495092454923,14.433241998343524,0.5712751818727927,0
0.5750066857697234,0.8687945233829724,0.1169305960808335,12.992166653283597,0.5114963292852467,0
0.5902272271238517,0.8686582738548082,0.12073295428952886,17.3408587111515,0.6025089868717637,0
0.5204236303742557,0.8686019776134729,0.13506331370112096,9.555947129071724,0.5918563438870498,0
0.5124407210728946,0.8685649392094744,0.11245920070127001,10.402415916202184,0.5472829293995773,0
0.5397420633050253,0.8686079312793947,0.19723357308934394,7.8749631763395715,0.5141100326134773,0
0.5523240383759587,0.8685873790778796,0.11827556040925731,17.88787964061254,0.5671432371456774,0
0.4554772716640367,0.8684320300323406,0.14368957551975733,10.199648598894337,0.5624506121695484,0
0.4833133494159923,0.8684041615288177,0.19762869509664505,2.1432177743732894,0.564264008144617,0
0.614597985716043,0.868851958583262,0.11355143737595608,24.362990263427324,0.516857164850853,0
0.4635845362338477,0.8684438863480736,0.12191171861106309,10.997423409029109,0.5504782574070096,0
0.5261383061970147,0.8686080165532241,0.12816208378309224,7.816795749147759,0.5623095917576094,0
0.512067795999707,0.8685440844241903,0.13637620863762864,15.66181035173007,0.571433752977017,0
0.486098557932247,0.8683872403115407,0.095892038712381,85.88883943426217,0.5918253264192487,0
0.4308597936299523,0.867879880518629,0.1238980560249597,8.681149874437422,0.5536779412838727,0
0.535236076941708,0.8685672408257087,0.15081926189985306,5.4390597643959,0.5738123267607687,0
0.4733756160002227,0.8683634330881357,0.1288985515621046,10.723104832202704,0.5545747479669076,0
0.490828846009627,0.8683755360490774,0.12928364695176317,3.915233446032655,0.549361169465186,0
0.48229960891783596,0.8684889598403215,0.1008011924102624,48.443218275066926,0.6455387659905917,0
0.5442331599211571,0.8686391552603699,0.1340231434692424,10.409541649518454,0.5821833657660548,0
0.4196943493892127,0.8682423255760786,0.13453140859629123,8.241042872112697,0.5635546205384273,0
0.5463300739591407,0.868641935763125,0.12050035954618306,11.919625938936026,0.570168292357662,0
0.5896284002177884,0.8687152849291694,0.12405437139936358,12.426048842897181,0.601427704557477,0
0.5494103947717918,0.8687189140688751,0.10431589702220251,8.269732056545928,0.5529304468281864,0
0.44219110696739067,0.8680806313951667,0.1110523585729502,8.791961970258685,0.582411456524892,0
0.45563497475100534,0.8683567284168311,0.15266722989110096,8.56099341349303,0.5660832386880826,0
0.4622812255863383,0.8683912959292966,0.11018219740667773,10.130017768782363,0.580860131916577,0
0.4854649778028887,0.8684627142254843,0.11246941211457313,8.225152689659652,0.5833794086196153,0
0.5256585273808471,0.8685708122965453,0.1501546811699999,10.329305102473707,0.5535291389024569,0
0.45217629542330434,0.8677852085220904,0.13712341005565853,2.875202346785414,0.5665126146024884,0
0.49587090280036,0.8685133909964028,0.1621153691117657,7.366799671032138,0.5516099569796863,0
0.5506239135253804,0.8687106170122002,0.13512209463176028,7.621677876440488,0.5564859097166767,0
0.5759468891516276,0.8686723185309916,0.12629901470396254,8.28142442088718,0.5843533128503756,0
0.482444329351198,0.8685123478430655,0.0979956909787409,40.03105131637717,0.5893686167613563,0
0.5394459985556833,0.8686088868924849,0.14853731426383132,7.15611492231617,0.55034025587124,0
0.512401755719933,0.868515501907738,0.12014526321116277,7.4412934836729026,0.5605580482938063,0
0.5158669615750123,0.8686101667374597,0.10915030603191017,9.322076423407342,0.5737884960445983,0
0.5610406751923446,0.8686835209447606,0.11945859575841906,15.483895360627459,0.562205919419663,0
0.551532663560577,0.8688256062945247,0.11284088444939468,5.844318786070318,0.5992934039462077,0
0.5108488502129533,0.8685629110066246,0.1311756377182071,8.267884314533735,0.549353939676298,0
0.574912549972159,0.8688855337102194,0.10713433029001601,18.282687291471348,0.5795356554665324,0
0.5566475995455981,0.8686858276783548,0.13112947000108313,11.564519305661385,0.5967811695807813,0
0.481209695163132,0.8683833175325737,0.1622099952106114,6.675146315868553,0.5578764763349083,0
0.534787751825797,0.868586276073679,0.11305919307489487,14.19208898313976,0.5638922227281501,0
0.5023906947539906,0.8685098444095369,0.14470493158820083,12.545126194855971,0.5769463024737793,0
0.5355578563093427,0.8687215925978916,0.10328270167786567,46.79523749295273,0.6574279085809417,0
0.5233768622437983,0.8685762002725803,0.12968187133117023,8.289369021929748,0.5543547819234766,0
0.5631504547200427,0.868967484976638,0.12103334418241359,5.697750360681672,0.5812208395898287,0
0.6249909115824884,0.8687808224287443,0.13111893339489933,13.464283658280944,0.5405873911935203,0
0.5523572283608843,0.8687538718177281,0.11220815039459232,20.609177212411286,0.5940529879344667,0
0.5487006878402719,0.8686797500951613,0.13963704895097698,6.264273936935468,0.558922872047821,0
0.5267193093936914,0.8687058703446401,0.14105813198606854,4.2459704726236875,0.5534607995426194,0
0.53404199432243,0.8686467974464663,0.13609653060353574,5.907913584674546,0.587238912075792,0
0.5583356916507217,0.868650990953474,0.13358563160844583,9.036179741779979,0.5916036205670031,0
0.5306015134853493,0.8686540970755997,0.10757830370932875,12.869098658146813,0.546255297264061,0
0.552622058429014,0.868652281009957,0.12043308819716093,6.808962842288293,0.5616544978234487,0
0.49401279450883634,0.8684914360120023,0.12427844772530804,14.431088500414354,0.5435698318915024,0
0.4967892542649223,0.86853788587268,0.1332054069800235,3.687342607396927,0.5793262221800073,0
0.5866067449730347,0.868823316508846,0.11882820077705868,14.404127836359109,0.568806711177663,0
0.3911747221407443,0.8679915773094997,0.16437283641468484,4.3101992409124605,0.542630363942891,0
0.5470876496057423,0.8686270321027441,0.1323320256219841,9.18592013597283,0.5833554914213503,0
0.5155384340782683,0.8685803931511199,0.12207822497652714,6.033792638460428,0.578829625113876,0
0.5807799058251782,0.8687112212743314,0.12685096905136772,14.55134400517483,0.5888701462486989,0
0.5136575020526927,0.8685462430880148,0.12935200736135236,10.183305250225873,0.5517882763370426,0
0.5253156351863656,0.8685765087837982,0.10873798797777727,13.36897304045899,0.5643508418632274,0
0.5708796056493973,0.8687397201693613,0.11459118925256216,16.838962766980696,0.5833000621428304,0
0.5472602195205822,0.8686219362870187,0.13352738033340497,10.135135895257362,0.5916165964492707,0
0.520602709120674,0.8686201745495713,0.10801134622373976,18.78004920092913,0.5233694251214813,0
0.5331988017938666,0.868589235310762,0.13233142671505363,8.684428029645895,0.604359091795448,0
0.4771146537678333,0.8684900745628953,0.11938072654750637,9.173638118277472,0.5742032828223134,0
0.4695821113030864,0.8672649301332706,0.1132456502935865,18.320709710937205,0.4833821924441757,0
0.5415445293440767,0.8686603507664618,0.11990116791596271,17.075519933810806,0.591363208826046,0
0.5507920515761601,0.8686843999084307,0.13355109585404967,5.5265609737070776,0.6103297904834967,0
0.531489200708332,0.868595069389989,0.12139948560524765,16.938198511543476,0.5645863040378036,0
0.6089783081380573,0.8687961763955864,0.10175591014649711,46.94854133805188,0.627691947745504,0
0.5184215691117057,0.8686381051980173,0.1132892108152883,12.351714503732802,0.5680251123955147,0
0.5270976211838919,0.8685789951084993,0.1509458329457296,6.034982836126378,0.556852568285135,0
0.5396640050046853,0.8686056901803036,0.14999322937626505,10.5491834837653,0.5994430837895917,0
0.577682929335866,0.8687030238617873,0.1346936721271401,13.59777885722646,0.6164561344918207,0
0.5216627291818506,0.8686054958777211,0.11868459606492364,16.86585621349434,0.5089495673041623,0
0.5745618957978527,0.8687573748027884,0.11844132970241121,6.852605360002373,0.5871927101846207,0
0.6417254294348487,0.8689608697057256,0.11231731634696278,18.820426408242792,0.548297140426964,0
0.5214626413393253,0.8685856233138257,0.13013699296500078,6.100586079951446,0.5747634358546293,0
0.5147616326322324,0.8685479652604643,0.13775457528435986,6.715750558788035,0.544310824925891,0
0.545449671035644,0.8686291583009828,0.1212992697987524,11.675347176278757,0.582070179880731,0
0.5422936280212997,0.8686239336900593,0.1390699629122407,8.849077102123715,0.5622056034164054,0
0.5614802739893164,0.8686385708556635,0.14880983328518024,9.566579226793726,0.5581823624475369,0
0.5069055790233453,0.8685443590062797,0.1170959913828799,10.819964369266415,0.5472568840692107,0
0.533397440089452,0.868576014977218,0.13850641732171143,9.87954399515939,0.5486398547749304,0
0.5438554487184253,0.8686296507942256,0.11625991073771685,13.100127260953629,0.585984728341639,0
0.5165938520525923,0.8685482783376671,0.13671513584353065,12.16380997438799,0.573590056399038,0
0.5233254569040863,0.868542351705698,0.15405024577932433,6.842587967784737,0.5613101892827701,0
0.46155676622547465,0.8684633982830277,0.1785223346659365,6.30724075724585,0.5538007330611213,1
0.5458795094758128,0.8685986059731924,0.1336306229061248,11.275670061360278,0.556170625895952,0
0.48438297798913266,0.86848874333726,0.15818966450163288,4.22409817391137,0.5536620661380643,0
0.5375728569980579,0.8685739531876147,0.1333319297273729,10.913749149472292,0.584990703841615,0
0.52803126717523,0.8685703044065646,0.15895133704478953,10.028402805527412,0.556104935266471,0
0.554266098331386,0.8686017853976423,0.15301320915372296,6.820929394381645,0.5528623628031953,0
0.5645762403044426,0.8686309910138781,0.13140442103576302,6.963999567915119,0.5793816789015513,0
0.5782812101690044,0.8686857171632637,0.14005011401509485,8.426968072064781,0.5701448434946966,0
0.5125531743591106,0.8685596405010211,0.16544704661661447,9.866492872949726,0.5542532219468743,0
0.5272582268040057,0.868587161107209,0.16196397564095208,8.712701101349626,0.5720436384994719,0
0.5399100251442587,0.8685847472662666,0.16244889238091267,7.176305284060389,0.5468346578884646,0
0.5284299184574723,0.868581337220015,0.1636802524613543,9.381114549565135,0.5369037690405923,0
0.4777655048959437,0.8684442057314916,0.11583157467190057,10.079813783785035,0.5582156800701967,0
0.5656105693487933,0.86858452315147,0.14418511000241632,20.249532347445175,0.5113712214775666,0
0.6064550368173763,0.8686776999386683,0.13490234359435574,11.896326707374254,0.5375816024968083,0
0.5593670223703656,0.868600739897702,0.1515644414577868,9.318402940909605,0.545681380552128,0
0.5341400807481653,0.8685783331922723,0.1583071952474837,7.66888311605967,0.5407683585084576,0
0.5178739612236359,0.8685583244830294,0.1554751082633027,10.061497726443822,0.5128193077038343,0
0.527476632638213,0.86857537118685,0.17044997759286254,7.658244108271466,0.5581832879232557,0
0.5314964882976018,0.8685799075564361,0.14028674893943835,11.137514194980449,0.527876790162264,0
0.4684513540597994,0.8685162349161164,0.17400799735035877,7.877719911129518,0.48380992203612766,0
0.5525624234230253,0.8685804548839418,0.160521519751624,9.021719188849495,0.5849513244440617,0
0.5521435727818388,0.8686134156144,0.16154805465376595,8.146594838677103,0.5273344239380893,0
0.5307831568688174,0.8685712483722273,0.1620856444170524,9.576574259053464,0.5552420600045733,0
0.5382777529006554,0.8685760574971519,0.16274196676172573,8.893251998611493,0.5470976304400204,0
0.5382672589640266,0.8685787271946567,0.1644003054106349,8.409333028651496,0.5310640346078257,0
0.5624148199904586,0.8686089351966556,0.15579937026782528,9.82645924899225,0.5845846335865116,0
0.574813077646641,0.8686439034593897,0.1296135152092817,12.137687192230196,0.574897806605856,0
0.5498582753827743,0.8686009117434547,0.16440030486833423,8.201513360750637,0.5932554859437728,0
0.5518778672497333,0.8686400754408493,0.1524004935180159,8.947851722066648,0.5759344839281747,0
0.5134887648036947,0.8685483925954663,0.13498264863373452,5.854802573151211,0.540580047293132,0
0.47022401792129037,0.8685158147943017,0.1971214418316205,7.260115255290508,0.566364176250038,0
0.5475415865959463,0.868608409754532,0.1586683183120986,16.206223047012873,0.540049522051623,0
0.395789549952674,0.8684696378920203,0.17709922208635376,10.760215606477555,0.5117805872852144,0
0.584396839373858,0.8685948907698674,0.1437748689936821,6.365452896397276,0.5998752202009716,0
0.5348303438969083,0.8685809286329044,0.16357924786640746,12.642579003371948,0.5457594097746131,0
0.5352336953947353,0.8685694066212314,0.14550529828769235,11.15372030881908,0.5520476958969943,0
0.5638015230330583,0.8685811282037513,0.16376537160843085,10.273244845587977,0.5814356911897044,0
0.5948410459218331,0.8687144297276196,0.1383529126876708,13.602261282578288,0.5667079691446116,0
0.48645954936157604,0.868530165551547,0.17725333268667318,10.222367035337244,0.5205259459218973,0
0.5186204187778694,0.8685664727474339,0.16276840028786052,10.279270873588587,0.5419785267464,0
0.6105064820724153,0.8686614444214821,0.13905773235782212,14.54206436924506,0.581470596154694,0
0.5746002085650922,0.8685946422808021,0.15329411713547955,8.015414460060496,0.5901560637743983,0
0.5376216096240186,0.8685948773618071,0.15436136526304,8.738419940680446,0.6033799370491186,0
0.5236872711751274,0.8685919213128616,0.18033430528439465,8.620049506194194,0.5377605398990476,0
0.452165776940846,0.8684865203441839,0.22123332475005206,4.001683287706959,0.5505780934335474,0
0.6097651250087494,0.8686341793027057,0.15804276308409046,12.199694807181547,0.5639282585405764,0
0.536024647198499,0.868570301068222,0.15178992382915144,9.05179831054272,0.5437864127359019,0
0.5359177516837229,0.868565357893078,0.15076906957925731,14.258568612881458,0.5787398034638367,0
0.47687362134681394,0.8684041990352057,0.18371997492527212,2.202618840305858,0.5399467035668181,1
0.5443358330751146,0.8686178145150493,0.13727530738388907,4.372164815800977,0.5674796478016856,0
0.5107572982038837,0.86856933286154,0.11931454545608054,10.8285492799007,0.506789225433313,0
0.5544024288031716,0.8685680579213301,0.14838843520947756,6.253911855482672,0.5681925384443577,0
0.5319787745954456,0.8685731271438596,0.13281450336508369,11.271918295146966,0.564016260523814,0
0.5335536026996314,0.8685779683810827,0.15103413110366723,4.960996749961655,0.5540960027004417,0
0.5306246380891294,0.868598028013415,0.1241210823491992,6.712128121712684,0.5740807220570073,0
0.544926853447498,0.8686106270673254,0.13969533258107655,7.473610447801688,0.5757059175287487,0
0.523473483763963,0.8685724738000767,0.15397417100465294,9.499363638586141,0.5744670836236393,0
0.5258925190126686,0.8685696496631916,0.14099936890064255,9.297531147755,0.5657786343950026,0
0.5191797468595639,0.8685618214303528,0.1627556602862531,5.758845466402005,0.5638799209198313,0
0.5295026155239023,0.8690741418519504,0.09315518716055195,32.347527881387855,0.5210770240519503,0
0.5138099446195618,0.868552029379083,0.16840404055888766,8.486461250530457,0.6147795914854244,0
0.5304112299923083,0.8686092343932099,0.12908018224791368,10.305664955269771,0.5580358142666207,0
0.5484037735074493,0.8685801518720219,0.14981855854665038,8.545119462226824,0.5341375090066687,0
0.4473669572825483,0.8684651001779251,0.13757876189232096,7.147536971240946,0.5764299034441763,0
0.4824604239249073,0.868524712542906,0.1756361877953989,7.236608310973922,0.5461176221283727,0
0.5028622217580586,0.868541434464746,0.14560338072237786,10.56572311549945,0.5799887033439807,0
0.4653272190654043,0.8684928612824964,0.12918184218729106,15.099143835899572,0.5487521330810051,0
0.504056759882213,0.8685471247380416,0.1492819769513975,9.884738347575418,0.575575930063017,0
0.5409802053923317,0.8685858107789116,0.1516638340021801,8.1758891675325,0.5662786969166257,0
0.5111925479650369,0.8685527438254447,0.16489891225449563,8.181563068346593,0.5216709355560073,0
0.5394413244578576,0.8685731871498173,0.15654623590541947,9.199100886817146,0.5482388466535616,0
0.5201340958288223,0.8685620638791844,0.16517374714121194,7.786846342205743,0.5782407966494421,0
0.5280987868059647,0.8685793454766909,0.15885661232220546,8.419834544551724,0.5749909188612601,0
0.5548302297353943,0.868621846800099,0.12496133610732035,14.639182583306107,0.5639256190120606,0
0.5667509524759361,0.8686333507138659,0.14859820990833258,9.700682816376025,0.545594466255283,0
0.5132606016070617,0.8685628054608309,0.1600573483071373,5.3458669791851054,0.5700445280473541,0
0.5452373980084557,0.8685926818789214,0.1144380277146478,23.97693361507668,0.5893833786176694,0
0.565878411998166,0.869680837716252,0.0996218374227431,0.45528440926292013,0.5800023705216543,0
0.5204021953884383,0.8685824384848706,0.14020458411589312,6.93387651903129,0.5598763268411803,0
0.47208310884679433,0.8684937621773677,0.1566256134574271,47.406270085772476,0.5257677678900897,0
0.5122362256167313,0.8685549382722783,0.17744761961717215,7.2979323846409905,0.5755546064159454,0
0.5161077812611486,0.8685646418590843,0.14182059848079567,15.479512233394134,0.5749141110150013,0
0.4792585777798603,0.8685087563801336,0.1421912358073073,8.53058364534202,0.5415439017642613,0
0.5716920693698063,0.8685937759279927,0.1285700645085665,7.0990793520001425,0.525610259334068,0
0.5144246360803414,0.8685586798616752,0.11796706271961138,23.934409523642206,0.5309373497191013,0
0.530860507411683,0.8685708951934252,0.14130767838479077,10.979374270495518,0.572191370827846,0
0.5298647416693153,0.868602631683344,0.10512500922945141,39.75563438366945,0.6229680075723983,0
0.4706420057831077,0.8684558162488627,0.1404417980319534,9.432530352664552,0.5703907484244236,0
0.5364398978004677,0.8685665585643664,0.14276567833692536,12.31636908845946,0.5694404479519043,0
0.5412583653800417,0.8686012886553103,0.11402248860080903,15.1086076119983,0.622818513894353,0
0.5588045104157373,0.8685976369542083,0.13759093305822157,10.941064428397967,0.6103437764419464,0
0.5222572817620397,0.8685699269504533,0.1362484814784286,10.212885642578723,0.539011632536733,0
0.5074356339239193,0.868553623308307,0.16569178749099434,8.05543983190869,0.55646828947061,0
0.47218168042221337,0.8685006618570826,0.15821403326286806,8.370691469202674,0.6394183054480372,0
0.540441567512612,0.8685962541628213,0.15136270647273217,13.554890411468074,0.6260274982254387,0
0.5355488537827889,0.8685639619896693,0.1474633090379279,13.31474422246947,0.6044122394473497,0
0.5071936957997479,0.8685502684272407,0.12724665953409767,13.687688388554697,0.586579745076958,0
0.4500096817384813,0.8683903208679347,0.17925861911737537,6.337993148072521,0.5338399382339927,1
0.49206763389546465,0.8684696220053864,0.16211434885722706,7.674009606195301,0.562047304957348,1
0.5222866864217304,0.868611982508916,0.14114185019620587,10.93582125592892,0.5472979335566796,0
0.537316890920259,0.8686419714051284,0.16050732091770445,9.762593970502154,0.5594602404848077,0
0.5127365364145343,0.8685650248835014,0.12125578065569996,15.75521053805684,0.5740350268033557,0
0.5201040613781867,0.8685808487357284,0.138987438226059,9.849799678071404,0.5591055034868594,0
0.5118868289493533,0.8685532164649136,0.10629114926669632,38.40604867832459,0.566458768597219,0
0.5482507780804643,0.868653329868375,0.13396544632827367,12.61098325764773,0.5858330086759783,0
0.5151404353817487,0.8685667856950604,0.14759841449025268,11.908548156797341,0.5726475552729701,0
0.392257841220613,0.8669423520194179,0.14738875683130762,4.176369783937342,0.5605282904100201,0
0.6983411496734147,0.8693937930361447,0.09649986780455207,85.18580528061322,0.6559143578656147,0
0.5356453401478544,0.8687504634593893,0.10424054753320124,49.977730124351616,0.5652334151959654,0
0.5907400303811859,0.8687727939597664,0.11706263099198626,8.097026567492819,0.581163593609015,0
0.5374759819487727,0.8686359554467593,0.12770875502324616,16.088102377345493,0.5648342256745983,0
0.723013484365198,0.8689279262762414,0.1287512365448704,10.05859535335647,0.6357544101488249,0
0.5668977229855651,0.868783793141485,0.10935643439364727,21.830689065743808,0.5776504037933287,0
0.5493193709275274,0.8686929130409196,0.10602079477140099,23.17064681171498,0.580213084989999,0
0.38931883490152197,0.8681986730235444,0.17419080981161883,5.076667352068858,0.5439350437842824,0
0.4579234990381247,0.8683264628085173,0.12102160295936337,8.80264154749203,0.5621946960880136,0
0.48534657933753494,0.8683435531640283,0.09740748389630864,42.14156124960506,0.5266154165882839,0
0.5927794578258037,0.8690363191996197,0.11134638856887752,63.65599332949214,0.5589554601291363,0
0.48283879399752233,0.8685099629278543,0.12378564537210875,16.52773089843955,0.5318630785262274,0
0.5221099402765507,0.8685448756306299,0.114558322139044,8.12131032987119,0.5450922792688183,0
0.567627885175516,0.8688222669258856,0.1261304897440926,39.34226143533145,0.574569904686101,0
0.5870116303266343,0.868809774799038,0.10656140129585634,35.64707270256156,0.5917163656138343,0
0.5585680415414157,0.8686648170908207,0.1471552187791409,8.368130268797858,0.5760669302117417,0
0.36038845635042166,0.8683021115720386,0.15060710002305863,7.674134364377623,0.5541961987951036,0
0.609488766250777,0.8688813832636093,0.11620470311957687,16.603866891560884,0.5757880066252653,0
0.510795325747181,0.868565808194712,0.12872837021161632,16.92874611534264,0.560924349594906,0
0.5126700262758334,0.8685634354024443,0.15556661254122892,9.6658234159576,0.531036855887141,0
0.48481379784490136,0.868476283720828,0.1568488451679666,8.839074438769474,0.5389200355909064,0
0.29929649781499396,0.8651605654225177,0.12901224920634966,22.32775202462632,0.5469888991549183,0
0.47593906852528295,0.868467947967403,0.11186991991171276,23.9601593392963,0.5391737191377983,0
0.5532569168468187,0.868902506799852,0.09862639483407304,61.00753411199199,0.5754825992244187,0
0.5809109469933326,0.8688010718811018,0.10853140304094466,14.161802181765237,0.5594570285420764,0
0.5093585934202464,0.8685535505531433,0.1495916599510386,9.005207839747106,0.5475626269090007,0
0.4897290863709067,0.8684309102666576,0.10165935980610957,47.39804099306853,0.553661073468161,0
0.51015900963094,0.8685796468847847,0.11552422040734388,19.743335933049856,0.5387586572798043,0
0.5191786392719956,0.868581597578712,0.12348375962057419,17.498731394218726,0.6249296077285337,0
0.552359402001489,0.8686140477984964,0.11859606338257829,19.440642851812843,0.6266991174083992,0
0.580393979778573,0.8686306876791209,0.13916367391803838,11.625509834534808,0.573297121527658,0
0.5389841912304657,0.8686952664249586,0.1334356649910782,7.81593051794981,0.5489794306092436,0
0.5176284662544917,0.8686094526709316,0.09978208965086903,50.21512643835003,0.48554535355493234,0
0.36019207230279937,0.8678845724318224,0.1897149347660644,6.3542639596524495,0.554779899876877,1
0.509730289982356,0.8685733376981603,0.1454085657336588,8.786618112561298,0.5547770706095473,0
0.5428604262793096,0.868660117993297,0.14900772370828683,7.970484425918713,0.5751950160739653,0
0.512257438111042,0.8685614275778436,0.12293643334242303,14.417843706883612,0.5315933707958503,0
0.5205846174133127,0.8685865291085944,0.134623257110865,11.003304960211118,0.5849270647674624,0
0.5181216813286084,0.8685861905156721,0.11172792190136253,32.40118819068394,0.587183292958997,0
0.5442632791255136,0.8686473689962617,0.12038949433500117,16.553424802777208,0.542235688745218,0
0.512589668753733,0.86856060618682,0.14116469186140093,9.862870397733671,0.5721412911434163,0
0.48280550387529936,0.8682298490501646,0.1553326277562249,4.586231467443461,0.5767600194217802,0
0.5197702068692907,0.8686654691599256,0.10169164127040088,39.314652788409994,0.509862434293706,0
0.5671792386741267,0.8688484222887881,0.1065180105009829,36.59503103615117,0.5482998336120654,0
0.5106618975427744,0.8685152567387711,0.11007396344172493,5.997874370983366,0.5867474190284331,0
0.557087773494433,0.8686523515465246,0.12114410646011177,19.392740321654294,0.568191637209193,0
0.7466344790929264,0.8690082934867297,0.12616441078548304,13.751849313592892,0.6966754028047536,0
0.629609715424998,0.8689052151567416,0.10880270361685696,22.954964530568375,0.637403713165435,0
0.552120891942692,0.8686976536043577,0.10607485427333174,21.38916102696915,0.5820556069742217,0
0.5662578376019539,0.8686283096075916,0.1208886780229473,21.765990064982603,0.6925034217207147,0
0.4215538884961743,0.8672706631422357,0.12605210230336808,10.504676471803823,0.5577369139921364,0
0.4862428251729563,0.8683035168639467,0.1353073608314944,6.707709156443933,0.5644515014932057,0
0.3958553049019537,0.8679321378681637,0.11153182279507456,11.382308913865215,0.5481685476201177,0
0.5211767737119083,0.8686693598679547,0.09603076964023104,45.77671945934081,0.547787794074153,0
0.5990564489672333,0.8691121313587494,0.09717251083989187,84.40711975918997,0.5697805439115634,0
0.5253605413016403,0.8685883357975129,0.12998976033996587,14.664974437739229,0.6061269237070074,0
0.514476482132167,0.868589185285646,0.1046501860631344,12.464366884260764,0.570768864644978,0
0.5307753772513336,0.868738437278055,0.12924974952910212,9.664858455641854,0.5917843419443537,0
0.5654303369721106,0.8687432872416646,0.10476896751334847,39.66059120228419,0.5719120633540774,0
0.5575332261040556,0.8686526862964977,0.1443164646181907,13.278318217412213,0.549814349610379,0
0.46941180049792236,0.8684439349633234,0.13771916525786806,7.373730844797836,0.5453883030122469,0
0.5554447207010084,0.8687114791368793,0.11261181139418654,14.996163808696684,0.5700507406445766,0
0.5138762028010713,0.8685669957719462,0.12200078530504622,10.895090384840794,0.5837024583020832,0
0.509743904705934,0.868558923297686,0.1646700538894234,8.760260728923857,0.5673943997827277,0
0.475094030799246,0.868406335926473,0.1498663261978251,8.169102354458127,0.5764731478476813,0
0.5237940277419894,0.8686434840966709,0.1329167426400749,13.670084012899782,0.559533122956377,0
0.5255285584004082,0.8685249634587987,0.1171622504796027,17.669644050129154,0.5839077867494934,0
0.5447071193434089,0.8688486114001991,0.09788863801192477,68.49267946326651,0.5366080749973093,0
0.5776570784935751,0.8687390697637243,0.10897650676872937,11.865922753602236,0.5564411583014763,0
0.5192611181991836,0.8685651073136104,0.15287046833803472,11.067683352060191,0.5350856382577743,0
0.369460995704584,0.86774237832397,0.12708781887369072,61.55040875981419,0.5540404147141323,0
0.39797930614939664,0.8683249851826013,0.1489326865351564,12.173623446600876,0.5409337375251501,0
0.5182853868663716,0.8685846907730963,0.12186730643296036,19.849948825003224,0.6187807654111573,0
0.5455992626476777,0.868590340937139,0.13342416033669877,13.7887938246394,0.6458320503151204,0
0.563470530179983,0.868608967222309,0.14591930084010526,9.19288741023055,0.567354016555754,0
0.5359846478076741,0.8686658801841234,0.1402745026935774,7.037179934280087,0.5659516516174734,0
0.5094232063382753,0.8684909449783627,0.1003936202963795,53.21441089247628,0.619702850170193,0
0.32291845513548034,0.8676060769731757,0.1627402519437403,4.946844331241349,0.514681789111771,1
0.38162516279352404,0.8682707035163877,0.15517708120814122,6.43187653320148,0.5448963035760976,1
0.47010218392121866,0.8684575249564838,0.18450213640298507,6.1386334955995725,0.5283811106952255,1
0.5073696071257077,0.8685737870291387,0.15014294867225583,8.380937062952146,0.5556574095394734,0
0.5650355961181723,0.868707390358927,0.12898954941225457,13.222389836156623,0.560968559250821,0
0.4947996273289727,0.8684938517810531,0.1213443540612853,14.093207607290424,0.5211783636477837,0
0.5414670433507051,0.8686242364842102,0.12784438213703195,9.239494821789396,0.528744361564775,0
0.5179710829816536,0.8686068123048659,0.11472320712313426,33.88032585481094,0.596459027767341,0
0.5429084561177687,0.8686512618740146,0.11716265398640617,20.714477096480003,0.5982033809555439,0
0.5095038558632573,0.8685514044570843,0.1283199851857276,15.49066522562326,0.5785113930165663,0
0.575379938841154,0.8687491322298516,0.13644594503100493,9.921240538902968,0.5887332614657983,0
0.651716393554206,0.8691102468440753,0.10529777328514954,32.73053607552028,0.6193645909108086,0
0.5840757690070227,0.8689020643259623,0.10562124495156831,36.00570057346311,0.5899660719145733,0
0.5309580381620473,0.868577103357703,0.1237527910004479,5.570618783180073,0.5941004412957603,0
0.49607711627952406,0.8685297704617024,0.1218672474721107,16.85630566448644,0.5396339517555,0
0.6702913863487527,0.868973082956996,0.10931296814625717,27.810111857166053,0.635342609775517,0
0.6947476204999304,0.8691061980143243,0.10785990024230953,31.846403851895857,0.6680961235068437,0
0.5492694876487589,0.8686882287719673,0.10415464679590297,28.390858010071256,0.5649045761669066,0
0.5725129645199297,0.8687265421042517,0.10777332798272177,36.256563415733204,0.5967704744196547,0
0.6984847128663759,0.869108577910438,0.11557838550135326,30.371850362201176,0.6082087585413479,0
0.5461057952771203,0.8687172101790442,0.12032290358188157,19.661207121344628,0.576981947722939,0
0.5998616550421431,0.8687187626683303,0.1207778776938311,23.104629813894434,0.6176650783554313,0
0.45981289232089967,0.8682801286591967,0.11031243518700672,16.851730428748976,0.5458808938490819,0
0.49865601040582536,0.8683841407816059,0.09533758455818614,42.23230535491295,0.582512004500639,0
0.6149772326418836,0.8691478457500943,0.0984018377154024,79.51597673586043,0.3967886700623164,0
0.5521862771219324,0.8686749414370083,0.13522643946543508,13.027373508370529,0.5854355025207604,0
0.528521090856792,0.868688406478744,0.1132021793484634,11.493135283443387,0.568778217852704,0
0.5605241738548433,0.8688517397059657,0.11428480908307244,19.643482061542894,0.6051244650990376,0
0.582768561035758,0.8687291262639469,0.10793557363898332,32.3178934048694,0.5932578103750981,0
0.5443322983178206,0.8686393900710843,0.12971576179210328,14.111851520597957,0.5675361053786007,0
0.5134996667800567,0.8685540648983281,0.12895561731322486,6.0696937014558685,0.575777774526644,0
0.5448347861954937,0.868664597512776,0.1274496906180349,10.931426571288412,0.5770434595311634,0
0.5197144944731813,0.8685845043205439,0.12254646921744,11.542892670244274,0.5516440686324883,0
0.5362380254428897,0.8685827374136693,0.1452024506348071,10.26737063250675,0.5272522368926583,0
0.5225481037831173,0.8685920562900217,0.15376659876140003,9.610747759892229,0.5593974060787487,0
0.55659929791635,0.8687275803534217,0.10681037797344606,40.09623983439626,0.7060719281697141,0
0.5879821069536737,0.8687437983675794,0.118651050414481,14.261160568298708,0.587406408084306,0
0.5440277088385487,0.8688661308897139,0.10075821783759575,53.7807051017386,0.5598029547936877,0
0.546453191018032,0.8686504627804542,0.11363937253578023,12.765927490751723,0.5593808685422523,0
0.527846230827278,0.868581050632776,0.1444985218438587,10.906541932244593,0.565557161797522,0
0.5310591039354723,0.868623266110073,0.13013755578469924,16.201330191208143,0.6870264878919357,0
0.47142517397250666,0.8684845218863383,0.1767428814042903,9.682425557907056,0.5816367530521354,0
0.525656195016873,0.8685848118107508,0.13494773470193588,14.433094849048432,0.5295937121498816,0
0.45569823283181105,0.8685143109788567,0.1632705097526518,7.335383334504197,0.5299743042310874,0
0.5910754673712367,0.868626841516031,0.12680644021031998,14.778091983176136,0.5506589166185053,0
0.5367334679650583,0.8686816772973845,0.13700633101152834,6.644908267188337,0.558208740589744,0
0.527602262189976,0.8687735758963101,0.1044672956669721,34.858972002829724,0.5724593563983483,0
0.4462417507862453,0.868400502923238,0.1700341225327194,5.6322733819430635,0.517642714238411,1
0.4623828478964083,0.8681827554247414,0.1473649846975776,15.07504040357869,0.631993574517286,0
0.5128474124680543,0.8685527783616277,0.1179559911274119,16.829939771325613,0.571818391815457,0
0.540399096747061,0.8686590641467893,0.12027874683609396,17.814946596265827,0.6448395962105627,0
0.4866043851164393,0.868486389558472,0.12123351736056008,26.283641918449316,0.4865888085368533,0
0.5439950422480554,0.8686596754774506,0.1178674200762046,20.17179008259152,0.593798266247567,0
0.5131413773637618,0.8685580506134323,0.12673877404011977,13.914770834507687,0.5730387992891367,0
0.5177732773472407,0.8684421074580451,0.1393290022841661,5.334188010627711,0.5442881192150487,0
0.674086790520643,0.8692101893294853,0.09866935549651133,62.84293110278662,0.7394198140026838,0
0.5703511194432767,0.868855103038606,0.10884653115097316,31.55287160125378,0.5877440068971816,0
0.4137766252251647,0.8677817602180556,0.12086650673812442,6.39637236204218,0.5376578227826577,0
0.5586845144973447,0.8686359336785356,0.12239018124243778,18.427425711782426,0.6114921298928707,0
0.620366468941237,0.8688872488137697,0.11206655288634822,23.772587039040747,0.6307334153028036,0
0.731798827996489,0.8691502500658034,0.1084342521931786,31.555928497118718,0.6251601950836126,0
0.5504068582528016,0.8686949321049724,0.10568628746554214,23.498192276026614,0.5833614945846223,0
0.584967273183667,0.8687711527777701,0.1063127181064084,40.32142316005659,0.6104583072332166,0
0.6576504795211413,0.8690508397902837,0.10359444164015084,34.326585576235345,0.6470206551087713,0
0.5859987102748784,0.8688921241379807,0.10668017062807907,18.44830328263122,0.5670370528988063,0
0.5895674064073351,0.8687327789759749,0.11228448251879092,29.127638234610554,0.6225870110347793,0
0.6575136472645183,0.8689299463816044,0.12195637720742418,15.343118519705914,0.6179488004209387,0
0.811379646049581,0.8688724151419877,0.12766467139543713,9.748772316589283,0.7275615018879623,0
0.5412138337173967,0.8686419807054978,0.11037777439446257,16.825203811241554,0.554179989234775,0
0.5083451927815567,0.8683368595519126,0.09451744939451327,87.87898272021988,0.622540968733729,0
0.6200948895837596,0.8691562325906537,0.10106888321168267,52.9473750879733,0.6057684482790556,0
0.5432397259187529,0.8686461142519745,0.13201040311935078,13.669826278696808,0.6008467647797303,0
0.5276133169887363,0.868713316926347,0.10232555801786425,39.566914304362705,0.6382862394065506,0
0.5766405807524904,0.8689165125600103,0.1066481905329222,30.284141430513262,0.5657578906791166,0
0.5561081740081436,0.8686739202842079,0.1106065282396957,24.901048097845962,0.5744793637756526,0
0.5453000880199957,0.8686485065725811,0.12388690387688793,16.380451301766357,0.5729888425314896,0
0.4958421789238054,0.8684529998061513,0.16883848672441903,6.682559618172864,0.6840944073542197,0
0.5893828190974196,0.8687585001797077,0.11994567340281743,11.558615718193758,0.554560828100257,0
0.5322298839883727,0.8685962259941453,0.13412788306457404,8.795375156970838,0.5499416684418164,0
0.5341451199287447,0.868581801560282,0.13551615405398934,13.87831269232213,0.5859704750017704,0
0.510643761934071,0.868559581711769,0.1369830880858881,8.929009751792401,0.5677637491463167,0
0.5463555037734343,0.8687413179035586,0.09829462312319857,133.2626412679259,0.5835120914272349,0
0.582207788268836,0.8687551124943537,0.11286313738130456,17.196158928115796,0.593747398878996,0
0.5426200556644084,0.8687896045813126,0.10313182967076988,44.26828750709173,0.5539599298644237,0
0.5477877623731734,0.8686579341190136,0.105923844464594,12.43209268523576,0.560436874200947,0
0.5408507795189427,0.8685968519282857,0.13483185640141193,12.013762967625514,0.5694350956975701,0
0.560691796342336,0.8687497013989843,0.13070680538920457,25.525789679080315,0.6888469294270466,0
0.402567261473928,0.868415320493177,0.13618972313041625,13.973711224410135,0.6071920875471877,0
0.52801613202078,0.8685984988779331,0.14397912115156067,11.340160316177803,0.5527207816357347,0
0.46799243199186935,0.8685269569076194,0.17090950351149314,6.810227589782016,0.543628046548824,0
0.5708489757684124,0.8686143321638187,0.13961270247476518,11.4363012531336,0.5682624125298154,0
0.5433852029639836,0.8687929088516467,0.13253796591418468,5.3798955022738415,0.5627771399871336,0
0.5234259079165939,0.8686478098598643,0.10405777864762127,35.52438888882906,0.6428185195445612,0
0.43797540773129634,0.8682079743764434,0.1779473547830895,6.782847058834583,0.5421952556280877,1
0.506090627983461,0.868564161928882,0.11512892005538773,16.816030285606416,0.563539257938237,0
0.5140742282030757,0.8685589512167001,0.1312094740019981,10.785805766963747,0.5461916184064356,0
0.5294789130111467,0.8686089098778079,0.11537017305030162,19.602909296878313,0.5285293421375137,0
0.4959607447089133,0.8684774289429816,0.1226462005247731,24.003979520074605,0.6115157067663174,0
0.537484071065566,0.8686357460015603,0.12175508048633503,15.765926124739307,0.534359960353425,0
0.520594223226306,0.8685666909850753,0.1185737688720928,18.23666497049091,0.6017631834350458,0
0.5559609247539717,0.8686228571685612,0.13903497658112104,6.225318941183211,0.5781109178613516,0
0.678247256554754,0.8691725537831066,0.10804379046635876,30.736270324609237,0.636360301428428,0
0.50949321488536,0.8686006794062587,0.11112905168627096,25.639024390621227,0.5920154699193386,0
0.5314136270035513,0.8686279027391728,0.12570352609234056,6.475219746373268,0.579613355179137,0
0.5178369673314559,0.8685658794173263,0.12422179204150492,16.57377175399769,0.5345800286293457,0
0.6187801573665227,0.8689071915575867,0.11298341906384374,23.409273692252675,0.6226586434659026,0
0.6718323130340093,0.8690101761065073,0.10936746936954074,28.732511281286026,0.6559294455640666,0
0.5600971747787483,0.8687193431533867,0.10742635779742138,37.949696241255694,0.6108443823095709,0
0.6227588201917004,0.868966622067767,0.10211087238047074,39.364936113406095,0.6685350442291643,0
0.5063827802081503,0.8685880178956163,0.11067184357711184,14.626023651119661,0.6113580206758217,0
0.5693934929223753,0.868717870237577,0.1036697066096358,49.29560980999493,0.615849939048303,0
0.5840005977399674,0.8686560183499816,0.13733406049186772,5.738212542294611,0.5734329621166233,0
0.9682757374397223,0.8691005308786842,0.14042922002388036,11.736537643309552,0.676216007744663,0
0.5796872933472237,0.868622596233652,0.18634806761587983,3.112115100143014,0.579084011732435,0
0.5559470007055104,0.8687191769487219,0.10673423235873279,41.27600166295099,0.6411089838876967,0
0.2886842633806213,0.868279985524209,0.426043663619945,1.037303312450101,0.571858339953495,0
0.5467900315455236,0.8686558601200259,0.11524924252289222,15.812400022880217,0.578422637450602,0
0.5281647511422021,0.8686877527344357,0.09340003804712925,116.73093566910583,0.7244647570989461,0
0.6067999918059277,0.8690321231590197,0.11116197153300113,19.245357840308984,0.7618084594341333,0
0.5440246003245144,0.8686097154912468,0.14246604962083767,11.608967851891066,0.6158547861243807,0
0.491309255061627,0.8685612394961106,0.09845529929580231,59.462682714984226,0.5383910273454481,0
0.5724208055478907,0.8688847742058966,0.1054701356615529,34.81254691706996,0.5759007001731273,0
0.548575802776945,0.868620897106434,0.11123734535057243,22.216129418028608,0.5438521575295671,0
0.543144268343092,0.8686375828471093,0.13210214097596554,12.134731481771539,0.5760332081760837,0
0.49808694129789527,0.8685146959695235,0.134983295269722,6.321096589140974,0.4561830874681187,0
0.590735821898409,0.8687240326840252,0.12804832556211856,9.88390293176096,0.6104560802550872,0
0.5259510046924897,0.8685897924050154,0.12533221490382007,10.691901033735334,0.5934463906339861,0
0.5133864766242308,0.8685624404333173,0.14548044738387766,11.165301991462975,0.571596150229491,0
0.45869409691418966,0.868204851441804,0.14221396624138036,10.039387199571285,0.587337201590233,0
0.6108421202065877,0.8689985414437733,0.13994412144115595,21.92859694919607,0.7314874876555714,0
0.5688646243493919,0.868683621903587,0.11540300171118743,12.510399184537379,0.5559159311924257,0
0.5432013134259074,0.868804866449703,0.1032606265147031,41.30943614900345,0.607719759404163,0
0.4848134413585326,0.868486124733577,0.10972579053760957,11.99880512706915,0.5701502316988121,0
0.5246983291652437,0.8685718306410033,0.1427413930546945,11.117175782835904,0.6127473012847021,0
0.6061092100663243,0.8689140752497666,0.13956549536827192,16.453467959272547,0.694986577315451,0
0.3818905146841567,0.868152672711385,0.16379389107343353,7.37155522534717,0.5678671582137796,0
0.5290846798062631,0.8685907623751804,0.1368553061587471,11.894340883919217,0.581530623730147,0
0.5392530772875787,0.86856416674653,0.1770171963460223,7.576566178510777,0.5915677595435883,0
0.5712359769674693,0.8686136160799007,0.13509936323433255,11.95470428388384,0.6366088263311901,0
0.519284049810338,0.8686275057195324,0.13034239950789583,5.893815169001377,0.5643591818477777,0
0.508761973716945,0.8685030827959297,0.11079153511329858,22.980841450140844,0.45509810260275735,0
0.5523955601882297,0.8687162340726985,0.15095945780531425,11.0141512954376,0.6426909646864827,0
0.209749945173992,0.8677421654006356,0.26859732784294804,5.058062988153788,0.6133476691663886,1
0.3234641715176137,0.868236419765918,0.23011642834972548,5.021774794139634,0.571615377031074,1
0.35495906549711903,0.8676488982717093,0.23086139932131133,3.7502257052707617,0.5400878413019363,1
0.5722642032944963,0.868622183007735,0.16271385803860852,10.253897519577706,0.5236417991911234,0
0.5172250581043224,0.8686090312566993,0.1035302044136816,7.139439857464416,0.570753673147954,0
0.589829243341074,0.868626061908209,0.13759045377043508,8.648817091639746,0.5612967145462623,0
0.5453774048844192,0.8685889670821904,0.13726361751404995,6.944748166536754,0.569337312906538,0
0.5838112341484704,0.8689724462039633,0.12020051427727213,8.160455125535659,0.5550382573222387,0
0.45989478972072373,0.8683145324601567,0.15030436536195396,5.594829207924827,0.552231382823563,0
0.539077012249444,0.8686740243664586,0.12293657703000936,6.988280709204355,0.5817944255124491,0
0.5322615948942794,0.868703602310534,0.10240074928959386,10.091961640700008,0.5623927416435297,0
0.5493664538272655,0.8686730420903412,0.14093901736426806,9.592481165369398,0.5699687185784527,0
0.574702455030902,0.868812920600242,0.11538115498656099,8.713985960928133,0.599756061244361,0
0.5647617559628053,0.8687680358341382,0.12889786955093013,7.778462112906867,0.5799910879274204,0
0.5424079659645606,0.8686347192953933,0.14565138890142204,3.9920973635486083,0.5644314634669824,0
0.54797589152298,0.8688659402885173,0.12743754809485883,7.014390684783231,0.577480076199006,0
0.5986378152155449,0.8687422168826141,0.13515599638180267,9.499600085560779,0.5650055392013796,0
0.5343231724933903,0.8686228339390629,0.11973528707644714,9.70875056882858,0.567245547036148,0
0.5546788226869787,0.868687914729165,0.11577606367414571,15.279933594529165,0.5768270070186263,0
0.5473146581945519,0.868658036203819,0.12046742419979956,22.626325733695033,0.542187849782955,0
0.6255778957330927,0.8690003513562222,0.10861866473413366,43.56041650150349,0.6504686737214054,0
0.51154367213802,0.8685603355193247,0.11971303865048094,6.9886388217818025,0.571850289980062,0
0.5496970124315103,0.8686652583356009,0.1393405752926572,8.37436534861097,0.589008185478178,0
0.6363698294013452,0.868970547666749,0.11474535544395609,13.963646724007578,0.5844483811871131,0
0.5609312602183844,0.868668543360635,0.10904167118347723,23.769501256653157,0.5543259144492073,0
0.5048300799003167,0.8685747022766493,0.13315826069716027,8.86993879153081,0.5121359661266637,0
0.5991529230593837,0.8690844847922138,0.11866231343434613,11.86145274532557,0.599609982717927,0
0.5478108272720917,0.8686362627081606,0.13131280557151995,10.749576453154509,0.5607517921448203,0
0.651128397420221,0.869010686839346,0.10750251111676996,23.2078094276136,0.6002924068739554,0
0.494547971006541,0.8684543710439786,0.16524460543370967,3.786970044407449,0.5899852094014834,0
0.6000568495851194,0.8687432088803823,0.1352384362618867,12.78404121624634,0.6186527089940737,0
0.5277609778760827,0.8685927311295076,0.13273383234561856,13.594513681182198,0.5715744143189166,0
0.6055549162453534,0.8689917540901767,0.13376889790109697,9.372328874524792,0.585401637044926,0
0.5744358319094763,0.86876968337215,0.1334468640922325,9.664019288338077,0.5698895486998764,0
0.605809855845973,0.8687531928859596,0.14057111413369885,18.28479130228797,0.5352514802482627,0
0.496941047207249,0.868479048869815,0.10981231507475393,16.653412771720614,0.5446623270773544,0
0.4820219644352713,0.8684926126109387,0.14260858812469432,8.092705113558406,0.521190229872092,0
0.5173148891624088,0.8685375783285059,0.14827697784739674,6.6561246722216305,0.549102147250529,0
0.5400322085481003,0.8685710441985736,0.16228125016943165,7.323025683150052,0.546157118160462,0
0.6240157715586083,0.8687688886436987,0.11675479544900347,19.702276707923705,0.6677634328199297,0
0.563689995192253,0.8687327257234649,0.11712942139325323,18.77285718364532,0.5856727856347943,0
0.5505025876192521,0.868655283295365,0.12930692507843702,12.904527394197618,0.5658013508329457,0
0.5747081587497663,0.8686597441424994,0.15927285593999346,6.828999359951718,0.5575602839664721,0
0.5961725508882847,0.868852023558926,0.12535500782590045,10.852185502463584,0.58623262279758,0
0.5888066773310433,0.8687454452260056,0.0999537876805442,25.09467807304406,0.5953634158553633,0
0.6434774063592036,0.8688354423837964,0.13963610067911336,8.70816908685261,0.587049939446826,0
0.6076976977184043,0.8688418040840706,0.1236182766342974,12.726101349484797,0.5844157071807937,0
0.6731053028799007,0.8696865704141686,0.10057593891165863,48.377396401492355,0.554964477009917,0
0.6021596606881418,0.8687259694318218,0.14877216461254417,11.86118490250093,0.6033751146890852,0
0.6358409751512913,0.8689088869189711,0.11777958300222675,22.347988545465984,0.638573225754086,0
0.555160080457628,0.868643757648485,0.13391930629933774,4.5477640715449485,0.5459025368689251,0
0.5959061390460983,0.8687839501348816,0.10736211736344319,33.42694932425954,0.574554637292705,0
0.6001363406595727,0.8687798069158167,0.1258942661244914,13.128939885700266,0.5661398651704302,0
0.537642133304676,0.8686413200000977,0.13847051167669314,8.609649711634752,0.567271222440706,0
0.61620399622917,0.868909008195225,0.11966911206716367,14.062837051120306,0.6253443466020084,0
0.5465387127656394,0.8686252530816704,0.1437616287176992,12.745896253681622,0.546068690558748,0
0.5401186702681146,0.8686195046944624,0.18075012039348712,6.03824082601812,0.570241935924403,0
0.5665936603399899,0.8687506268410717,0.11097693241235894,26.07337342421356,0.6315113381358244,0
0.5717573297413839,0.8687200195581014,0.12777701623813903,8.829113793103362,0.5970825981163316,0
0.5864571892021857,0.8686595933995136,0.1360980465493485,8.24873528020405,0.5778318508715713,0
0.3239049415778133,0.8679799531342954,0.17669159023454908,6.608016663574902,0.514411220684022,0
0.5552897377475124,0.868660085004375,0.15490303097648847,6.511418123167235,0.5604961233384954,0
0.5267061534647727,0.8685892293432483,0.14448724842769675,9.866059856103943,0.5546693232840884,0
0.6067086764286156,0.8688634738584186,0.1120009250141386,14.236814189204232,0.5811071331018117,0
0.5674801282972349,0.8686634842258543,0.16331279059808249,9.461635924419223,0.60095353318375,0
0.48786696703100035,0.8684574312151129,0.1537158989732321,4.675029156500477,0.5393594636925396,0
0.570296320901816,0.8688151437317257,0.12105512981887301,15.756136088954111,0.5046266202756924,0
0.526435544914388,0.8684209803328002,0.1668361716095623,5.959828961564958,0.5662694577729009,0
0.6044898242149327,0.868889953418713,0.10645281929967669,16.18263125256764,0.6009959594063407,0
0.5650140013151417,0.8686514362354546,0.1295686494585764,8.080634169721383,0.5844526824765587,0
0.5299417289967637,0.8686935920173541,0.11021489580081252,14.508374921976209,0.590288205230999,0
0.5295554903651324,0.8686693248606051,0.12788986866965907,32.9713965893597,0.5717126219101779,0
0.5676277627714162,0.8686756773801884,0.13849429567930915,10.683294485797692,0.585362614593525,0
0.5323960256208493,0.8686022584315544,0.16042521188646414,7.816537787582329,0.5644409777521703,0
0.5932316753456147,0.8686825656467909,0.12634406195779338,8.010619748930608,0.5645785580211263,0
0.5552487481074383,0.8686379517366557,0.12041187128177573,12.760993519413894,0.5742133155992343,0
0.5516868804741843,0.8687039742320076,0.14215376520000694,6.575026943957924,0.5759770404912654,0
0.526535314552946,0.8685903491654573,0.1391176482880531,6.718004505692188,0.5740506074634709,0
0.539645312560373,0.8686048865103814,0.14718079120270502,7.385773922465154,0.5670190237487613,0
0.515365549087056,0.868565828398492,0.11409836938774114,12.203309476975685,0.5590322751156266,0
0.5947738173792577,0.868921577083596,0.13513376247670406,7.495594104549197,0.5740639236873744,0
0.5154301830488116,0.8685702724753127,0.1251977277761449,7.7689711451401395,0.5395369395865373,0
0.5346678348550498,0.8685921915201881,0.14893214382687026,8.171116408113688,0.5607153913658126,0
0.5352517650144167,0.8686434187523654,0.1284454991550277,11.68380139201103,0.560576870535449,0
0.511675606233381,0.8685554123844507,0.13841114699708335,7.2365353900285,0.5684910885093833,0
0.5528944303890266,0.8686805277874193,0.11041059675496336,25.119600022390284,0.5666294647583734,0
0.516297663830252,0.8685855311290184,0.104520974405653,25.321396164160763,0.5215409639678309,0
0.5437763317762506,0.8687043686489703,0.13502941361104726,8.199711116482378,0.5725505857290164,0
0.5232738524038734,0.8686258600235804,0.15187886183109325,7.1068062509663985,0.5667928487507433,1
0.575210942668651,0.8686002919472312,0.140951274645724,10.252816828561963,0.5504240169102094,0
0.5138471106350674,0.8685808432294989,0.12477112782281304,6.5233424662284305,0.5528679460423688,0
0.5463822344301317,0.8685862751360949,0.1574962964434922,6.768572637707166,0.5756543249357343,0
0.6157238607475127,0.8689618599366279,0.11320163682314859,13.337507289186155,0.5901419517521397,0
0.481750388400775,0.868470387909832,0.15606319842093172,6.095406295148155,0.542002891768962,0
0.5586045098182796,0.8688394195001353,0.11805461350966671,5.1482070722759685,0.5719808564516066,0
0.48062543798308166,0.8684418134539813,0.10336875339294427,9.935435017147192,0.5523904038738043,0
0.5785444936885037,0.868735400407576,0.138223826682261,11.534423265081971,0.6297636311189687,0
0.5578274459513314,0.8687186379530347,0.1257258646526168,8.598768729007366,0.5697091863850171,0
0.545388814896582,0.8688176933634093,0.11090023844370249,9.26269153466909,0.5597595773397269,0
0.5208590007053701,0.8686705703206,0.11745989362507103,4.425423968127247,0.5646439572307003,0
0.5636366468798847,0.868688126814964,0.1395766253900429,7.281620216907981,0.565781845107512,0
0.5254891880887347,0.8686149202470137,0.11496416582964647,10.960457468023218,0.569763835070182,0
0.5191420201278524,0.8686322770841137,0.12027842322822983,13.660777770507858,0.5830540680875013,0
0.5275818852848206,0.8686228586254626,0.12533267354230285,14.471032759589065,0.5445136558222013,0
0.562820790228188,0.868958096464245,0.10041493114438306,82.34117105235651,0.579717065854907,0
0.5494527911845051,0.8686797673167744,0.12795765267337947,7.579467010503268,0.559725944348763,0
0.6268145121742653,0.8689219757515234,0.10486599948487783,18.726999856668886,0.6002046700282659,0
0.5748170540639674,0.8687060023084764,0.13175923704623324,11.545969824037153,0.586386075646951,0
0.5207664355277369,0.8686882272999864,0.15732592113320654,6.187970154411486,0.604828163649683,0
0.4276160773400213,0.867677057094332,0.1301714359286966,5.013250494779115,0.5553812444234963,0
0.566014207131209,0.868654488315438,0.1330438732136551,8.619266872766124,0.630854191082598,0
0.6595333945650633,0.8689324413370506,0.1110421840956014,20.593969717325106,0.633948892240733,0
0.46741902965164134,0.8682206485572944,0.1518919661571918,7.138625316756556,0.5460205668664236,0
0.6251227444634005,0.868823509930841,0.16222691592989466,7.371480102783687,0.6508592560351264,0
0.57885137109418,0.8686522100447213,0.10839085437044349,27.58541089429185,0.5614678054136933,0
0.5503979560177225,0.8686820317460754,0.14026247033676284,8.451862225856582,0.576306165991331,0
0.39794607777379837,0.8683538759940491,0.14605317825744102,11.124005683236485,0.5185775715749413,0
0.47597124833602206,0.8684372730458909,0.14918193811050573,11.605834711360584,0.5757482879399932,0
0.5546729390800387,0.8686818247100736,0.1283989659031576,10.99596038044104,0.5453031077604612,0
0.457428328988898,0.8677625419793156,0.11638071419486122,2.8854957281982103,0.5410686143248643,0
0.541162923071672,0.868571663375262,0.14670262405830664,7.6143733074895845,0.5651716607752947,0
0.423406351713048,0.8683075936223684,0.1350409520754377,7.179425675664709,0.5630907502873633,0
0.5158184456970937,0.8685729873909303,0.1362247596133089,8.865009142439359,0.5728730379504606,0
0.555874861853295,0.8686758791101529,0.11026956567954972,24.22800776034763,0.5450195015834073,0
0.60696440655681,0.8688787648220956,0.12291414615740281,14.277066792947908,0.6501726190282623,0
0.4883418315952313,0.8684781990778884,0.1416649213977305,6.3608074179931045,0.5457194932143034,0
0.560160031902419,0.8686608527693647,0.14300558625175838,8.806662032778334,0.5567386514716507,0
0.5300083510758433,0.8686034473925773,0.1332054059791925,17.63842450208694,0.5528816667832054,0
0.5088175407600003,0.8685502817210949,0.14533586015928004,7.9743631074366625,0.5914097848233677,0
0.65587722906295,0.8688042978886763,0.11858492181597953,12.286671160991007,0.582197003355951,0
0.47357098761957667,0.8684369693799049,0.11361720695833936,17.220109811213586,0.5644812117856133,0
0.5257599002832151,0.8686651962947773,0.09649988206749606,47.42769113562843,0.5213018039141687,0
0.541278231047395,0.8692148755279683,0.1241884857792546,3.3898656951190076,0.554894485136035,0
0.5887452874833103,0.868751487349396,0.12431130443150652,17.02400566022569,0.589257521871275,0
0.555049594543973,0.8688092689772846,0.11478874695307924,36.752954310679534,0.5922462324542916,0
0.5854072027359937,0.8687940182662209,0.13536515010402608,11.040267455456842,0.580880153985877,0
0.589410955670176,0.8688242177100077,0.12300377149360743,16.896040852780338,0.5959187927722672,0
0.5138799485172524,0.8685910727997955,0.12982960812368027,7.846157379892867,0.584115124156605,0
0.5114076321635806,0.8685760448805127,0.1455778924237287,6.391812874213458,0.558098697193913,0
0.6023843830185099,0.8687971624195064,0.11272063945590882,18.025948777269207,0.613771494043265,0
0.5582024768669079,0.8687045028123443,0.1160181952861722,26.3143393090878,0.5456499074459283,0
0.6832835750951579,0.868774862483241,0.12192235651280674,16.754089395280623,0.652651657519583,0
0.5353888152211851,0.8687386949378751,0.11644686833439367,15.204648205291786,0.5525173351247047,0
0.566311308023015,0.868673728647125,0.1367023525416536,11.248411667071581,0.5891857575110707,0
0.5642167921339599,0.868593702112929,0.1336083141833979,9.779503114370423,0.5677421400197694,0
0.5127497069285913,0.8685430405993123,0.1416776849541382,6.2956522974785,0.5303563971060624,0
0.5324947301554287,0.8685917804324697,0.13151824305640605,12.69356952680595,0.5844287702818948,0
0.5062672556632807,0.8685586822646391,0.12006750320766574,19.3533690699697,0.6483450749710603,0
0.45640247424815267,0.8682414753505537,0.1235060613837781,11.560258293926026,0.4842486357547764,0
0.301886402306043,0.867898085640132,0.13021747960670685,33.181572772764845,0.5806992279860382,0
0.509874474690229,0.8685339381933431,0.16630003641150007,3.63337014083595,0.5597918765797657,0
0.5563643232969994,0.8686355053368406,0.1389761994774477,5.180641815270745,0.5756564118014701,0
0.5263666098553483,0.8685848221228692,0.14668907422797925,9.392104232743357,0.5371060835232799,0
0.58493274200699,0.8687770232690707,0.11103117146425201,20.098536646519488,0.6046256571676907,0
0.5786096468900755,0.8688194088481994,0.1345087836683225,6.567590704768396,0.5712037862605613,0
0.6635610485484921,0.8688390298794456,0.13538841397216497,10.74285483126221,0.6007990159894383,0
0.5418275740598957,0.8687252119010337,0.12076642461751917,11.797336800029008,0.5628535581227414,0
0.5043958652127277,0.8685007747923841,0.16382241186332552,6.822008677637312,0.5537576626226547,0
0.638051053522749,0.868916649517408,0.11337614910783354,13.682985361511008,0.5985054378328937,0
0.5667781057325594,0.8686797116998973,0.13130070182062503,8.524899531635002,0.584716608283674,0
0.4720912392904957,0.8684340768702338,0.1119676179803226,13.626358015073212,0.5657689038640736,0
0.5802355058232007,0.868801241459716,0.1151506790353531,21.194891785686398,0.556861132508408,0
0.5782882961692636,0.8687160924537997,0.1308446742099599,10.679415010462355,0.5680399459138584,0
0.5146262142059014,0.8685739320907274,0.14933060516284216,8.14878918763678,0.585988775941105,0
0.5180254182534875,0.8685909602783507,0.10844492502039693,7.049937494556435,0.5355094530723087,0
0.5432558812662226,0.8686331378366843,0.11171690236339743,20.66320181790014,0.5594892017449493,0
0.5392814251727707,0.8686545871467097,0.15021871553932406,9.368480387878918,0.5378628538158107,0
0.5342482152377407,0.8686145620272457,0.11052987409485393,13.689396846481232,0.560705148823812,0
0.5332471496698776,0.8685853503880847,0.15359997286137006,11.573675263499824,0.562026709997146,0
0.483243739417784,0.868352577992145,0.13516800353487093,3.3112153800385498,0.5547475400294863,0
0.6195438163085417,0.8686391432762027,0.1438346477152744,11.388313546733333,0.615642700047942,0
0.550584633869538,0.8688292302120689,0.12311599319662074,13.199427464529958,0.5709094173757236,0
0.526338227256013,0.8685927257760424,0.11382542683626277,10.252189391364393,0.5528577840139514,0
0.5116085808849423,0.8685247621669768,0.14581067284245994,5.878668685941286,0.5648754228106764,0
0.5254617472709994,0.868577369764389,0.13695967875776624,8.58350477554578,0.5618745747674297,0
0.5125340885183464,0.8685779481318129,0.12733627341585765,8.666509619721879,0.556876034476783,0
0.5090355889807983,0.8685674226394546,0.1053732291047282,39.846547917677185,0.5578279384630114,0
0.5400731889096367,0.868657681491682,0.12278080654852493,11.03449405986376,0.611502680256976,0
0.5375684908276126,0.8712888384331444,0.0965747698295469,55.73940263141777,0.5495777908235641,0
